awb,order,ship_date,erp_freight_usd,op_shipping_cost_inr,fob_declared_usd
,C-43-35444-21,2026-07-15,0.0,10904.6,107.83
,C-43-35444-21,2026-07-15,0.0,10904.6,107.83
,C-43-35444-21,2026-07-15,0.0,10904.6,107.83
,C-43-35444-21,2026-07-15,0.0,10904.6,107.83
,C-43-39685-21,2026-07-15,0.0,3644.7,27.42
,C-43-39685-21,2026-07-15,0.0,3644.7,27.42
794840965228,C-43-39685-21,2026-07-15,23.37,3644.7,27.42
,C-43-39685-21,2026-07-16,0.0,3644.7,27.42
,C-43-39685-21,2026-07-16,0.0,3644.7,27.42
794841037804,C-43-39431-21,2026-07-16,61.34,5636.9,143.03
794841266770,C-43-40404-21,2026-07-16,61.02,5879.1,47.82
794841266677,C-43-40583-21,2026-07-16,31.15,3001.1,0.0
794841266758,C-43-40810-21,2026-07-16,20.57,3915.5,30.0
794841266714,C-43-40486-21,2026-07-16,37.83,3644.7,31.84
794841266725,C-43-40906-21,2026-07-16,20.57,5153.0,80.59
794841447850,C-43-42439-21,2026-07-17,50.97,4911.3,92.93
794841447909,C-43-41772-21,2026-07-17,48.46,4669.2,89.5
794841447791,C-43-40670-21,2026-07-17,71.06,6846.9,130.92
794841447622,C-43-42628-21,2026-07-17,71.06,6846.9,89.1
874568147575,C-43-41983-21,2026-07-18,37.86,3644.7,43.3
874568154084,C-43-42521-21,2026-07-18,31.17,3001.1,23.25
874568122468,C-53-7871541-22,2026-07-18,63.58,6121.2,73.81
874568169180,C-43-42806-21,2026-07-18,37.86,3644.7,23.63
874568122137,C-43-40200-21,2026-07-18,53.52,5153.0,68.79
874568138099,C-43-41590-21,2026-07-18,120.54,11605.7,155.17
874568132951,C-43-41171-21,2026-07-18,35.04,3373.7,33.79
874568119244,C-43-39577-21,2026-07-18,177.09,0.0,124.63
874568137644,C-43-41552-21,2026-07-18,58.55,5636.9,115.99
874568166743,C-43-42678-21,2026-07-18,130.91,12604.1,131.48
874568149810,C-43-42150-21,2026-07-18,68.6,6605.1,104.46
874568136762,C-43-41391-21,2026-07-18,120.54,11605.7,342.05
874568131360,C-43-41013-21,2026-07-18,58.55,5636.9,117.31
874568117024,C-43-39349-21,2026-07-18,43.48,4186.6,62.79
874568116576,C-43-39262-21,2026-07-18,40.67,3915.5,44.48
874568161410,C-43-42599-21,2026-07-18,43.48,4186.6,179.82
874568164453,C-43-42614-21,2026-07-18,43.48,4186.6,66.58
874568167956,C-43-42755-21,2026-07-18,23.73,2284.4,43.95
874568155275,C-43-42332-21,2026-07-18,43.48,4186.6,52.63
874568119634,C-43-39889-21,2026-07-18,110.17,10606.9,180.08
874568158263,C-43-42420-21,2026-07-18,24.66,2374.2,21.85
874568138879,C-43-41654-21,2026-07-18,40.67,3915.5,68.88
874568144668,C-4103604353,2026-07-18,35.04,2687.6,25.75
874568148620,C-43-42001-21,2026-07-18,43.48,4186.6,47.7
874568162016,C-43-42605-21,2026-07-18,24.66,2374.2,21.39
874568133914,C-43-41192-21,2026-07-18,48.5,4669.2,76.16
874568157587,C-43-42391-21,2026-07-18,53.52,5153.0,61.46
874568144040,C-43-41846-21,2026-07-18,32.23,3103.0,222.88
874568133822,C-43-41783-21,2026-07-18,40.67,3915.5,40.16
874568159443,C-43-42459-21,2026-07-18,68.6,6605.1,137.69
874568152964,C-43-42280-21,2026-07-18,103.25,9941.1,135.31
874568124541,C-43-40456-21,2026-07-18,237.83,22898.1,564.69
874568147049,C-43-41984-21,2026-07-18,53.52,5153.0,85.6
874568168128,C-43-42725-21,2026-07-18,32.23,3103.0,28.9
874568114643,C-53-7871442-22,2026-07-18,106.71,10274.0,198.1
874568155930,C-43-42371-21,2026-07-18,53.52,5153.0,68.38
874568121358,C-43-40104-21,2026-07-18,40.67,3915.5,50.93
874568169823,C-43-42833-21,2026-07-18,53.52,5153.0,52.67
874568164041,C-43-42607-21,2026-07-18,48.5,4669.2,44.63
874568124243,C-43-40398-21,2026-07-18,37.86,3644.7,32.85
874568142713,C-43-41834-21,2026-07-18,58.55,5636.9,110.8
874568126030,C-43-40602-21,2026-07-18,141.28,13602.9,254.22
874568140813,C-43-41736-21,2026-07-18,21.4,2060.6,26.57
874568145436,C-43-41978-21,2026-07-18,103.25,9941.1,235.21
874568129988,C-53-7871585-22,2026-07-18,27.91,2687.6,21.66
874568149589,C-43-42011-21,2026-07-18,169.49,16318.9,214.22
874568155069,C-43-42593-21,2026-07-18,27.91,2687.6,34.12
874568115102,C-43-38892-21,2026-07-18,58.55,5636.9,41.31
874568140581,C-43-41711-21,2026-07-18,117.08,11272.8,232.03
874568127404,C-53-7871572-22,2026-07-18,27.91,2586.9,22.47
874568122582,C-43-40273-21,2026-07-18,106.71,10274.0,119.65
874568169709,C-43-42809-21,2026-07-18,37.86,3644.7,45.26
874568151707,C-43-42163-21,2026-07-18,89.42,8609.7,165.83
874568118373,C-43-39763-21,2026-07-18,51.01,4911.3,48.1
874568120925,C-43-40085-21,2026-07-18,40.67,3915.5,58.56
874568113636,C-43-38765-21,2026-07-18,51.01,4911.3,69.13
874568130135,C-43-40790-21,2026-07-18,35.04,3373.7,47.94
874568164317,C-43-42664-21,2026-07-18,56.04,5395.2,56.67
874568118329,C-43-39516-21,2026-07-18,31.17,3001.1,39.31
874568127963,C-43-40703-21,2026-07-18,31.17,3001.1,15.58
874568132002,C-43-41067-21,2026-07-18,56.04,5395.2,73.52
874568150939,C-43-42160-21,2026-07-18,43.48,4186.6,55.68
874568139100,C-43-41692-21,2026-07-18,51.01,4911.3,40.6
874568135870,C-43-41306-21,2026-07-18,120.54,11605.7,156.94
874568127080,C-43-40646-21,2026-07-18,336.61,0.0,423.13
874568143352,C-43-41837-21,2026-07-18,37.86,3644.7,36.27
874568133487,C-43-41237-21,2026-07-18,27.91,2687.6,0.0
874664222251,C-43-43081-21,2026-07-21,20.73,1771.4,2.0
874664226338,C-4088515682,2026-07-21,36.23,0.0,41.5
,C-43-41162-21,2026-07-21,0.0,2711.8,71.72
,C-43-41732-21,2026-07-21,0.0,5932.0,54.25
,C-43-42146-21,2026-07-21,0.0,5199.7,93.71
,C-43-42315-21,2026-07-21,0.0,9023.2,152.02
,C-43-41204-21,2026-07-21,0.0,13053.8,287.79
,C-43-42284-21,2026-07-21,0.0,9694.8,116.7
,C-4103408295,2026-07-21,0.0,8687.4,136.05
,C-4104618768,2026-07-21,0.0,2079.2,27.57
,C-43-42107-21,2026-07-21,0.0,6420.4,80.51
,C-43-41835-21,2026-07-21,0.0,3130.9,48.73
,C-43-42316-21,2026-07-21,0.0,2711.8,69.63
,C-43-41815-21,2026-07-21,0.0,4224.4,50.51
,C-4105932769,2026-07-21,0.0,10030.9,192.45
,C-43-42785-21,2026-07-21,0.0,4224.4,51.13
,C-43-41548-21,2026-07-21,0.0,3130.9,32.44
,C-43-42907-21,2026-07-21,0.0,4224.4,44.44
,C-43-42261-21,2026-07-21,0.0,6420.4,67.18
,C-43-42390-21,2026-07-21,0.0,5687.9,153.86
,C-43-42525-21,2026-07-21,0.0,3950.9,32.83
,C-43-42050-21,2026-07-21,0.0,10702.7,131.39
,C-43-42530-21,2026-07-21,0.0,3404.1,94.15
,C-43-43157-21,2026-07-21,0.0,3404.1,256.23
,C-43-42002-21,2026-07-21,0.0,4711.3,43.99
,C-43-41744-21,2026-07-21,0.0,12046.3,155.78
,C-43-42297-21,2026-07-21,0.0,4955.6,119.87
,C-43-41230-21,2026-07-21,0.0,3404.1,46.35
,C-43-42621-21,2026-07-21,0.0,3404.1,45.96
,C-4102191791,2026-07-21,0.0,10702.7,176.68
,C-43-42236-21,2026-07-21,0.0,4955.6,100.04
,C-43-37832-21,2026-07-21,0.0,0.0,484.88
,C-43-42673-21,2026-07-21,0.0,3404.1,23.77
,C-43-42689-21,2026-07-21,0.0,6420.4,96.4
874689529898,C-4104050934,2026-07-21,71.87,0.0,56.05
,C-43-42694-21,2026-07-21,0.0,9023.2,99.36
,C-43-42714-21,2026-07-21,0.0,9694.8,84.36
,C-43-42718-21,2026-07-21,0.0,9023.2,88.21
,C-43-42432-21,2026-07-21,0.0,3028.2,75.38
,C-43-42613-21,2026-07-21,0.0,4711.3,54.26
,C-43-41875-21,2026-07-21,0.0,6908.6,78.43
,C-43-41922-21,2026-07-21,0.0,11038.5,116.23
,C-43-41330-21,2026-07-21,0.0,3404.1,72.95
,C-43-42823-21,2026-07-21,0.0,16097.0,295.29
,C-43-42533-21,2026-07-21,0.0,3028.2,65.98
,C-43-39614-21,2026-07-21,0.0,2711.8,27.22
,C-43-42587-21,2026-07-21,0.0,11710.5,113.32
,C-43-42814-21,2026-07-21,0.0,5199.7,46.18
,C-43-42423-21,2026-07-21,0.0,3950.9,43.5
,C-43-41356-21,2026-07-21,0.0,5443.8,61.04
,C-43-39856-21,2026-07-21,0.0,6176.4,98.55
,C-43-41359-21,2026-07-21,0.0,4224.4,38.37
,C-43-42535-21,2026-07-21,0.0,6176.4,92.96
,C-43-41773-21,2026-07-21,0.0,4224.4,42.35
,C-43-42197-21,2026-07-21,0.0,4955.6,77.17
,C-43-43016-21,2026-07-21,0.0,4955.6,81.66
,C-43-42784-21,2026-07-21,0.0,4224.4,33.35
,C-43-40060-21,2026-07-21,0.0,4955.6,111.61
,C-43-42860-21,2026-07-21,0.0,3677.6,36.36
,C-43-41792-21,2026-07-21,0.0,3950.9,42.48
,C-43-41804-21,2026-07-21,0.0,6664.6,97.5
,C-43-39871-21,2026-07-21,0.0,4224.4,51.95
,C-43-43081-21,2026-07-21,0.0,1771.4,2.0
,C-43-39245-21,2026-07-21,0.0,3950.9,36.61
,C-43-42397-21,2026-07-21,0.0,4711.3,39.35
,C-43-40540-21,2026-07-21,0.0,6664.6,150.21
,C-43-42178-21,2026-07-21,0.0,6664.6,142.39
,C-43-41248-21,2026-07-21,0.0,5199.7,77.66
,C-43-42748-21,2026-07-21,0.0,4224.4,38.83
,C-43-41197-21,2026-07-21,0.0,10702.7,145.96
,C-43-42940-21,2026-07-21,0.0,3677.6,28.44
,C-43-38988-21,2026-07-21,0.0,5443.8,38.07
,C-43-42738-21,2026-07-21,0.0,2395.6,38.1
874690297350,C-43-42397-21,2026-07-21,48.96,4711.3,39.35
874690189922,C-43-41835-21,2026-07-21,32.54,3130.9,48.73
874690145989,C-43-41359-21,2026-07-21,43.9,4224.4,38.37
874690098946,C-43-39871-21,2026-07-21,43.9,4224.4,51.95
874690101660,C-43-40060-21,2026-07-21,51.5,4955.6,111.61
874690082568,C-43-38988-21,2026-07-21,56.57,5443.8,38.07
874690205028,C-43-41922-21,2026-07-21,114.71,11038.5,116.23
874690237630,C-43-42146-21,2026-07-21,54.03,5199.7,93.71
874690398153,C-43-42823-21,2026-07-21,167.28,16097.0,295.29
874690138704,C-43-41330-21,2026-07-21,35.37,3404.1,72.95
874690091529,C-43-39614-21,2026-07-21,27.13,2711.8,27.22
874690117603,C-43-41197-21,2026-07-21,111.22,10702.7,145.96
874690198401,C-4103408295,2026-07-21,90.28,8687.4,136.05
874690095329,C-43-39856-21,2026-07-21,64.18,6176.4,98.55
874690122705,C-43-41204-21,2026-07-21,135.65,13053.8,287.79
874690444204,C-4104050934,2026-07-21,71.87,0.0,56.05
874690348744,C-43-42673-21,2026-07-21,35.37,3404.1,23.77
874690177252,C-43-41804-21,2026-07-21,69.26,6664.6,97.5
874690183306,C-43-41815-21,2026-07-21,43.9,4224.4,50.51
874690394066,C-43-42814-21,2026-07-21,54.03,5199.7,46.18
874690335549,C-43-42587-21,2026-07-21,121.69,11710.5,113.32
874690410239,C-43-42907-21,2026-07-21,43.9,4224.4,44.44
874690250763,C-43-42197-21,2026-07-21,51.5,4955.6,77.17
874690233680,C-4104618768,2026-07-21,21.61,2079.2,27.57
874690175400,C-43-41792-21,2026-07-21,41.06,3950.9,42.48
874690430046,C-43-43157-21,2026-07-21,35.37,3404.1,256.23
874690376034,C-43-42748-21,2026-07-21,43.9,4224.4,38.83
874690423309,C-43-43016-21,2026-07-21,51.5,4955.6,81.66
874690427337,C-43-43081-21,2026-07-21,20.78,1771.4,2.0
874690160029,C-43-41744-21,2026-07-21,125.18,12046.3,155.78
874690221002,C-4105932769,2026-07-21,104.24,10030.9,192.45
874690126160,C-43-41230-21,2026-07-21,35.37,3404.1,46.35
874690366743,C-43-42718-21,2026-07-21,93.77,9023.2,88.21
874690113321,C-43-41162-21,2026-07-21,27.13,2711.8,71.72
874690355286,C-43-42689-21,2026-07-21,66.72,6420.4,96.4
874690312169,C-43-42525-21,2026-07-21,41.06,3950.9,32.83
874690244106,C-43-42178-21,2026-07-21,69.26,6664.6,142.39
874690289340,C-43-42316-21,2026-07-21,27.13,2711.8,69.63
874690320811,C-43-42533-21,2026-07-21,30.3,3028.2,65.98
874690142339,C-43-41356-21,2026-07-21,56.57,5443.8,61.04
874690130265,C-43-41248-21,2026-07-21,54.03,5199.7,77.66
874690088316,C-43-39245-21,2026-07-21,41.06,3950.9,36.61
874690078040,C-43-37832-21,2026-07-21,247.77,0.0,484.88
874690372278,C-43-42738-21,2026-07-21,24.89,2395.6,38.1
874690151230,C-43-41548-21,2026-07-21,32.54,3130.9,32.44
874690384640,C-43-42785-21,2026-07-21,43.9,4224.4,51.13
874690256901,C-43-42236-21,2026-07-21,51.5,4955.6,100.04
874690363332,C-43-42714-21,2026-07-21,100.75,9694.8,84.36
874690317403,C-43-42530-21,2026-07-21,35.37,3404.1,94.15
874690420354,C-43-42940-21,2026-07-21,38.22,3677.6,28.44
874690344900,C-43-42621-21,2026-07-21,35.37,3404.1,45.96
874690164300,C-43-41773-21,2026-07-21,43.9,4224.4,42.35
874690326268,C-43-42535-21,2026-07-21,64.18,6176.4,92.96
874690340618,C-43-42613-21,2026-07-21,48.96,4711.3,54.26
874690282850,C-43-42315-21,2026-07-21,93.77,9023.2,152.02
874690379397,C-43-42784-21,2026-07-21,43.9,4224.4,33.35
874690107326,C-43-40540-21,2026-07-21,69.26,6664.6,150.21
874690264325,C-43-42261-21,2026-07-21,66.72,6420.4,67.18
874690273580,C-43-42297-21,2026-07-21,51.5,4955.6,119.87
874690155707,C-43-41732-21,2026-07-21,61.64,5932.0,54.25
874690307917,C-43-42432-21,2026-07-21,30.3,3028.2,75.38
874690302021,C-43-42423-21,2026-07-21,41.06,3950.9,43.5
874690210542,C-43-42002-21,2026-07-21,48.96,4711.3,43.99
874690216882,C-43-42050-21,2026-07-21,111.22,10702.7,131.39
874690404678,C-43-42860-21,2026-07-21,38.22,3677.6,36.36
874690361373,C-43-42694-21,2026-07-21,93.77,9023.2,99.36
874690227515,C-43-42107-21,2026-07-21,66.72,6420.4,80.51
874690269923,C-43-42284-21,2026-07-21,100.75,9694.8,116.7
874690195012,C-43-41875-21,2026-07-21,71.79,6908.6,78.43
874690293490,C-43-42390-21,2026-07-21,59.11,5687.9,153.86
874690170339,C-4102191791,2026-07-21,111.22,10702.7,176.68
874695004451,C-43-42525-21,2026-07-21,41.06,3950.9,32.83
874694967351,C-43-42297-21,2026-07-21,51.5,4955.6,119.87
874694853812,C-43-41773-21,2026-07-21,43.9,4224.4,42.35
874694869970,C-43-41804-21,2026-07-21,69.26,6664.6,97.5
874694977915,C-43-42390-21,2026-07-21,59.11,5687.9,153.86
874694984825,C-43-42397-21,2026-07-21,48.96,4711.3,39.35
874694917298,C-4105932769,2026-07-21,104.24,10030.9,192.45
874695136129,C-43-43081-21,2026-07-21,20.78,1771.4,2.0
874694840455,C-43-41548-21,2026-07-21,32.54,3130.9,32.44
874695069996,C-43-42714-21,2026-07-21,100.75,9694.8,84.36
874695106836,C-43-42823-21,2026-07-21,167.28,16097.0,295.29
874695108931,C-43-42860-21,2026-07-21,38.22,3677.6,36.36
874694783043,C-43-39871-21,2026-07-21,43.9,4224.4,51.95
874695143142,C-43-43157-21,2026-07-21,35.37,3404.1,256.23
874695102348,C-43-42814-21,2026-07-21,54.03,5199.7,46.18
874694771852,C-43-39245-21,2026-07-21,41.06,3950.9,36.61
874695092939,C-43-42784-21,2026-07-21,43.9,4224.4,33.35
874694814414,C-43-41248-21,2026-07-21,54.03,5199.7,77.66
874694887464,C-43-41875-21,2026-07-21,71.79,6908.6,78.43
874695038655,C-43-42587-21,2026-07-21,121.69,11710.5,113.32
874694997273,C-43-42432-21,2026-07-21,30.3,3028.2,75.38
874694777541,C-43-39856-21,2026-07-21,64.18,6176.4,98.55
874695124787,C-43-42940-21,2026-07-21,38.22,3677.6,28.44
874694927704,C-43-42107-21,2026-07-21,66.72,6420.4,80.51
874694829461,C-43-41356-21,2026-07-21,56.57,5443.8,61.04
874694877213,C-43-41815-21,2026-07-21,43.9,4224.4,50.51
874694974364,C-43-42316-21,2026-07-21,27.13,2711.8,69.63
874694902825,C-43-41922-21,2026-07-21,114.71,11038.5,116.23
874695162711,C-4104050934,2026-07-21,71.87,0.0,56.05
874695048163,C-43-42621-21,2026-07-21,35.37,3404.1,45.96
874694845126,C-43-41732-21,2026-07-21,61.64,5932.0,54.25
874694849100,C-43-41744-21,2026-07-21,125.18,12046.3,155.78
874694931074,C-4104618768,2026-07-21,21.61,2079.2,27.57
874695073820,C-43-42718-21,2026-07-21,93.77,9023.2,88.21
874694825293,C-43-41330-21,2026-07-21,35.37,3404.1,72.95
874695065832,C-43-42694-21,2026-07-21,93.77,9023.2,99.36
874695056459,C-43-42689-21,2026-07-21,66.72,6420.4,96.4
874694798734,C-43-41197-21,2026-07-21,111.22,10702.7,145.96
874694796087,C-43-41162-21,2026-07-21,27.13,2711.8,71.72
874695033675,C-43-42535-21,2026-07-21,64.18,6176.4,92.96
874695117454,C-43-42907-21,2026-07-21,43.9,4224.4,44.44
874694958666,C-43-42284-21,2026-07-21,100.75,9694.8,116.7
874695042897,C-43-42613-21,2026-07-21,48.96,4711.3,54.26
874694809702,C-43-41230-21,2026-07-21,35.37,3404.1,46.35
874694805166,C-43-41204-21,2026-07-21,135.65,13053.8,287.79
874695089049,C-43-42748-21,2026-07-21,43.9,4224.4,38.83
874695054239,C-43-42673-21,2026-07-21,35.37,3404.1,23.77
874694913579,C-43-42050-21,2026-07-21,111.22,10702.7,131.39
874695131300,C-43-43016-21,2026-07-21,51.5,4955.6,81.66
874694942288,C-43-42178-21,2026-07-21,69.26,6664.6,142.39
874694908422,C-43-42002-21,2026-07-21,48.96,4711.3,43.99
874695080729,C-43-42738-21,2026-07-21,24.89,2395.6,38.1
874695016032,C-43-42533-21,2026-07-21,30.3,3028.2,65.98
874694867587,C-43-41792-21,2026-07-21,41.06,3950.9,42.48
874694989470,C-43-42423-21,2026-07-21,41.06,3950.9,43.5
874694951282,C-43-42261-21,2026-07-21,66.72,6420.4,67.18
874694935323,C-43-42146-21,2026-07-21,54.03,5199.7,93.71
874694832869,C-43-41359-21,2026-07-21,43.9,4224.4,38.37
874694949606,C-43-42236-21,2026-07-21,51.5,4955.6,100.04
874695098363,C-43-42785-21,2026-07-21,43.9,4224.4,51.13
874694764596,C-43-37832-21,2026-07-21,247.77,0.0,484.88
874694858858,C-4102191791,2026-07-21,111.22,10702.7,176.68
874694790744,C-43-40540-21,2026-07-21,69.26,6664.6,150.21
874694945894,C-43-42197-21,2026-07-21,51.5,4955.6,77.17
874695010983,C-43-42530-21,2026-07-21,35.37,3404.1,94.15
874694767036,C-43-38988-21,2026-07-21,56.57,5443.8,38.07
874694777655,C-43-39614-21,2026-07-21,27.13,2711.8,27.22
874694787965,C-43-40060-21,2026-07-21,51.5,4955.6,111.61
874694969538,C-43-42315-21,2026-07-21,93.77,9023.2,152.02
874694894341,C-4103408295,2026-07-21,90.28,8687.4,136.05
874694882966,C-43-41835-21,2026-07-21,32.54,3130.9,48.73
874716072652,C-43-41330-21,2026-07-22,35.37,3404.1,72.95
874716153237,C-43-42940-21,2026-07-22,38.22,3677.6,28.44
874716138650,C-43-42738-21,2026-07-22,24.89,2395.6,38.1
874716127696,C-43-42694-21,2026-07-22,93.77,9023.2,99.36
874716091945,C-43-42002-21,2026-07-22,48.96,4711.3,43.99
874716067193,C-43-41204-21,2026-07-22,135.65,13053.8,287.79
874716094598,C-43-42050-21,2026-07-22,111.22,10702.7,131.39
874716106014,C-43-42315-21,2026-07-22,93.77,9023.2,152.02
874716115247,C-43-42432-21,2026-07-22,30.3,3028.2,75.38
874716137892,C-43-42748-21,2026-07-22,43.9,4224.4,38.83
874716100358,C-43-42197-21,2026-07-22,51.5,4955.6,77.17
874716120213,C-43-42533-21,2026-07-22,30.3,3028.2,65.98
874716156979,C-43-43157-21,2026-07-22,35.37,3404.1,256.23
874716106871,C-43-42297-21,2026-07-22,51.5,4955.6,119.87
874716123039,C-43-42613-21,2026-07-22,48.96,4711.3,54.26
874716120452,C-43-42535-21,2026-07-22,64.18,6176.4,92.96
874716071932,C-43-41356-21,2026-07-22,56.57,5443.8,61.04
874716155527,C-43-43081-21,2026-07-22,20.78,1771.4,2.0
874716105268,C-43-42284-21,2026-07-22,100.75,9694.8,116.7
874716048165,C-43-38988-21,2026-07-22,56.57,5443.8,38.07
874716123680,C-43-42587-21,2026-07-22,121.69,11710.5,113.32
874716068719,C-43-41230-21,2026-07-22,35.37,3404.1,46.35
874716136793,C-43-42718-21,2026-07-22,93.77,9023.2,88.21
874716084380,C-43-41804-21,2026-07-22,69.26,6664.6,97.5
874716114284,C-43-42423-21,2026-07-22,41.06,3950.9,43.5
874716062835,C-43-41162-21,2026-07-22,27.13,2711.8,71.72
874716117397,C-43-42525-21,2026-07-22,41.06,3950.9,32.83
874716154520,C-43-43016-21,2026-07-22,51.5,4955.6,81.66
874716053521,C-43-39856-21,2026-07-22,64.18,6176.4,98.55
874716109517,C-43-42316-21,2026-07-22,27.13,2711.8,69.63
874716081028,C-43-41744-21,2026-07-22,125.18,12046.3,155.78
874716146305,C-43-42814-21,2026-07-22,54.03,5199.7,46.18
874716126830,C-43-42621-21,2026-07-22,35.37,3404.1,45.96
874716088331,C-43-41875-21,2026-07-22,71.79,6908.6,78.43
874716141807,C-43-42784-21,2026-07-22,43.9,4224.4,33.35
874716149565,C-43-42860-21,2026-07-22,38.22,3677.6,36.36
874716112167,C-43-42397-21,2026-07-22,48.96,4711.3,39.35
874716077985,C-43-41548-21,2026-07-22,32.54,3130.9,32.44
874716087909,C-43-41835-21,2026-07-22,32.54,3130.9,48.73
874716080341,C-43-41773-21,2026-07-22,43.9,4224.4,42.35
874716075570,C-43-41359-21,2026-07-22,43.9,4224.4,38.37
874716065422,C-43-41197-21,2026-07-22,111.22,10702.7,145.96
874716052319,C-43-39245-21,2026-07-22,41.06,3950.9,36.61
874716096774,C-43-42107-21,2026-07-22,66.72,6420.4,80.51
874716058968,C-43-40060-21,2026-07-22,51.5,4955.6,111.61
874716129037,C-43-42689-21,2026-07-22,66.72,6420.4,96.4
874716108830,C-43-42390-21,2026-07-22,59.11,5687.9,153.86
874716098034,C-43-42146-21,2026-07-22,54.03,5199.7,93.71
874716051871,C-43-39614-21,2026-07-22,27.13,2711.8,27.22
874716098207,C-43-42178-21,2026-07-22,69.26,6664.6,142.39
874716151473,C-43-42907-21,2026-07-22,43.9,4224.4,44.44
874716128052,C-43-42673-21,2026-07-22,35.37,3404.1,23.77
874716054907,C-43-39871-21,2026-07-22,43.9,4224.4,51.95
874716098917,C-43-42236-21,2026-07-22,51.5,4955.6,100.04
874716103298,C-43-42261-21,2026-07-22,66.72,6420.4,67.18
874716082745,C-43-41792-21,2026-07-22,41.06,3950.9,42.48
874716144059,C-43-42785-21,2026-07-22,43.9,4224.4,51.13
874716079278,C-43-41732-21,2026-07-22,61.64,5932.0,54.25
874716085891,C-43-41815-21,2026-07-22,43.9,4224.4,50.51
874716089132,C-43-41922-21,2026-07-22,114.71,11038.5,116.23
874716131508,C-43-42714-21,2026-07-22,100.75,9694.8,84.36
874716070877,C-43-41248-21,2026-07-22,54.03,5199.7,77.66
874716146945,C-43-42823-21,2026-07-22,167.28,16097.0,295.29
874716061817,C-43-40540-21,2026-07-22,69.26,6664.6,150.21
874716116493,C-43-42530-21,2026-07-22,35.37,3404.1,94.15
874724856895,C-43-37832-21,2026-07-22,247.77,0.0,484.88
874764948838,C-43-41335-21,2026-07-22,338.63,29385.0,34.0
874766958246,C-43-41335-21,2026-07-22,304.29,29385.0,34.0
874767532090,C-43-41335-21,2026-07-22,304.29,29385.0,34.0
,C-43-40125-21,2026-07-23,0.0,12640.32,286.1
,C-43-40125-21,2026-07-23,0.0,12640.32,286.1
874777929442,C-4104050934,2026-07-23,47.04,0.0,56.05
874777949639,C-4106100461,2026-07-23,96.92,5410.56,124.32
874779133262,C-4106100461,2026-07-23,96.92,5410.56,124.32
,C-43-40125-21,2026-07-23,0.0,12640.32,286.1
,C-43-40004-21,2026-07-23,0.0,3926.4,39.78
,C-53-7871519-22,2026-07-23,0.0,3111.36,22.08
874798139830,C-43-41091-21,2026-07-23,40.9,3926.4,55.16
874798135455,C-53-7871519-22,2026-07-23,32.41,3111.36,22.08
874798143843,C-53-7871614-22,2026-07-23,43.74,4199.04,58.29
874803692274,C-43-40498-21,2026-07-23,107.33,10303.68,226.69
874803820513,C-43-41857-21,2026-07-23,159.49,15311.04,185.38
874803919898,C-43-42685-21,2026-07-23,23.86,2290.56,59.79
874803858686,C-43-42260-21,2026-07-23,38.07,3654.72,29.46
874803896481,C-4111470112,2026-07-23,56.36,5410.56,55.03
874803876847,C-43-42478-21,2026-07-23,63.94,6138.24,82.08
874803869812,C-43-42441-21,2026-07-23,51.31,4925.76,72.08
874804089680,C-43-43350-21,2026-07-23,18.34,1760.64,6.63
874803731676,C-53-7871605-22,2026-07-23,28.08,2695.68,22.3
874803817962,C-43-41844-21,2026-07-23,43.74,4199.04,46.95
874803975074,C-43-42830-21,2026-07-23,93.42,8968.32,137.2
874803862900,C-4107379670,2026-07-23,93.42,8968.32,64.0
874803798459,C-43-41715-21,2026-07-23,56.36,5410.56,68.4
874803854706,C-43-42256-21,2026-07-23,27.02,2593.92,35.32
874803962372,C-43-42786-21,2026-07-23,56.36,5410.56,50.44
874803806645,C-53-7871668-22,2026-07-23,28.08,2695.68,13.7
874803754357,C-43-41112-21,2026-07-23,30.19,2898.24,31.46
874804109550,C-4094058792,2026-07-23,40.9,3926.4,41.18
874803757779,C-43-41231-21,2026-07-23,48.78,4682.88,84.66
874803850880,C-43-42219-21,2026-07-23,35.24,3383.04,57.54
874803767769,C-43-41381-21,2026-07-23,69.0,6624.0,135.09
874803927392,C-43-42692-21,2026-07-23,35.24,3383.04,44.03
874803950357,C-43-42732-21,2026-07-23,40.9,3926.4,23.76
874803640704,C-43-39496-21,2026-07-23,66.47,6381.12,113.56
874803738512,C-53-7871611-22,2026-07-23,63.94,6138.24,95.34
874804058338,C-43-43130-21,2026-07-23,23.86,2290.56,84.18
874804062661,C-43-43163-21,2026-07-23,35.24,3383.04,240.3
874804045897,C-43-43015-21,2026-07-23,23.86,2290.56,37.74
874803902951,C-43-42625-21,2026-07-23,24.8,2380.8,21.36
874803788631,C-43-41681-21,2026-07-23,43.74,4199.04,46.35
874803958119,C-43-42762-21,2026-07-23,27.02,2593.92,27.14
874803672938,C-53-7871534-22,2026-07-23,43.74,4199.04,50.34
874803684380,C-43-40469-21,2026-07-23,28.08,2695.68,66.54
874804020974,C-43-42946-21,2026-07-23,56.36,5410.56,43.76
874803779431,C-43-41635-21,2026-07-23,38.07,3654.72,99.08
874803998318,C-43-42873-21,2026-07-23,35.24,3383.04,145.62
874803727857,C-43-40835-21,2026-07-23,43.74,4199.04,34.87
874803966702,C-43-42797-21,2026-07-23,61.41,5895.36,0.0
874803915057,C-43-42672-21,2026-07-23,51.31,4925.76,46.97
874803696615,C-53-7871548-22,2026-07-23,28.08,2695.68,15.65
874804006168,C-43-42896-21,2026-07-23,53.83,5167.68,0.0
874803700806,C-53-7871561-22,2026-07-23,35.24,3383.04,23.44
874803894787,C-43-42567-21,2026-07-23,28.08,2695.68,22.32
874803775366,C-53-7871637-22,2026-07-23,89.94,8634.24,112.98
874803846936,C-43-42165-21,2026-07-23,69.0,6624.0,274.9
874803811118,C-43-41842-21,2026-07-23,71.53,6866.88,131.39
874803969995,C-4115909925,2026-07-23,53.83,5167.68,64.56
874803677080,C-43-40442-21,2026-07-23,43.74,4199.04,78.92
874803866180,C-43-42329-21,2026-07-23,23.86,2290.56,37.54
874804050110,C-43-43065-21,2026-07-23,40.9,3926.4,26.44
874804077860,C-43-43297-21,2026-07-23,18.34,1760.64,1.8
874804001729,C-43-42878-21,2026-07-23,51.31,4925.76,77.82
874803712052,C-53-7871576-22,2026-07-23,31.35,3009.6,31.55
874803647271,C-43-40125-21,2026-07-23,131.67,12640.32,286.1
874804116459,C-4106100461,2026-07-23,56.36,5410.56,124.32
874803988442,C-43-42847-21,2026-07-23,56.36,5410.56,61.42
874803787304,C-53-7871663-22,2026-07-23,53.83,5167.68,48.2
874803938621,C-4113336562,2026-07-23,38.07,3654.72,32.57
874804031478,C-43-43005-21,2026-07-23,40.9,3926.4,43.2
874803933582,C-43-42698-21,2026-07-23,27.02,2593.92,125.41
874803748649,C-53-7871615-22,2026-07-23,24.8,2380.8,24.86
874803930918,C-4114554499,2026-07-23,38.07,3654.72,38.04
874803771740,C-43-41444-21,2026-07-23,40.9,3926.4,28.51
874803813280,C-4102943361,2026-07-23,93.42,8968.32,77.68
874803843709,C-43-42134-21,2026-07-23,93.42,8968.32,148.37
874803992787,C-43-42866-21,2026-07-23,61.41,5895.36,46.19
874803906968,C-43-42641-21,2026-07-23,63.94,6138.24,43.48
874803821656,C-43-41864-21,2026-07-23,32.41,3111.36,28.11
874803723016,C-53-7871587-22,2026-07-23,40.9,3926.4,53.68
874803662503,C-53-7871519-22,2026-07-23,32.41,3111.36,22.08
874803974365,C-53-7871734-22,2026-07-23,28.08,2695.68,17.94
874803888807,C-43-42562-21,2026-07-23,89.94,8634.24,85.49
874803835295,C-43-42123-21,2026-07-23,35.24,3383.04,70.58
874804029099,C-43-42988-21,2026-07-23,35.24,3383.04,23.07
874803874259,C-43-42445-21,2026-07-23,21.53,2066.88,13.16
874804085684,C-43-43340-21,2026-07-23,18.34,1760.64,4.59
874803940448,C-43-42709-21,2026-07-23,43.74,4199.04,36.84
874804093178,C-43-43351-21,2026-07-23,18.34,1760.64,6.0
874804014269,C-43-42935-21,2026-07-23,48.78,4682.88,48.37
874804135866,C-43-41396-21,2026-07-23,254.54,0.0,563.26
874803838515,C-43-42129-21,2026-07-23,38.07,3654.72,75.1
874804099978,C-43-43356-21,2026-07-23,18.34,1760.64,4.8
874803802076,C-43-41737-21,2026-07-23,28.08,2695.68,24.96
874803719859,C-53-7871584-22,2026-07-23,56.36,5410.56,66.71
874803703849,C-53-7871574-22,2026-07-23,28.08,2695.68,10.01
874803953930,C-43-42745-21,2026-07-23,51.31,4925.76,46.72
874804017522,C-43-42938-21,2026-07-23,23.86,2290.56,55.04
874803750351,C-43-41108-21,2026-07-23,58.89,5653.44,36.68
874803827540,C-43-41913-21,2026-07-23,63.94,6138.24,61.08
874803764391,C-43-41300-21,2026-07-23,43.74,4199.04,34.13
874804067067,C-43-43179-21,2026-07-23,18.34,1760.64,1.8
874803910787,C-43-42650-21,2026-07-23,51.31,4925.76,45.47
874803667321,C-53-7871524-22,2026-07-23,71.53,6866.88,91.85
874803883530,C-4110433594,2026-07-23,53.83,5167.68,71.57
874803984870,C-43-42845-21,2026-07-23,40.9,3926.4,33.45
874803741769,C-53-7871614-22,2026-07-23,43.74,4199.04,58.29
874804081781,C-43-43307-21,2026-07-23,18.34,1760.64,4.8
874803630747,C-43-39185-21,2026-07-23,61.41,5895.36,49.46
874803899344,C-43-42612-21,2026-07-23,48.78,4682.88,64.21
874804009318,C-43-42910-21,2026-07-23,48.78,4682.88,36.93
874804119930,C-4108891101,2026-07-23,48.78,4682.88,50.31
874804070372,C-43-43255-21,2026-07-23,18.34,1760.64,9.0
874803644412,C-43-40004-21,2026-07-23,40.9,3926.4,39.78
874803735752,C-43-41042-21,2026-07-23,32.41,3111.36,28.27
874803945255,C-43-42712-21,2026-07-23,31.35,3009.6,33.98
874804040016,C-43-43010-21,2026-07-23,51.31,4925.76,48.23
874803831153,C-43-41936-21,2026-07-23,285.06,27365.76,169.43
874803742960,C-43-41091-21,2026-07-23,40.9,3926.4,55.16
874804073820,C-43-43287-21,2026-07-23,18.34,1760.64,1.8
874821804229,C-43-42852-21,2026-07-23,32.41,3107.52,38.35
874823543805,C-43-42852-21,2026-07-24,32.41,3107.52,38.35
874827600833,C-43-42852-21,2026-07-24,32.37,3107.52,38.35
874827607600,C-43-37832-21,2026-07-24,208.4,0.0,484.88
874836379075,C-43-42852-21,2026-07-24,32.41,3107.52,38.35
874837241112,C-43-43222-21,2026-07-24,48.78,4676.16,71.26
874846289556,C-43-39610-21,2026-07-24,40.85,3921.6,31.91
874846275814,C-43-37925-21,2026-07-24,51.23,4918.08,87.3
874846285322,C-53-7871446-22,2026-07-24,121.07,11622.72,150.6
874846293125,C-53-7871493-22,2026-07-24,31.31,3005.76,25.86
874846281110,C-53-7871411-22,2026-07-24,71.43,6857.28,87.76
874846298090,C-43-39964-21,2026-07-24,56.28,5402.88,73.01
874846581645,C-43-42943-21,2026-07-24,40.85,3921.6,25.29
874846438355,C-43-41810-21,2026-07-24,51.23,4918.08,54.82
874846614537,C-43-43164-21,2026-07-24,40.85,3921.6,44.28
874846661440,C-43-43390-21,2026-07-24,18.31,1757.76,10.8
874846390758,C-53-7871632-22,2026-07-24,38.02,3649.92,29.45
874846339278,C-43-40542-21,2026-07-24,38.02,3649.92,47.11
874846419794,C-43-41662-21,2026-07-24,24.77,2377.92,29.87
874846658525,C-43-43388-21,2026-07-24,18.31,1757.76,4.2
874846522624,C-43-42763-21,2026-07-24,43.68,4193.28,30.97
874846505106,C-43-42726-21,2026-07-24,48.71,4676.16,76.88
874846360126,C-43-40904-21,2026-07-24,48.71,4676.16,275.38
874846624972,C-53-7871792-22,2026-07-24,18.31,1757.76,1.2
874846607270,C-43-42986-21,2026-07-24,43.68,4193.28,57.38
874846463816,C-43-42528-21,2026-07-24,93.29,8955.84,46.72
874846622086,C-43-43237-21,2026-07-24,48.71,4676.16,147.08
874846542718,C-43-42822-21,2026-07-24,35.19,3378.24,29.75
874846332711,C-43-40371-21,2026-07-24,43.68,4193.28,77.86
874846528964,C-43-42802-21,2026-07-24,40.85,3921.6,41.6
874846430398,C-43-41722-21,2026-07-24,107.18,10289.28,149.2
874846598684,C-43-42979-21,2026-07-24,38.02,3649.92,44.39
874846386479,C-53-7871631-22,2026-07-24,56.28,5402.88,82.88
874846642982,C-43-43366-21,2026-07-24,18.31,1757.76,3.06
874846375861,C-43-41006-21,2026-07-24,58.81,5645.76,68.38
874846422140,C-43-41695-21,2026-07-24,38.02,3649.92,40.18
874846546919,C-43-42834-21,2026-07-24,32.37,3107.52,28.36
874846587816,C-43-42958-21,2026-07-24,61.33,5887.68,52.1
874846601397,C-43-42983-21,2026-07-24,166.42,15976.32,263.97
874846551403,C-43-42837-21,2026-07-24,40.85,3921.6,51.97
874846570280,C-43-42858-21,2026-07-24,24.77,2377.92,35.61
874846495454,C-43-42630-21,2026-07-24,68.9,6614.4,82.08
874846648741,C-43-43373-21,2026-07-24,18.31,1757.76,0.0
874846511833,C-43-42734-21,2026-07-24,51.23,4918.08,50.14
874846327296,C-43-40281-21,2026-07-24,96.76,9288.96,162.26
874846355458,C-53-7871579-22,2026-07-24,61.33,5887.68,83.95
874846313782,C-53-7871503-22,2026-07-24,28.04,2691.84,22.28
874846609766,C-43-43106-21,2026-07-24,185.5,17808.0,131.88
874846451812,C-43-42206-21,2026-07-24,31.31,3005.76,20.73
874846563418,C-43-42852-21,2026-07-24,32.37,3107.52,38.35
874846442553,C-43-41988-21,2026-07-24,40.85,3921.6,97.88
874846383344,C-43-41282-21,2026-07-24,66.38,6372.48,100.05
874846617823,C-43-43222-21,2026-07-24,48.71,4676.16,71.26
874846665722,C-43-43400-21,2026-07-24,18.31,1757.76,2.04
874846399343,C-43-41448-21,2026-07-24,63.86,6130.56,72.3
874846454524,C-43-42429-21,2026-07-24,128.02,12289.92,158.5
874846503088,C-43-42686-21,2026-07-24,63.86,6130.56,93.96
874846579428,C-43-42903-21,2026-07-24,68.9,6614.4,102.13
874846484983,C-43-42579-21,2026-07-24,89.82,8622.72,87.66
874846406463,C-43-41506-21,2026-07-24,100.23,9622.08,130.36
874846653523,C-43-43381-21,2026-07-24,18.31,1757.76,3.6
874846458519,C-43-42471-21,2026-07-24,48.71,4676.16,57.82
874846630408,C-4124048537,2026-07-24,18.31,1757.76,0.6
874846371682,C-43-40921-21,2026-07-24,31.31,3005.76,55.88
874846519341,C-43-42753-21,2026-07-24,28.04,2691.84,93.86
874846301918,C-53-7871498-22,2026-07-24,110.65,10622.4,170.13
874846471940,C-4110419452,2026-07-24,107.18,10289.28,21.0
874846590764,C-43-42964-21,2026-07-24,58.81,5645.76,45.24
874846675610,C-43-43404-21,2026-07-24,18.31,1757.76,7.0
874846394400,C-43-41303-21,2026-07-24,40.85,3921.6,32.38
874846366433,C-43-40917-21,2026-07-24,48.71,4676.16,50.06
874846574172,C-43-42891-21,2026-07-24,35.19,3378.24,34.59
874846538976,C-43-42820-21,2026-07-24,66.38,6372.48,83.54
874846416383,C-43-41603-21,2026-07-24,43.68,4193.28,31.93
874846319552,C-43-40129-21,2026-07-24,38.02,3649.92,30.95
874846402777,C-43-41498-21,2026-07-24,24.77,2377.92,30.82
874846490706,C-43-42626-21,2026-07-24,51.23,4918.08,42.21
874846530438,C-43-42813-21,2026-07-24,189.32,18174.72,365.69
874846479377,C-43-42557-21,2026-07-24,48.71,4676.16,127.34
874846556530,C-43-42850-21,2026-07-24,107.18,10289.28,197.38
874846349393,C-43-40585-21,2026-07-24,43.68,4193.28,60.68
874846535955,C-43-42818-21,2026-07-24,61.33,5887.68,81.78
874846345788,C-43-40546-21,2026-07-24,48.71,4676.16,36.48
874846445232,C-43-42115-21,2026-07-24,96.76,9288.96,75.32
874846309297,C-43-40011-21,2026-07-24,107.18,10289.28,88.74
874846629140,C-43-43358-21,2026-07-24,18.31,1757.76,9.6
874846460004,C-43-42489-21,2026-07-24,68.9,6614.4,57.32
874846651862,C-43-43379-21,2026-07-24,18.31,1757.76,8.16
874846498269,C-43-42635-21,2026-07-24,43.68,4193.28,39.79
874846594954,C-43-42978-21,2026-07-24,51.23,4918.08,36.51
874846669794,C-43-43401-21,2026-07-24,18.31,1757.76,3.06
874846635281,C-43-43365-21,2026-07-24,18.31,1757.76,1.8
874846412951,C-43-41537-21,2026-07-24,145.38,13956.48,174.2
874846678858,C-43-43405-21,2026-07-24,18.31,1757.76,0.6
874846379639,C-43-41086-21,2026-07-24,51.23,4918.08,61.11
874872836626,C-43-42921-21,2026-07-25,58.91,5655.36,74.13
874872835803,C-43-42584-21,2026-07-25,66.49,6383.04,94.72
874872835766,C-43-42497-21,2026-07-25,51.32,4926.72,23.37
874872859693,C-43-42497-21,2026-07-25,51.32,4926.72,23.37
874872861465,C-53-7871443-22,2026-07-25,32.42,3112.32,19.61
874874920596,C-4105147051,2026-07-25,48.79,4683.84,178.44
874874921880,C-53-7871443-22,2026-07-25,32.42,3112.32,19.61
874877166610,C-4111700327,2026-07-25,29.79,0.0,28.9
874877102160,C-43-41684-21,2026-07-25,43.75,4200.0,101.25
874877115767,C-43-42029-21,2026-07-25,35.25,3384.0,47.33
874877072348,C-43-40614-21,2026-07-25,53.85,5169.6,367.15
874877077166,C-43-40223-21,2026-07-25,35.25,3384.0,15.66
874877101304,C-43-41575-21,2026-07-25,51.32,4926.72,45.37
874877136813,C-43-42841-21,2026-07-25,28.08,2695.68,65.93
874877086561,C-43-41044-21,2026-07-25,48.79,4683.84,67.2
874877100606,C-43-41569-21,2026-07-25,89.97,8637.12,71.62
874877091527,C-43-41350-21,2026-07-25,89.97,8637.12,104.28
874877127164,C-43-42584-21,2026-07-25,66.49,6383.04,94.72
874877084396,C-53-7871589-22,2026-07-25,96.93,9305.28,125.92
874877141694,C-43-43088-21,2026-07-25,28.08,2695.68,44.86
874877145049,C-43-43137-21,2026-07-25,38.09,3656.64,31.05
874877108170,C-43-41825-21,2026-07-25,66.49,6383.04,105.69
874877138003,C-4117000499,2026-07-25,93.45,8971.2,74.11
874877156057,C-43-43447-21,2026-07-25,18.35,1761.6,4.8
874877088586,C-43-41267-21,2026-07-25,243.1,23337.6,323.39
874877097650,C-43-41528-21,2026-07-25,48.79,4683.84,47.94
874877117656,C-43-42291-21,2026-07-25,117.8,11308.8,196.31
874877072521,C-53-7871443-22,2026-07-25,32.42,3112.32,19.61
874877151950,C-43-43435-21,2026-07-25,18.35,1761.6,1.0
874877122574,C-43-42497-21,2026-07-25,51.32,4926.72,23.37
874877153908,C-43-43436-21,2026-07-25,18.35,1761.6,1.0
874877102778,C-43-41592-21,2026-07-25,53.85,5169.6,83.63
874877129693,C-43-42742-21,2026-07-25,56.38,5412.48,90.37
874877121497,C-43-42452-21,2026-07-25,38.09,3656.64,28.66
874877147144,C-4124130152,2026-07-25,18.35,1761.6,5.4
874877126845,C-43-42602-21,2026-07-25,243.1,23337.6,163.79
874877079412,C-43-40328-21,2026-07-25,138.67,13312.32,315.03
874877140768,C-43-43121-21,2026-07-25,110.84,10640.64,126.57
874877135644,C-43-42831-21,2026-07-25,56.38,5412.48,107.72
874877167650,C-43-39764-21,2026-07-25,239.33,0.0,411.9
874877148449,C-43-43331-21,2026-07-25,69.02,6625.92,75.82
874877128013,C-43-42724-21,2026-07-25,56.38,5412.48,68.59
874877081776,C-53-7871553-22,2026-07-25,48.79,4683.84,39.56
874877137496,C-43-42890-21,2026-07-25,66.49,6383.04,81.35
874877117185,C-43-42111-21,2026-07-25,40.92,3928.32,44.19
874877093302,C-43-41429-21,2026-07-25,51.32,4926.72,46.27
874877149309,C-4124731139,2026-07-25,18.35,1761.6,0.6
874877110169,C-43-41933-21,2026-07-25,38.09,3656.64,381.82
874877143150,C-43-43099-21,2026-07-25,31.36,3010.56,13.85
874877097591,C-43-41524-21,2026-07-25,35.25,3384.0,36.05
874877159777,C-43-43458-21,2026-07-25,18.35,1761.6,2.55
874877154650,C-43-43443-21,2026-07-25,18.35,1761.6,4.08
874877123950,C-4112061107,2026-07-25,138.67,13312.32,209.64
874877119626,C-43-42321-21,2026-07-25,166.7,16003.2,313.24
874877098315,C-43-41554-21,2026-07-25,58.91,5655.36,45.1
874877106247,C-43-41777-21,2026-07-25,31.36,3010.56,14.34
874877090450,C-43-41305-21,2026-07-25,24.81,2381.76,95.52
874877107107,C-43-41784-21,2026-07-25,43.75,4200.0,46.59
874877117987,C-43-42196-21,2026-07-25,142.15,13646.4,244.83
874877152350,C-43-43409-21,2026-07-25,18.35,1761.6,6.0
874877132233,C-4114459160,2026-07-25,66.49,6383.04,103.43
874877161550,C-43-42993-21,2026-07-25,18.35,1761.6,1.2
874877089160,C-43-41238-21,2026-07-25,24.81,2381.76,9.75
874877146961,C-43-43183-21,2026-07-25,48.79,4683.84,71.05
874877139959,C-43-43052-21,2026-07-25,89.97,8637.12,78.06
874877082588,C-43-40591-21,2026-07-25,61.43,5897.28,85.69
874877076365,C-43-39882-21,2026-07-25,121.28,11642.88,287.98
874877092512,C-43-41370-21,2026-07-25,138.67,13312.32,154.25
874877140529,C-43-43036-21,2026-07-25,53.85,5169.6,71.94
874877096140,C-43-41490-21,2026-07-25,35.25,3384.0,27.3
874877098290,C-43-41544-21,2026-07-25,107.36,10306.56,107.47
874877109820,C-43-41918-21,2026-07-25,71.55,6868.8,124.04
874877094548,C-43-41453-21,2026-07-25,103.88,9972.48,97.57
874877104759,C-43-41712-21,2026-07-25,269.86,25906.56,205.55
874877104325,C-43-41730-21,2026-07-25,38.09,3656.64,32.85
874877078780,C-43-40249-21,2026-07-25,28.08,2695.68,12.09
874877134545,C-43-42791-21,2026-07-25,51.32,4926.72,62.05
874877125871,C-43-42565-21,2026-07-25,28.08,2695.68,38.87
874877086790,C-43-40871-21,2026-07-25,56.38,5412.48,99.86
874877082934,C-43-40678-21,2026-07-25,24.81,2381.76,7.85
874877123136,C-43-42538-21,2026-07-25,51.32,4926.72,59.58
874877156090,C-43-43440-21,2026-07-25,18.35,1761.6,4.2
874877151401,C-43-43396-21,2026-07-25,18.35,1761.6,0.0
874877088325,C-43-41205-21,2026-07-25,66.49,6383.04,135.88
874877095886,C-43-41459-21,2026-07-25,51.32,4926.72,93.03
874877111750,C-43-41919-21,2026-07-25,43.75,4200.0,62.94
874877111967,C-43-42727-21,2026-07-25,40.92,3928.32,38.64
874877107986,C-43-41859-21,2026-07-25,145.63,13980.48,152.93
874877121865,C-43-42476-21,2026-07-25,51.32,4926.72,56.25
874877147475,C-43-43260-21,2026-07-25,56.38,5412.48,162.2
874877106946,C-43-41800-21,2026-07-25,32.42,3112.32,21.07
874877113639,C-43-41954-21,2026-07-25,71.55,6868.8,111.96
874877155495,C-43-43437-21,2026-07-25,18.35,1761.6,3.6
874877080243,C-43-40365-21,2026-07-25,58.91,5655.36,116.28
874877081099,C-43-40527-21,2026-07-25,32.42,3112.32,10.84
874877094099,C-43-41447-21,2026-07-25,63.96,6140.16,83.2
874877158196,C-43-43461-21,2026-07-25,18.35,1761.6,4.59
874877132049,C-43-42914-21,2026-07-25,32.42,3112.32,62.37
874877140036,C-43-42921-21,2026-07-25,58.91,5655.36,74.13
874877114543,C-43-41966-21,2026-07-25,28.08,2695.68,8.53
874877115506,C-4105147051,2026-07-25,48.79,4683.84,178.44
874877522678,C-43-43437-21,2026-07-25,18.35,1761.6,3.6
874877509832,C-43-43088-21,2026-07-25,28.08,2695.68,44.86
874877422252,C-43-40223-21,2026-07-25,35.25,3384.0,15.66
874877463995,C-43-41825-21,2026-07-25,66.49,6383.04,105.69
874877521259,C-43-43436-21,2026-07-25,18.35,1761.6,1.0
874877454556,C-43-41684-21,2026-07-25,43.75,4200.0,101.25
874877507910,C-43-43036-21,2026-07-25,53.85,5169.6,71.94
874877434819,C-43-41205-21,2026-07-25,66.49,6383.04,135.88
874877513250,C-43-43331-21,2026-07-25,69.02,6625.92,75.82
874877436730,C-43-41238-21,2026-07-25,24.81,2381.76,9.75
874877491572,C-43-42565-21,2026-07-25,28.08,2695.68,38.87
874877422403,C-43-40249-21,2026-07-25,28.08,2695.68,12.09
874877524350,C-43-43447-21,2026-07-25,18.35,1761.6,4.8
874877527132,C-43-43458-21,2026-07-25,18.35,1761.6,2.55
874877483015,C-43-42321-21,2026-07-25,166.7,16003.2,313.24
874877476539,C-43-42029-21,2026-07-25,35.25,3384.0,47.33
874877461190,C-43-41777-21,2026-07-25,31.36,3010.56,14.34
874877467648,C-43-41918-21,2026-07-25,71.55,6868.8,124.04
874877502264,C-43-42831-21,2026-07-25,56.38,5412.48,107.72
874877520057,C-43-43435-21,2026-07-25,18.35,1761.6,1.0
874877492031,C-43-42584-21,2026-07-25,66.49,6383.04,94.72
874877459238,C-43-41730-21,2026-07-25,38.09,3656.64,32.85
874877530687,C-4111700327,2026-07-25,29.79,0.0,28.9
874877518355,C-43-43396-21,2026-07-25,18.35,1761.6,0.0
874877513607,C-43-43183-21,2026-07-25,48.79,4683.84,71.05
874877495317,C-43-42724-21,2026-07-25,56.38,5412.48,68.59
874877462841,C-43-41800-21,2026-07-25,32.42,3112.32,21.07
874877490131,C-4112061107,2026-07-25,138.67,13312.32,209.64
874877481663,C-43-42291-21,2026-07-25,117.8,11308.8,196.31
874877510961,C-43-43099-21,2026-07-25,31.36,3010.56,13.85
874877439692,C-43-41350-21,2026-07-25,89.97,8637.12,104.28
874877427482,C-53-7871553-22,2026-07-25,48.79,4683.84,39.56
874877479284,C-43-42196-21,2026-07-25,142.15,13646.4,244.83
874877517245,C-4124130152,2026-07-25,18.35,1761.6,5.4
874877455380,C-43-41592-21,2026-07-25,53.85,5169.6,83.63
874877438023,C-43-41305-21,2026-07-25,24.81,2381.76,95.52
874877437174,C-43-41267-21,2026-07-25,243.1,23337.6,323.39
874877474113,C-4105147051,2026-07-25,48.79,4683.84,178.44
874877428548,C-43-40591-21,2026-07-25,61.43,5897.28,85.69
874877497993,C-43-42742-21,2026-07-25,56.38,5412.48,90.37
874877518789,C-43-43409-21,2026-07-25,18.35,1761.6,6.0
874877444990,C-43-41490-21,2026-07-25,35.25,3384.0,27.3
874877428581,C-43-40614-21,2026-07-25,53.85,5169.6,367.15
874877505425,C-4117000499,2026-07-25,93.45,8971.2,74.11
874877514305,C-43-43260-21,2026-07-25,56.38,5412.48,162.2
874877490006,C-43-42538-21,2026-07-25,51.32,4926.72,59.58
874877450550,C-43-41554-21,2026-07-25,58.91,5655.36,45.1
874877419532,C-53-7871443-22,2026-07-25,32.42,3112.32,19.61
874877515404,C-4124731139,2026-07-25,18.35,1761.6,0.6
874877506145,C-43-42914-21,2026-07-25,32.42,3112.32,62.37
874877442346,C-43-41447-21,2026-07-25,63.96,6140.16,83.2
874877432080,C-53-7871589-22,2026-07-25,96.93,9305.28,125.92
874877447006,C-43-41524-21,2026-07-25,35.25,3384.0,36.05
874877506086,C-43-42921-21,2026-07-25,58.91,5655.36,74.13
874877441990,C-43-41429-21,2026-07-25,51.32,4926.72,46.27
874877528996,C-43-42993-21,2026-07-25,18.35,1761.6,1.2
874877423800,C-43-40328-21,2026-07-25,138.67,13312.32,315.03
874877485831,C-43-42476-21,2026-07-25,51.32,4926.72,56.25
874877472794,C-43-41954-21,2026-07-25,71.55,6868.8,111.96
874877466240,C-43-41859-21,2026-07-25,145.63,13980.48,152.93
874877500283,C-43-42791-21,2026-07-25,51.32,4926.72,62.05
874877452575,C-43-41575-21,2026-07-25,51.32,4926.72,45.37
874877452130,C-43-41569-21,2026-07-25,89.97,8637.12,71.62
874877461683,C-43-41784-21,2026-07-25,43.75,4200.0,46.59
874877477903,C-43-42111-21,2026-07-25,40.92,3928.32,44.19
874877431327,C-43-40678-21,2026-07-25,24.81,2381.76,7.85
874877469754,C-43-41919-21,2026-07-25,43.75,4200.0,62.94
874877509041,C-43-43052-21,2026-07-25,89.97,8637.12,78.06
874877420683,C-43-39882-21,2026-07-25,121.28,11642.88,287.98
874877449189,C-43-41544-21,2026-07-25,107.36,10306.56,107.47
874877487812,C-43-42497-21,2026-07-25,51.32,4926.72,23.37
874877511545,C-43-43137-21,2026-07-25,38.09,3656.64,31.05
874877444382,C-43-41459-21,2026-07-25,51.32,4926.72,93.03
874877433709,C-43-41044-21,2026-07-25,48.79,4683.84,67.2
874877471592,C-43-41933-21,2026-07-25,38.09,3656.64,381.82
874877447933,C-43-41528-21,2026-07-25,48.79,4683.84,47.94
874877424439,C-43-40365-21,2026-07-25,58.91,5655.36,116.28
874877524567,C-43-43443-21,2026-07-25,18.35,1761.6,4.08
874877443180,C-43-41453-21,2026-07-25,103.88,9972.48,97.57
874877511409,C-43-43121-21,2026-07-25,110.84,10640.64,126.57
874877482269,C-43-42452-21,2026-07-25,38.09,3656.64,28.66
874877432621,C-43-40871-21,2026-07-25,56.38,5412.48,99.86
874877458676,C-43-41712-21,2026-07-25,269.86,25906.56,205.55
874877527669,C-43-43461-21,2026-07-25,18.35,1761.6,4.59
874877473941,C-43-41966-21,2026-07-25,28.08,2695.68,8.53
874877522120,C-43-43440-21,2026-07-25,18.35,1761.6,4.2
874877492410,C-43-42602-21,2026-07-25,243.1,23337.6,163.79
874877502595,C-43-42841-21,2026-07-25,28.08,2695.68,65.93
874877496942,C-43-42727-21,2026-07-25,40.92,3928.32,38.64
874877439659,C-43-41370-21,2026-07-25,138.67,13312.32,154.25
874877503124,C-43-42890-21,2026-07-25,66.49,6383.04,81.35
874877425814,C-43-40527-21,2026-07-25,32.42,3112.32,10.84
874879612617,C-43-42831-21,2026-07-25,56.38,5412.48,107.72
874879622776,C-43-43260-21,2026-07-25,56.38,5412.48,162.2
874879633100,C-43-42993-21,2026-07-25,18.35,1761.6,1.2
874879619015,C-43-43099-21,2026-07-25,31.36,3010.56,13.85
874879620924,C-43-43331-21,2026-07-25,69.02,6625.92,75.82
874879561141,C-43-41453-21,2026-07-25,103.88,9972.48,97.57
874879609882,C-43-42742-21,2026-07-25,56.38,5412.48,90.37
874879577004,C-43-41459-21,2026-07-25,51.32,4926.72,93.03
874879601940,C-43-42321-21,2026-07-25,166.7,16003.2,313.24
874879621574,C-43-43183-21,2026-07-25,48.79,4683.84,71.05
874879589795,C-43-41777-21,2026-07-25,31.36,3010.56,14.34
874879568411,C-43-40591-21,2026-07-25,61.43,5897.28,85.69
874879592151,C-43-41825-21,2026-07-25,66.49,6383.04,105.69
874879602373,C-43-42452-21,2026-07-25,38.09,3656.64,28.66
874879598631,C-43-42029-21,2026-07-25,35.25,3384.0,47.33
874879581290,C-43-41524-21,2026-07-25,35.25,3384.0,36.05
874879626977,C-43-43409-21,2026-07-25,18.35,1761.6,6.0
874879573708,C-43-41370-21,2026-07-25,138.67,13312.32,154.25
874879616704,C-43-42921-21,2026-07-25,58.91,5655.36,74.13
874879614171,C-43-42890-21,2026-07-25,66.49,6383.04,81.35
874879597006,C-43-41966-21,2026-07-25,28.08,2695.68,8.53
874879606861,C-43-42727-21,2026-07-25,40.92,3928.32,38.64
874879564379,C-43-40249-21,2026-07-25,28.08,2695.68,12.09
874879593537,C-43-41918-21,2026-07-25,71.55,6868.8,124.04
874879633020,C-43-43461-21,2026-07-25,18.35,1761.6,4.59
874879607240,C-43-42602-21,2026-07-25,243.1,23337.6,163.79
874879592747,C-43-41859-21,2026-07-25,145.63,13980.48,152.93
874879565651,C-43-40328-21,2026-07-25,138.67,13312.32,315.03
874879606232,C-43-42565-21,2026-07-25,28.08,2695.68,38.87
874879576604,C-43-41350-21,2026-07-25,89.97,8637.12,104.28
874879573410,C-43-41205-21,2026-07-25,66.49,6383.04,135.88
874879603932,C-43-42476-21,2026-07-25,51.32,4926.72,56.25
874879571885,C-43-40871-21,2026-07-25,56.38,5412.48,99.86
874879585701,C-43-41569-21,2026-07-25,89.97,8637.12,71.62
874879577060,C-43-41429-21,2026-07-25,51.32,4926.72,46.27
874879563270,C-43-40223-21,2026-07-25,35.25,3384.0,15.66
874879588001,C-43-41684-21,2026-07-25,43.75,4200.0,101.25
874879601664,C-43-42291-21,2026-07-25,117.8,11308.8,196.31
874879595610,C-43-41933-21,2026-07-25,38.09,3656.64,381.82
874879597554,C-43-42111-21,2026-07-25,40.92,3928.32,44.19
874879570992,C-53-7871589-22,2026-07-25,96.93,9305.28,125.92
874879575972,C-43-41305-21,2026-07-25,24.81,2381.76,95.52
874879582470,C-43-41528-21,2026-07-25,48.79,4683.84,47.94
874879617402,C-43-43052-21,2026-07-25,89.97,8637.12,78.06
874879593710,C-43-41919-21,2026-07-25,43.75,4200.0,62.94
874879585540,C-43-41575-21,2026-07-25,51.32,4926.72,45.37
874879607504,C-43-42584-21,2026-07-25,66.49,6383.04,94.72
874879583216,C-43-41544-21,2026-07-25,107.36,10306.56,107.47
874879605913,C-4112061107,2026-07-25,138.67,13312.32,209.64
874879612433,C-43-42791-21,2026-07-25,51.32,4926.72,62.05
874879561369,C-53-7871443-22,2026-07-25,32.42,3112.32,19.61
874879618935,C-43-43088-21,2026-07-25,28.08,2695.68,44.86
874879610761,C-4117000499,2026-07-25,93.45,8971.2,74.11
874879625536,C-4124130152,2026-07-25,18.35,1761.6,5.4
874879572745,C-43-41044-21,2026-07-25,48.79,4683.84,67.2
874879629520,C-43-43440-21,2026-07-25,18.35,1761.6,4.2
874879627723,C-43-43435-21,2026-07-25,18.35,1761.6,1.0
874879565880,C-43-40365-21,2026-07-25,58.91,5655.36,116.28
874879624871,C-4124731139,2026-07-25,18.35,1761.6,0.6
874879604733,C-43-42538-21,2026-07-25,51.32,4926.72,59.58
874879621427,C-43-43137-21,2026-07-25,38.09,3656.64,31.05
874879607993,C-43-42724-21,2026-07-25,56.38,5412.48,68.59
874879588928,C-43-41712-21,2026-07-25,269.86,25906.56,205.55
874879603370,C-43-42497-21,2026-07-25,51.32,4926.72,23.37
874879591133,C-43-41784-21,2026-07-25,43.75,4200.0,46.59
874879628903,C-43-43437-21,2026-07-25,18.35,1761.6,3.6
874879566511,C-43-40527-21,2026-07-25,32.42,3112.32,10.84
874879578938,C-43-41554-21,2026-07-25,58.91,5655.36,45.1
874879573796,C-43-41238-21,2026-07-25,24.81,2381.76,9.75
874879596021,C-43-41954-21,2026-07-25,71.55,6868.8,111.96
874879567404,C-53-7871553-22,2026-07-25,48.79,4683.84,39.56
874879600484,C-43-42196-21,2026-07-25,142.15,13646.4,244.83
874879591648,C-43-41800-21,2026-07-25,32.42,3112.32,21.07
874879628708,C-43-43436-21,2026-07-25,18.35,1761.6,1.0
874879629770,C-43-43447-21,2026-07-25,18.35,1761.6,4.8
874879597381,C-4105147051,2026-07-25,48.79,4683.84,178.44
874879561120,C-43-41447-21,2026-07-25,63.96,6140.16,83.2
874879587553,C-43-41592-21,2026-07-25,53.85,5169.6,83.63
874879588983,C-43-41730-21,2026-07-25,38.09,3656.64,32.85
874879613267,C-43-42841-21,2026-07-25,28.08,2695.68,65.93
874879581246,C-43-41490-21,2026-07-25,35.25,3384.0,27.3
874879569944,C-43-40678-21,2026-07-25,24.81,2381.76,7.85
874879617858,C-43-43036-21,2026-07-25,53.85,5169.6,71.94
874879561900,C-43-39882-21,2026-07-25,121.28,11642.88,287.98
874879617685,C-43-43121-21,2026-07-25,110.84,10640.64,126.57
874879569256,C-43-40614-21,2026-07-25,53.85,5169.6,367.15
874879610018,C-4114459160,2026-07-25,66.49,6383.04,103.43
874879631667,C-43-43458-21,2026-07-25,18.35,1761.6,2.55
874879615318,C-43-42914-21,2026-07-25,32.42,3112.32,62.37
874879575115,C-43-41267-21,2026-07-25,243.1,23337.6,323.39
874879630899,C-43-43443-21,2026-07-25,18.35,1761.6,4.08
874879625812,C-43-43396-21,2026-07-25,18.35,1761.6,0.0
874884174426,C-43-41205-21,2026-07-25,66.49,6383.04,135.88
874884172950,C-43-40223-21,2026-07-25,35.25,3384.0,15.66
874884173956,C-43-41044-21,2026-07-25,48.79,4683.84,67.2
874884172445,C-43-39882-21,2026-07-25,121.28,11642.88,287.98
874884173923,C-43-40527-21,2026-07-25,32.42,3112.32,10.84
874936664176,C-43-42031-21,2026-07-27,33.63,3228.48,54.07
874936619357,C-43-41848-21,2026-07-27,66.35,6369.6,54.52
874936472010,C-53-7871610-22,2026-07-27,125.8,12076.8,166.67
874936830493,C-43-42868-21,2026-07-27,129.41,12423.36,243.45
874936850142,C-43-42904-21,2026-07-27,61.1,5865.6,141.31
874936466986,C-43-41020-21,2026-07-27,58.48,5614.08,54.59
874937030270,C-43-43611-21,2026-07-27,19.03,1826.88,1.2
874936522534,C-53-7871644-22,2026-07-27,68.97,6621.12,40.69
874936495250,C-43-41270-21,2026-07-27,50.61,4858.56,64.36
874936425541,C-43-40567-21,2026-07-27,200.68,19265.28,265.48
874936430047,C-53-7871575-22,2026-07-27,111.36,10690.56,125.6
874936700730,C-43-42223-21,2026-07-27,45.38,4356.48,69.72
874936906892,C-43-43095-21,2026-07-27,25.73,2470.08,30.78
874936591409,C-43-41790-21,2026-07-27,29.13,2796.48,76.61
874936796038,C-43-42716-21,2026-07-27,55.86,5362.56,58.98
874936349410,C-43-39009-21,2026-07-27,133.01,12768.96,125.47
874936447524,C-43-40940-21,2026-07-27,36.57,3510.72,16.13
874936939151,C-43-43342-21,2026-07-27,25.73,2470.08,9.32
874936705136,C-43-42230-21,2026-07-27,68.97,6621.12,66.27
874936801924,C-43-42765-21,2026-07-27,68.97,6621.12,76.05
874936528142,C-43-41515-21,2026-07-27,29.13,2796.48,17.41
874936389697,C-43-39980-21,2026-07-27,50.61,4858.56,23.35
874936800906,C-43-42717-21,2026-07-27,125.8,12076.8,122.23
874936741465,C-43-42486-21,2026-07-27,50.61,4858.56,34.43
874936374742,C-43-39735-21,2026-07-27,50.61,4858.56,42.12
874936420918,C-43-40392-21,2026-07-27,50.61,4858.56,31.34
874936894299,C-43-43030-21,2026-07-27,25.73,2470.08,24.25
874936654727,C-43-42024-21,2026-07-27,100.54,9651.84,52.6
874936889690,C-43-43026-21,2026-07-27,58.48,5614.08,77.46
874936534479,C-43-41520-21,2026-07-27,74.22,7125.12,111.86
874936416960,C-43-40384-21,2026-07-27,45.38,4356.48,37.32
874937072689,C-43-42214-21,2026-07-27,486.2,0.0,461.29
874936718618,C-43-42287-21,2026-07-27,96.93,9305.28,52.49
874936862731,C-43-42947-21,2026-07-27,50.61,4858.56,67.06
874936768884,C-53-7871715-22,2026-07-27,36.57,3510.72,100.47
874936996489,C-43-43522-21,2026-07-27,19.03,1826.88,3.0
874936455647,C-43-40997-21,2026-07-27,58.48,5614.08,71.32
874936489689,C-43-41241-21,2026-07-27,100.54,9651.84,93.35
874936814692,C-4116119269,2026-07-27,129.41,12423.36,203.22
874936562663,C-43-41630-21,2026-07-27,71.6,6873.6,121.09
874936846459,C-43-42900-21,2026-07-27,25.73,2470.08,29.8
874936519527,C-43-41491-21,2026-07-27,33.63,3228.48,34.2
874936583330,C-43-41658-21,2026-07-27,50.61,4858.56,30.74
874936716501,C-43-42277-21,2026-07-27,100.54,9651.84,100.67
874936917992,C-43-43161-21,2026-07-27,36.57,3510.72,38.53
874936512614,C-43-41487-21,2026-07-27,66.35,6369.6,376.52
874936912843,C-43-43124-21,2026-07-27,53.23,5110.08,105.38
874936991579,C-43-43494-21,2026-07-27,19.03,1826.88,2.4
874936979317,C-43-43477-21,2026-07-27,19.03,1826.88,4.8
874936775691,C-43-42645-21,2026-07-27,204.64,19645.44,209.49
874936970721,C-43-43442-21,2026-07-27,19.03,1826.88,3.06
874936709598,C-43-42234-21,2026-07-27,39.5,3792.0,39.66
874936953074,C-43-43416-21,2026-07-27,19.03,1826.88,2.04
874936601274,C-4102505481,2026-07-27,53.23,5110.08,45.4
874936944275,C-43-43385-21,2026-07-27,42.44,4074.24,16.74
874936856438,C-43-42918-21,2026-07-27,36.57,3510.72,66.66
874937035526,C-43-43614-21,2026-07-27,19.03,1826.88,2.55
874936539952,C-43-41567-21,2026-07-27,61.1,5865.6,80.19
874936443757,C-43-40836-21,2026-07-27,45.38,4356.48,54.11
874936870980,C-43-42961-21,2026-07-27,71.6,6873.6,81.21
874936691114,C-43-42193-21,2026-07-27,93.32,8958.72,35.72
874936985610,C-43-43480-21,2026-07-27,19.03,1826.88,6.0
874936475097,C-43-41074-21,2026-07-27,61.1,5865.6,97.85
874936752966,C-43-42514-21,2026-07-27,58.48,5614.08,62.63
874936817235,C-43-42854-21,2026-07-27,25.73,2470.08,13.08
874936371364,C-53-7871472-22,2026-07-27,36.57,3510.72,42.05
874936631314,C-43-41991-21,2026-07-27,50.61,4858.56,48.89
874936435612,C-43-40720-21,2026-07-27,45.38,4356.48,62.49
874936612308,C-43-41823-21,2026-07-27,66.35,6369.6,57.44
874936745920,C-43-42499-21,2026-07-27,136.62,13115.52,208.22
874936546347,C-43-41608-21,2026-07-27,50.61,4858.56,117.86
874936406708,C-43-40306-21,2026-07-27,63.72,6117.12,75.26
874936396493,C-43-40068-21,2026-07-27,42.44,4074.24,39.36
874936928496,C-43-43238-21,2026-07-27,58.48,5614.08,114.49
874936959223,C-43-43418-21,2026-07-27,19.03,1826.88,6.0
874936508059,C-43-41372-21,2026-07-27,25.73,2470.08,22.95
874937005800,C-43-43536-21,2026-07-27,19.03,1826.88,1.2
874936901434,C-43-43093-21,2026-07-27,165.49,15887.04,171.78
874936451424,C-43-40970-21,2026-07-27,107.75,10344.0,85.02
874936834801,C-43-42880-21,2026-07-27,42.44,4074.24,36.37
874936790463,C-43-42702-21,2026-07-27,39.5,3792.0,34.88
874936785030,C-43-42695-21,2026-07-27,53.23,5110.08,45.23
874936882674,C-43-42995-21,2026-07-27,39.5,3792.0,146.25
874936483599,C-43-41157-21,2026-07-27,32.53,3122.88,201.77
874936621839,C-43-41865-21,2026-07-27,25.73,2470.08,28.68
874936440482,C-43-40738-21,2026-07-27,45.38,4356.48,32.8
874936686126,C-43-42161-21,2026-07-27,136.62,13115.52,134.43
874936933495,C-43-43312-21,2026-07-27,29.13,2796.48,19.85
874936670892,C-43-42086-21,2026-07-27,58.48,5614.08,118.91
874937039955,C-43-43624-21,2026-07-27,19.03,1826.88,5.4
874936573248,C-53-7871662-22,2026-07-27,28.04,2691.84,20.38
874936923954,C-43-43172-21,2026-07-27,71.6,6873.6,80.08
874936839479,C-43-42899-21,2026-07-27,42.44,4074.24,58.81
874936736330,C-43-42437-21,2026-07-27,50.61,4858.56,65.54
874936480762,C-43-41087-21,2026-07-27,53.23,5110.08,234.67
874936355806,C-43-39462-21,2026-07-27,140.23,13462.08,117.26
874936629520,C-43-41889-21,2026-07-27,55.86,5362.56,67.71
874936505093,C-43-41343-21,2026-07-27,71.6,6873.6,158.52
874936679396,C-43-42156-21,2026-07-27,50.61,4858.56,19.26
874936947701,C-43-43399-21,2026-07-27,55.86,5362.56,16.15
874936643498,C-43-41996-21,2026-07-27,53.23,5110.08,119.68
874936558524,C-43-41619-21,2026-07-27,42.44,4074.24,63.01
874936352781,C-43-39305-21,2026-07-27,53.23,5110.08,104.62
874937021530,C-43-43609-21,2026-07-27,19.03,1826.88,2.55
874936463120,C-43-41008-21,2026-07-27,55.86,5362.56,20.02
874937011919,C-43-43537-21,2026-07-27,19.03,1826.88,4.59
874936379300,C-43-39863-21,2026-07-27,63.72,6117.12,155.51
874937067360,C-43-41840-21,2026-07-27,244.29,0.0,361.46
874936964910,C-43-43424-21,2026-07-27,19.03,1826.88,7.0
874936499061,C-53-7871630-22,2026-07-27,45.38,4356.48,48.75
874936896578,C-43-43032-21,2026-07-27,39.5,3792.0,31.77
874936780830,C-43-42655-21,2026-07-27,71.6,6873.6,94.41
874936411074,C-53-7871536-22,2026-07-27,32.53,3122.88,22.24
874936459105,C-43-41007-21,2026-07-27,42.44,4074.24,48.64
874936551265,C-43-41615-21,2026-07-27,33.63,3228.48,31.16
874936761000,C-4110463438,2026-07-27,55.86,5362.56,62.28
874936729464,C-43-42318-21,2026-07-27,63.72,6117.12,70.48
874936884530,C-43-43003-21,2026-07-27,42.44,4074.24,30.57
874936875054,C-43-42968-21,2026-07-27,55.86,5362.56,50.98
874936695841,C-43-42199-21,2026-07-27,53.23,5110.08,98.62
874936649670,C-43-42019-21,2026-07-27,42.44,4074.24,23.59
874936825108,C-43-42864-21,2026-07-27,114.97,11037.12,111.63
874965261058,C-43-42223-21,2026-07-27,45.38,4356.48,69.72
874965288775,C-43-42968-21,2026-07-27,55.86,5362.56,50.98
874965276532,C-43-42765-21,2026-07-27,68.97,6621.12,76.05
874965268020,C-43-42486-21,2026-07-27,50.61,4858.56,34.43
874965296111,C-43-43095-21,2026-07-27,25.73,2470.08,30.78
874965208572,C-43-40306-21,2026-07-27,63.72,6117.12,75.26
874965315316,C-43-43494-21,2026-07-27,19.03,1826.88,2.4
874965207532,C-53-7871536-22,2026-07-27,32.53,3122.88,22.24
874965251631,C-43-42024-21,2026-07-27,100.54,9651.84,52.6
874965203949,C-53-7871472-22,2026-07-27,36.57,3510.72,42.05
874965274518,C-43-42695-21,2026-07-27,53.23,5110.08,45.23
874965252167,C-43-42230-21,2026-07-27,68.97,6621.12,66.27
874965263657,C-43-42234-21,2026-07-27,39.5,3792.0,39.66
874965258934,C-43-42193-21,2026-07-27,93.32,8958.72,35.72
874965312865,C-43-43477-21,2026-07-27,19.03,1826.88,4.8
874965258636,C-43-42199-21,2026-07-27,53.23,5110.08,98.62
874965321572,C-43-43609-21,2026-07-27,19.03,1826.88,2.55
874965207131,C-43-40068-21,2026-07-27,42.44,4074.24,39.36
874965299084,C-43-43161-21,2026-07-27,36.57,3510.72,38.53
874965310704,C-43-43442-21,2026-07-27,19.03,1826.88,3.06
874965246378,C-43-41848-21,2026-07-27,66.35,6369.6,54.52
874965236837,C-43-41520-21,2026-07-27,74.22,7125.12,111.86
874965288168,C-43-42961-21,2026-07-27,71.6,6873.6,81.21
874965291690,C-43-43026-21,2026-07-27,58.48,5614.08,77.46
874965204740,C-43-39735-21,2026-07-27,50.61,4858.56,42.12
874965230357,C-53-7871630-22,2026-07-27,45.38,4356.48,48.75
874965280785,C-43-42868-21,2026-07-27,129.41,12423.36,243.45
874965234102,C-43-41491-21,2026-07-27,33.63,3228.48,34.2
874965226023,C-43-41087-21,2026-07-27,53.23,5110.08,234.67
874965272813,C-53-7871715-22,2026-07-27,36.57,3510.72,100.47
874965246025,C-43-41823-21,2026-07-27,66.35,6369.6,57.44
874965270751,C-43-42514-21,2026-07-27,58.48,5614.08,62.63
874965214773,C-43-40970-21,2026-07-27,107.75,10344.0,85.02
874965251583,C-43-42019-21,2026-07-27,42.44,4074.24,23.59
874965305988,C-43-43342-21,2026-07-27,25.73,2470.08,9.32
874965239067,C-43-41567-21,2026-07-27,61.1,5865.6,80.19
874965255074,C-43-42161-21,2026-07-27,136.62,13115.52,134.43
874965318348,C-43-43536-21,2026-07-27,19.03,1826.88,1.2
874965240586,C-43-41615-21,2026-07-27,33.63,3228.48,31.16
874965275742,C-43-42702-21,2026-07-27,39.5,3792.0,34.88
874965252980,C-43-42086-21,2026-07-27,58.48,5614.08,118.91
874965281369,C-43-42864-21,2026-07-27,114.97,11037.12,111.63
874965214475,C-43-40738-21,2026-07-27,45.38,4356.48,32.8
874965227074,C-43-41157-21,2026-07-27,32.53,3122.88,201.77
874965229798,C-43-41270-21,2026-07-27,50.61,4858.56,64.36
874965309354,C-43-43418-21,2026-07-27,19.03,1826.88,6.0
874965276234,C-43-42716-21,2026-07-27,55.86,5362.56,58.98
874965224914,C-43-41074-21,2026-07-27,61.1,5865.6,97.85
874965236973,C-43-41515-21,2026-07-27,29.13,2796.48,17.41
874965273062,C-43-42645-21,2026-07-27,204.64,19645.44,209.49
874965304000,C-43-43312-21,2026-07-27,29.13,2796.48,19.85
874965253141,C-43-42031-21,2026-07-27,33.63,3228.48,54.07
874965210734,C-43-40392-21,2026-07-27,50.61,4858.56,31.34
874965267034,C-43-42437-21,2026-07-27,50.61,4858.56,65.54
874965206076,C-43-39863-21,2026-07-27,63.72,6117.12,155.51
874965221570,C-43-41020-21,2026-07-27,58.48,5614.08,54.59
874965278796,C-4116119269,2026-07-27,129.41,12423.36,203.22
874965229000,C-43-41241-21,2026-07-27,100.54,9651.84,93.35
874965242832,C-43-41790-21,2026-07-27,29.13,2796.48,76.61
874965289598,C-43-42995-21,2026-07-27,39.5,3792.0,146.25
874965285802,C-43-42918-21,2026-07-27,36.57,3510.72,66.66
874965324218,C-43-43614-21,2026-07-27,19.03,1826.88,2.55
874965232280,C-43-41343-21,2026-07-27,71.6,6873.6,158.52
874965209502,C-53-7871575-22,2026-07-27,111.36,10690.56,125.6
874965293167,C-43-43030-21,2026-07-27,25.73,2470.08,24.25
874965243563,C-43-41658-21,2026-07-27,50.61,4858.56,30.74
874965295295,C-43-43093-21,2026-07-27,165.49,15887.04,171.78
874965234146,C-43-41487-21,2026-07-27,66.35,6369.6,376.52
874965213983,C-43-40836-21,2026-07-27,45.38,4356.48,54.11
874965266005,C-43-42287-21,2026-07-27,96.93,9305.28,52.49
874965217143,C-43-40997-21,2026-07-27,58.48,5614.08,71.32
874965241490,C-43-41619-21,2026-07-27,42.44,4074.24,63.01
874965301456,C-43-43238-21,2026-07-27,58.48,5614.08,114.49
874965218378,C-43-41007-21,2026-07-27,42.44,4074.24,48.64
874965315945,C-43-43522-21,2026-07-27,19.03,1826.88,3.0
874965307638,C-43-43399-21,2026-07-27,55.86,5362.56,16.15
874965245132,C-4102505481,2026-07-27,53.23,5110.08,45.4
874965266634,C-43-42318-21,2026-07-27,63.72,6117.12,70.48
874965290032,C-43-43003-21,2026-07-27,42.44,4074.24,30.57
874965279575,C-43-42854-21,2026-07-27,25.73,2470.08,13.08
874965207186,C-43-39980-21,2026-07-27,50.61,4858.56,23.35
874965273393,C-43-42655-21,2026-07-27,71.6,6873.6,94.41
874965240071,C-43-41608-21,2026-07-27,50.61,4858.56,117.86
874965249447,C-43-41889-21,2026-07-27,55.86,5362.56,67.71
874965286095,C-43-42947-21,2026-07-27,50.61,4858.56,67.06
874965307307,C-43-43416-21,2026-07-27,19.03,1826.88,2.04
874965306436,C-43-43385-21,2026-07-27,42.44,4074.24,16.74
874965314331,C-43-43480-21,2026-07-27,19.03,1826.88,6.0
874965273290,C-43-42900-21,2026-07-27,25.73,2470.08,29.8
874965210219,C-43-40384-21,2026-07-27,45.38,4356.48,37.32
874965236002,C-53-7871644-22,2026-07-27,68.97,6621.12,40.69
874965271677,C-4110463438,2026-07-27,55.86,5362.56,62.28
874965247640,C-43-41996-21,2026-07-27,53.23,5110.08,119.68
874965247845,C-43-41991-21,2026-07-27,50.61,4858.56,48.89
874965325431,C-43-43624-21,2026-07-27,19.03,1826.88,5.4
874965202004,C-43-39305-21,2026-07-27,53.23,5110.08,104.62
874965203857,C-43-39462-21,2026-07-27,140.23,13462.08,117.26
874965293579,C-43-43032-21,2026-07-27,39.5,3792.0,31.77
874965247536,C-43-41865-21,2026-07-27,25.73,2470.08,28.68
874965284151,C-43-42899-21,2026-07-27,42.44,4074.24,58.81
874965297703,C-43-43124-21,2026-07-27,53.23,5110.08,105.38
874965265112,C-43-42277-21,2026-07-27,100.54,9651.84,100.67
874965220404,C-43-41008-21,2026-07-27,55.86,5362.56,20.02
874965324619,C-43-43611-21,2026-07-27,19.03,1826.88,1.2
874965232912,C-43-41372-21,2026-07-27,25.73,2470.08,22.95
874965211031,C-43-40567-21,2026-07-27,200.68,19265.28,265.48
874965242637,C-43-41630-21,2026-07-27,71.6,6873.6,121.09
874965213435,C-43-40720-21,2026-07-27,45.38,4356.48,62.49
874965200870,C-43-39009-21,2026-07-27,133.01,12768.96,125.47
874965300942,C-43-43172-21,2026-07-27,71.6,6873.6,80.08
874965255340,C-43-42156-21,2026-07-27,50.61,4858.56,19.26
874965276392,C-43-42717-21,2026-07-27,125.8,12076.8,122.23
874965222602,C-53-7871610-22,2026-07-27,125.8,12076.8,166.67
874965268902,C-43-42499-21,2026-07-27,136.62,13115.52,208.22
874965212910,C-43-40940-21,2026-07-27,36.57,3510.72,16.13
874965311229,C-43-43424-21,2026-07-27,19.03,1826.88,7.0
874965320668,C-43-43537-21,2026-07-27,19.03,1826.88,4.59
874965273603,C-43-42880-21,2026-07-27,42.44,4074.24,36.37
874965285662,C-43-42904-21,2026-07-27,61.1,5865.6,141.31
874970435022,C-43-39009-21,2026-07-28,133.01,12768.96,125.47
874997450327,C-43-43651-21,2026-07-28,19.04,1827.84,1.2
874997375085,C-43-43513-21,2026-07-28,19.04,1827.84,4.59
874996959001,C-53-7871485-22,2026-07-28,42.47,4077.12,48.28
874996972638,C-53-7871505-22,2026-07-28,66.39,6373.44,92.52
874997066586,C-53-7871638-22,2026-07-28,36.59,3512.64,40.16
874997251340,C-53-7871730-22,2026-07-28,29.15,2798.4,97.3
874997344178,C-53-7871777-22,2026-07-28,31.34,3008.64,10.82
874997286815,C-43-43045-21,2026-07-28,55.89,5365.44,66.55
874997032967,C-43-41070-21,2026-07-28,96.99,9311.04,174.27
874997144128,C-53-7871688-22,2026-07-28,29.15,2798.4,18.93
874997102934,C-43-41648-21,2026-07-28,45.41,4359.36,62.67
874997121208,C-53-7871679-22,2026-07-28,32.55,3124.8,19.8
874997247060,C-43-42757-21,2026-07-28,36.59,3512.64,40.95
874997310776,C-43-43171-21,2026-07-28,28.06,2693.76,25.05
874997025987,C-43-40958-21,2026-07-28,32.55,3124.8,27.53
874997008734,C-43-40624-21,2026-07-28,63.76,6120.96,102.06
874997106789,C-43-41734-21,2026-07-28,63.76,6120.96,31.16
874997393978,C-43-43533-21,2026-07-28,19.04,1827.84,1.8
874997042291,C-53-7871626-22,2026-07-28,29.15,2798.4,10.61
874997295224,C-43-43096-21,2026-07-28,33.66,3231.36,29.63
874997354753,C-43-43473-21,2026-07-28,19.04,1827.84,7.65
874996945050,C-43-39181-21,2026-07-28,69.01,6624.96,92.22
874997233800,C-43-42729-21,2026-07-28,96.99,9311.04,90.64
874997111630,C-43-41820-21,2026-07-28,61.14,5869.44,88.65
874997425690,C-43-43620-21,2026-07-28,19.04,1827.84,2.55
874997445660,C-43-43650-21,2026-07-28,19.04,1827.84,4.59
874996995054,C-43-40518-21,2026-07-28,45.41,4359.36,42.91
874997218167,C-43-42608-21,2026-07-28,25.75,2472.0,7.03
874996978327,C-43-40208-21,2026-07-28,36.59,3512.64,48.88
874997094564,C-43-41625-21,2026-07-28,71.64,6877.44,171.74
874997398226,C-43-43562-21,2026-07-28,19.04,1827.84,3.0
874997327819,C-43-43202-21,2026-07-28,39.53,3794.88,95.94
874997015883,C-53-7871573-22,2026-07-28,71.64,6877.44,79.21
874997129974,C-43-41937-21,2026-07-28,55.89,5365.44,51.26
874997190127,C-43-42387-21,2026-07-28,45.41,4359.36,54.77
874997159705,C-43-42195-21,2026-07-28,50.64,4861.44,39.17
874997230499,C-43-42719-21,2026-07-28,53.27,5113.92,36.08
874997290564,C-43-43090-21,2026-07-28,42.47,4077.12,38.77
874997164266,C-43-42205-21,2026-07-28,53.27,5113.92,47.43
874997196592,C-53-7871710-22,2026-07-28,63.76,6120.96,53.83
874996964180,C-53-7871497-22,2026-07-28,32.55,3124.8,29.02
874997154677,C-43-42149-21,2026-07-28,36.59,3512.64,16.37
874997282794,C-43-43000-21,2026-07-28,93.38,8964.48,157.19
874997269065,C-43-42920-21,2026-07-28,74.26,7128.96,166.99
874997150226,C-43-42138-21,2026-07-28,32.55,3124.8,25.44
874996948070,C-43-39331-21,2026-07-28,71.64,6877.44,125.94
874997124858,C-43-41927-21,2026-07-28,50.64,4861.44,49.58
874997470373,C-4112724172,2026-07-28,68.05,6532.8,88.19
874997237644,C-43-42733-21,2026-07-28,36.59,3512.64,47.93
874997090617,C-43-41538-21,2026-07-28,28.06,2693.76,17.56
874997273002,C-43-42930-21,2026-07-28,58.52,5617.92,82.85
874996987251,C-43-40302-21,2026-07-28,45.41,4359.36,46.11
874997389747,C-43-43531-21,2026-07-28,19.04,1827.84,3.0
874996955966,C-43-39724-21,2026-07-28,32.55,3124.8,32.82
874997193115,C-43-42424-21,2026-07-28,63.76,6120.96,63.42
874996991390,C-53-7871538-22,2026-07-28,100.6,9657.6,122.73
874997384723,C-43-43527-21,2026-07-28,19.04,1827.84,6.12
874997117043,C-43-41915-21,2026-07-28,39.53,3794.88,47.24
874997435886,C-43-43559-21,2026-07-28,19.04,1827.84,1.8
874997201323,C-43-42504-21,2026-07-28,50.64,4861.44,46.76
874997416550,C-43-43610-21,2026-07-28,19.04,1827.84,4.59
874996998671,C-53-7871552-22,2026-07-28,24.78,2378.88,11.28
874997073691,C-43-41460-21,2026-07-28,32.55,3124.8,42.8
874997176281,C-53-7871697-22,2026-07-28,33.66,3231.36,25.48
874997071828,C-43-41449-21,2026-07-28,53.27,5113.92,81.15
874997340003,C-53-7871771-22,2026-07-28,58.52,5617.92,50.55
874997482079,C-43-42080-21,2026-07-28,284.12,27275.52,757.41
874997242600,C-43-42754-21,2026-07-28,61.14,5869.44,55.1
874997057191,C-53-7871634-22,2026-07-28,74.26,7128.96,141.46
874997204790,C-43-42505-21,2026-07-28,96.99,9311.04,77.82
874997220259,C-43-42710-21,2026-07-28,33.66,3231.36,31.03
874997003283,C-53-7871566-22,2026-07-28,32.55,3124.8,24.5
874997139162,C-43-42035-21,2026-07-28,133.1,12777.6,231.26
874997086463,C-43-41476-21,2026-07-28,107.82,10350.72,131.6
874997134366,C-53-7871684-22,2026-07-28,32.55,3124.8,23.27
874997307622,C-43-43123-21,2026-07-28,58.52,5617.92,46.77
874997258436,C-43-42867-21,2026-07-28,71.64,6877.44,167.5
874997477529,C-4115364498,2026-07-28,74.34,7136.64,90.88
874996968223,C-53-7871502-22,2026-07-28,33.66,3231.36,25.42
874997335622,C-43-43230-21,2026-07-28,39.53,3794.88,37.94
874997209964,C-53-7871714-22,2026-07-28,93.38,8964.48,109.24
874997487162,C-43-42226-21,2026-07-28,196.83,18895.68,330.27
874997363313,C-43-43493-21,2026-07-28,28.06,0.0,7.08
874997323066,C-43-43187-21,2026-07-28,50.64,4861.44,69.13
874997038461,C-43-41135-21,2026-07-28,45.41,4359.36,45.82
874997013207,C-53-7871570-22,2026-07-28,53.27,5113.92,69.79
874997474519,C-4113577326,2026-07-28,52.39,5029.44,73.93
874997349170,C-43-43465-21,2026-07-28,19.04,1827.84,1.2
874997214161,C-43-42546-21,2026-07-28,50.64,4861.44,27.91
874997315388,C-43-43177-21,2026-07-28,42.47,4077.12,54.91
874997171990,C-43-42254-21,2026-07-28,45.41,4359.36,43.18
874997167828,C-53-7871694-22,2026-07-28,42.47,4077.12,35.24
874996976828,C-43-40087-21,2026-07-28,66.39,6373.44,54.56
874997408702,C-43-43605-21,2026-07-28,19.04,1827.84,4.08
874997029217,C-53-7871606-22,2026-07-28,32.55,3124.8,30.02
874996951309,C-43-39539-21,2026-07-28,104.21,10004.16,116.08
874997021308,C-43-40798-21,2026-07-28,96.99,9311.04,91.0
874996939238,C-43-38926-21,2026-07-28,158.37,15203.52,255.04
874997180744,C-43-42269-21,2026-07-28,58.52,5617.92,99.61
874997053380,C-43-41264-21,2026-07-28,31.34,3008.64,0.0
874997295474,C-43-43122-21,2026-07-28,25.75,2472.0,9.74
874997186250,C-43-42352-21,2026-07-28,36.59,3512.64,23.96
874997369686,C-43-43495-21,2026-07-28,19.04,1827.84,4.08
874997264199,C-53-7871736-22,2026-07-28,39.53,3794.88,35.46
874997277339,C-43-42963-21,2026-07-28,74.26,7128.96,161.67
875053994517,C-43-41886-21,2026-07-29,248.9,23894.4,268.73
875053958493,C-43-41558-21,2026-07-29,42.56,4085.76,24.07
875053953837,C-53-7871643-22,2026-07-29,28.12,2699.52,17.83
875054133119,C-43-43168-21,2026-07-29,58.64,5629.44,84.84
875054172675,C-53-7871805-22,2026-07-29,50.75,4872.0,62.98
875054129506,C-43-43166-21,2026-07-29,58.64,5629.44,47.72
875053912127,C-43-40704-21,2026-07-29,53.39,5125.44,50.29
875054120093,C-43-43136-21,2026-07-29,58.64,5629.44,69.49
875054011604,C-43-41981-21,2026-07-29,97.2,9331.2,226.23
875054068349,C-43-42657-21,2026-07-29,147.86,14194.56,125.94
875054184370,C-43-43509-21,2026-07-29,19.08,1831.68,5.0
875054192368,C-43-43596-21,2026-07-29,19.08,1831.68,11.4
875053936000,C-53-7871623-22,2026-07-29,36.67,3520.32,26.34
875054180890,C-43-43490-21,2026-07-29,19.08,1831.68,3.57
875053966090,C-43-41563-21,2026-07-29,74.43,7145.28,83.13
875053938311,C-43-41352-21,2026-07-29,39.62,3803.52,38.41
875054122729,C-43-43147-21,2026-07-29,56.01,5376.96,65.4
875054026776,C-4108316369,2026-07-29,61.27,5881.92,74.88
875054135843,C-43-43197-21,2026-07-29,56.01,5376.96,78.47
875053947533,C-43-41463-21,2026-07-29,39.62,3803.52,33.7
875054167963,C-43-43332-21,2026-07-29,256.86,24658.56,296.85
875054151611,C-43-43306-21,2026-07-29,53.39,5125.44,60.75
875054108611,C-43-43057-21,2026-07-29,53.39,5125.44,38.39
875053925355,C-43-40944-21,2026-07-29,193.29,18555.84,188.24
875053969516,C-43-41618-21,2026-07-29,165.96,15932.16,355.6
875054146108,C-43-43235-21,2026-07-29,50.75,4872.0,51.91
875054089174,C-43-42898-21,2026-07-29,162.34,15584.64,166.66
875054057753,C-53-7871719-22,2026-07-29,50.75,4872.0,59.84
875053922713,C-43-40872-21,2026-07-29,42.56,4085.76,50.97
875054239050,C-43-43673-21,2026-07-29,19.08,1831.68,3.4
875053889044,C-43-40394-21,2026-07-29,45.51,4368.96,59.18
875054176166,C-43-43471-21,2026-07-29,19.08,1831.68,2.4
875053881710,C-43-40310-21,2026-07-29,140.63,13500.48,547.49
875054140500,C-43-43214-21,2026-07-29,71.8,6892.8,85.28
875053929810,C-53-7871609-22,2026-07-29,61.27,5881.92,55.52
875054225845,C-43-43666-21,2026-07-29,19.08,1831.68,15.0
875054060532,C-43-42634-21,2026-07-29,58.64,5629.44,72.84
875053985707,C-43-41819-21,2026-07-29,193.29,18555.84,169.42
875054004999,C-43-41946-21,2026-07-29,56.01,5376.96,63.72
875054114937,C-43-43094-21,2026-07-29,74.43,7145.28,115.41
875053943994,C-43-41425-21,2026-07-29,53.39,5125.44,43.74
875054085076,C-43-42882-21,2026-07-29,42.56,4085.76,22.62
875054053655,C-43-42597-21,2026-07-29,71.8,6892.8,79.77
875054002610,C-43-41909-21,2026-07-29,25.81,2477.76,54.62
875054117980,C-43-43107-21,2026-07-29,66.54,6387.84,52.46
875054199513,C-43-43608-21,2026-07-29,19.08,1831.68,3.6
875054018583,C-43-42044-21,2026-07-29,122.53,11762.88,136.53
875054033790,C-43-42290-21,2026-07-29,50.75,4872.0,65.04
875053901016,C-43-40647-21,2026-07-29,115.3,11068.8,119.49
875054217516,C-43-43561-21,2026-07-29,19.08,1831.68,3.06
875054080865,C-43-42843-21,2026-07-29,39.62,3803.52,31.81
875053990989,C-53-7871676-22,2026-07-29,56.01,5376.96,57.5
875054100415,C-43-43019-21,2026-07-29,45.51,4368.96,57.31
875054041169,C-43-42545-21,2026-07-29,22.4,2150.4,8.0
875054205410,C-43-43626-21,2026-07-29,19.08,0.0,5.52
875053979333,C-43-41766-21,2026-07-29,50.75,4872.0,45.76
875053850526,C-43-38585-21,2026-07-29,74.43,7145.28,86.15
875054073782,C-43-42756-21,2026-07-29,50.75,4872.0,68.93
875054164346,C-43-43328-21,2026-07-29,97.2,9331.2,136.7
875053866282,C-43-39855-21,2026-07-29,42.56,4085.76,35.03
875054046160,C-43-42566-21,2026-07-29,45.51,4368.96,27.47
875054070268,C-43-42697-21,2026-07-29,58.64,5629.44,105.53
875053982086,C-43-41812-21,2026-07-29,39.62,3803.52,39.93
875054104020,C-43-43024-21,2026-07-29,45.51,4368.96,39.13
875054077090,C-43-42769-21,2026-07-29,36.67,3520.32,13.15
875054023343,C-43-42255-21,2026-07-29,36.67,3520.32,26.19
875053915869,C-53-7871581-22,2026-07-29,53.39,5125.44,73.09
875054234060,C-43-43671-21,2026-07-29,19.08,1831.68,4.2
875054188961,C-43-43540-21,2026-07-29,19.08,1831.68,7.8
875054030242,C-43-42271-21,2026-07-29,22.4,2150.4,5.17
875054095456,C-43-42990-21,2026-07-29,36.67,3520.32,28.62
875053893507,C-43-40620-21,2026-07-29,56.01,5376.96,57.95
875054155812,C-43-43317-21,2026-07-29,28.12,2699.52,109.67
875053905033,C-43-40677-21,2026-07-29,66.54,6387.84,73.36
875054038048,C-4110173155,2026-07-29,97.2,9331.2,210.63
875054222066,C-43-43660-21,2026-07-29,19.08,1831.68,3.06
875053859795,C-43-39151-21,2026-07-29,56.01,5376.96,191.98
875054209334,C-43-43564-21,2026-07-29,19.08,1831.68,1.02
875053878345,C-53-7871528-22,2026-07-29,45.51,4368.96,91.72
875054093486,C-43-42965-21,2026-07-29,53.39,5125.44,51.92
875053976529,C-43-41762-21,2026-07-29,56.01,5376.96,83.18
875053873479,C-43-40147-21,2026-07-29,58.64,5629.44,97.78
875053893448,C-43-40400-21,2026-07-29,63.9,6134.4,77.47
875088892928,C-43-43590-21,2026-07-30,19.08,1831.68,2.4
875090704080,C-43-42781-21,2026-07-30,29.21,2494.1,0.0
875090704080,C-43-42936-21,2026-07-30,29.21,,0.0
875092339536,C-43-39771-21,2026-07-30,45.51,4367.04,73.16
875092353437,C-43-42936-21,2026-07-30,29.21,,0.0
875092343160,C-43-43209-21,2026-07-30,50.75,4870.08,51.48
875092345152,C-43-41586-21,2026-07-30,63.9,6132.48,96.94
875092350450,C-43-43590-21,2026-07-30,19.08,1831.68,2.4
875092353437,C-43-42781-21,2026-07-30,29.21,2494.1,0.0
875092342680,C-43-41312-21,2026-07-30,61.27,5880.0,21.18
875092346939,C-43-42800-21,2026-07-30,42.56,4083.84,69.92
875107673926,C-43-43102-21,2026-07-30,55.99,5375.04,66.33
875107457924,C-53-7871501-22,2026-07-30,25.8,2476.8,21.01
875107475761,C-43-40706-21,2026-07-30,29.2,2803.2,13.61
875107572342,C-43-42326-21,2026-07-30,71.77,6889.92,53.65
875107489757,C-43-41079-21,2026-07-30,45.49,4367.04,41.81
875107449981,C-43-39730-21,2026-07-30,45.49,4367.04,45.62
875107591359,C-43-42618-21,2026-07-30,61.25,5880.0,43.28
875107486140,C-53-7871594-22,2026-07-30,32.61,3130.56,32.28
875107828080,C-43-43809-21,2026-07-30,19.08,1831.68,1.2
875107479149,C-43-40821-21,2026-07-30,71.77,6889.92,326.13
875107541012,C-43-41847-21,2026-07-30,53.36,5122.56,62.53
875107784216,C-43-43550-21,2026-07-30,19.08,1831.68,7.8
875107652549,C-43-43061-21,2026-07-30,25.8,2476.8,50.51
875107675642,C-43-43112-21,2026-07-30,50.73,4870.08,35.25
875107838183,C-43-43821-21,2026-07-30,19.08,1831.68,0.0
875107720340,C-43-43324-21,2026-07-30,42.54,4083.84,34.08
875107775005,C-43-43625-21,2026-07-30,19.08,1831.68,7.65
875107546805,C-43-41939-21,2026-07-30,58.62,5627.52,38.13
875107814624,C-43-43763-21,2026-07-30,19.08,1831.68,6.0
875107808217,C-43-43743-21,2026-07-30,19.08,1831.68,1.2
875107437072,C-53-7871326-22,2026-07-30,53.36,5122.56,52.98
875107549322,C-43-41962-21,2026-07-30,45.49,4367.04,116.35
875107601170,C-43-42670-21,2026-07-30,69.14,6637.44,104.28
875107737026,C-43-43387-21,2026-07-30,19.08,1831.68,6.0
875107465510,C-43-40088-21,2026-07-30,53.36,5122.56,49.47
875107630420,C-43-42989-21,2026-07-30,45.49,4367.04,34.99
875107469516,C-43-40463-21,2026-07-30,55.99,5375.04,86.51
875107711221,C-43-43263-21,2026-07-30,66.51,6384.96,97.84
875107619697,C-43-42908-21,2026-07-30,53.36,5122.56,83.21
875107714757,C-43-43311-21,2026-07-30,69.14,6637.44,78.74
875107662491,C-4119821365,2026-07-30,61.25,5880.0,63.85
875107699320,C-43-43181-21,2026-07-30,39.6,3801.6,44.19
875107729841,C-53-7871807-22,2026-07-30,50.73,4870.08,45.05
875107689498,C-43-43155-21,2026-07-30,55.99,5375.04,47.68
875107819659,C-43-43768-21,2026-07-30,19.08,1831.68,0.6
875107633223,C-4117403062,2026-07-30,53.36,5122.56,46.48
875107445894,C-43-39579-21,2026-07-30,50.73,4870.08,37.16
875107703852,C-4099921993,2026-07-30,36.66,3519.36,28.03
875107791571,C-43-43647-21,2026-07-30,19.08,1831.68,7.8
875107810088,C-43-43754-21,2026-07-30,19.08,1831.68,1.0
875107865235,C-43-39714-21,2026-07-30,193.21,18548.16,315.63
875107608987,C-43-42824-21,2026-07-30,71.77,6889.92,130.86
875107533047,C-43-41663-21,2026-07-30,69.14,6637.44,128.71
875107787498,C-43-43646-21,2026-07-30,19.08,1831.68,6.0
875107869480,C-43-41158-21,2026-07-30,316.42,30376.32,594.23
875107567457,C-4108173057,2026-07-30,42.54,4083.84,45.57
875107623440,C-43-42915-21,2026-07-30,32.61,3130.56,42.52
875107752324,C-43-43483-21,2026-07-30,42.54,4083.84,224.61
875107638030,C-43-43040-21,2026-07-30,256.75,24648.0,143.98
875107523035,C-43-41470-21,2026-07-30,100.78,9674.88,143.08
875107605624,C-43-42800-21,2026-07-30,42.54,4083.84,69.92
875107558420,C-43-42109-21,2026-07-30,133.33,12799.68,235.84
875107444740,C-43-38825-21,2026-07-30,118.87,11411.52,119.85
875107681821,C-43-43118-21,2026-07-30,45.49,4367.04,74.43
875107803627,C-43-43723-21,2026-07-30,19.08,1831.68,0.6
875107570019,C-43-42258-21,2026-07-30,55.99,5375.04,92.96
875107645797,C-43-43060-21,2026-07-30,39.6,3801.6,26.44
875107665468,C-43-43071-21,2026-07-30,58.62,5627.52,68.71
875107771570,C-43-43623-21,2026-07-30,19.08,1831.68,5.8
875107441329,C-43-38357-21,2026-07-30,36.66,3519.36,207.84
875107552649,C-43-42027-21,2026-07-30,42.54,4083.84,53.69
875107845152,C-43-43824-21,2026-07-30,19.08,1831.68,0.6
875107579428,C-43-42376-21,2026-07-30,58.62,5627.52,43.9
875107717962,C-43-43322-21,2026-07-30,140.57,13494.72,222.96
875107483119,C-43-40842-21,2026-07-30,36.66,3519.36,46.38
875107562992,C-43-42179-21,2026-07-30,55.99,5375.04,479.75
875107613221,C-43-42857-21,2026-07-30,42.54,4083.84,43.13
875107668504,C-43-43092-21,2026-07-30,42.54,4083.84,43.89
875107503982,C-43-41312-21,2026-07-30,61.25,5880.0,21.18
875107834052,C-43-43820-21,2026-07-30,19.08,1831.68,2.55
875107748468,C-43-43464-21,2026-07-30,33.72,3237.12,34.78
875107764410,C-53-7871830-22,2026-07-30,19.08,1831.68,3.2
875107796036,C-43-43722-21,2026-07-30,19.08,1831.68,1.2
875107510539,C-43-41386-21,2026-07-30,36.66,3519.36,26.42
875107519054,C-4095154950,2026-07-30,50.73,4870.08,28.0
875107729392,C-43-43377-21,2026-07-30,50.73,4870.08,31.03
875107778585,C-43-43590-21,2026-07-30,19.08,1831.68,2.4
875107766044,C-43-43601-21,2026-07-30,19.08,1831.68,10.8
875107598320,C-43-42644-21,2026-07-30,45.49,4367.04,48.56
875107496760,C-43-41222-21,2026-07-30,39.6,3801.6,16.09
875107743709,C-43-43451-21,2026-07-30,32.61,3130.56,26.27
875107849022,C-43-43829-21,2026-07-30,19.08,1831.68,0.6
875107740240,C-43-43444-21,2026-07-30,36.66,3519.36,17.99
875107555383,C-43-42057-21,2026-07-30,74.4,7142.4,56.13
875107455038,C-43-39771-21,2026-07-30,45.49,4367.04,73.16
875107640453,C-43-43053-21,2026-07-30,53.36,5122.56,45.21
875107756580,C-43-43485-21,2026-07-30,19.08,1831.68,0.0
875107706211,C-43-43209-21,2026-07-30,50.73,4870.08,51.48
875107685713,C-43-43145-21,2026-07-30,55.99,5375.04,50.86
875107581277,C-43-42507-21,2026-07-30,53.36,5122.56,76.2
875107694214,C-43-43160-21,2026-07-30,66.51,6384.96,75.3
875107500034,C-43-41252-21,2026-07-30,100.78,9674.88,79.54
875107794000,C-43-43720-21,2026-07-30,19.08,1831.68,1.2
875107726257,C-43-43370-21,2026-07-30,33.72,3237.12,189.16
875107616242,C-43-42897-21,2026-07-30,55.99,5375.04,240.57
875107536127,C-43-41754-21,2026-07-30,25.8,2476.8,106.43
875107529548,C-43-41586-21,2026-07-30,63.88,6132.48,96.94
875107624229,C-43-42934-21,2026-07-30,42.54,4083.84,34.31
875107874700,C-43-41748-21,2026-07-30,61.25,5880.0,52.67
875135345251,C-43-42936-21,2026-07-30,29.2,,0.0
875135345251,C-43-42781-21,2026-07-30,29.2,2494.1,0.0
875136012729,C-43-42781-21,2026-07-30,29.2,2494.1,0.0
875136012729,C-43-42936-21,2026-07-30,29.2,,0.0
875136094660,C-43-42936-21,2026-07-30,29.2,,0.0
875136094660,C-43-42781-21,2026-07-30,29.2,2494.1,0.0
875144589489,C-43-42583-21,2026-07-31,39.6,4097.28,35.92
875160559026,C-43-43750-21,2026-07-31,19.14,1837.44,3.6
875160357359,C-43-42875-21,2026-07-31,69.35,6657.6,115.7
875160542443,C-43-43639-21,2026-07-31,71.99,6911.04,116.52
875160491004,C-43-43376-21,2026-07-31,39.72,3813.12,29.08
875160303256,C-43-42345-21,2026-07-31,93.84,9008.64,97.85
875160377203,C-43-42966-21,2026-07-31,93.84,9008.64,135.38
875160316120,C-43-42583-21,2026-07-31,42.68,4097.28,35.92
875160342816,C-43-42851-21,2026-07-31,111.98,10750.08,208.72
875160254140,C-43-41533-21,2026-07-31,97.47,9357.12,128.3
875160272908,C-43-42105-21,2026-07-31,42.68,4097.28,74.96
875160459549,C-43-43229-21,2026-07-31,31.49,3023.04,20.51
875160466389,C-43-43233-21,2026-07-31,32.71,3140.16,39.78
875160548500,C-43-43718-21,2026-07-31,19.14,1837.44,5.4
875160365482,C-43-42888-21,2026-07-31,58.8,5644.8,56.08
875160390520,C-4117617622,2026-07-31,50.89,4885.44,53.81
875160250329,C-43-41518-21,2026-07-31,39.72,3813.12,22.84
875160374260,C-4117930339,2026-07-31,66.72,6405.12,131.0
875160334440,C-43-42776-21,2026-07-31,42.68,4097.28,39.36
875160296011,C-43-42286-21,2026-07-31,69.35,6657.6,82.51
875160321792,C-43-42603-21,2026-07-31,42.68,4097.28,49.47
875160393379,C-4117695946,2026-07-31,42.68,4097.28,43.01
875160224295,C-43-41055-21,2026-07-31,56.17,5392.32,54.38
875160494860,C-43-43389-21,2026-07-31,39.72,3813.12,37.29
875160222330,C-43-41051-21,2026-07-31,45.63,4380.48,28.0
875160562673,C-43-43786-21,2026-07-31,19.14,1837.44,3.06
875160201375,C-43-39429-21,2026-07-31,148.27,14233.92,136.6
875160414234,C-43-43089-21,2026-07-31,36.77,3529.92,28.11
875160308085,C-43-42373-21,2026-07-31,74.63,7164.48,112.71
875160572891,C-43-43811-21,2026-07-31,19.14,1837.44,4.8
875160448129,C-43-43218-21,2026-07-31,42.68,4097.28,40.89
875160545372,C-43-43707-21,2026-07-31,19.14,1837.44,3.0
875160577459,C-43-43822-21,2026-07-31,19.14,1837.44,2.4
875160569792,C-43-43800-21,2026-07-31,19.14,1837.44,4.08
875160456469,C-43-43227-21,2026-07-31,74.63,7164.48,71.42
875160288399,C-4108153693,2026-07-31,45.63,4380.48,44.28
875160472980,C-43-43290-21,2026-07-31,39.72,3813.12,37.34
875160240843,C-43-41369-21,2026-07-31,45.63,4380.48,32.7
875160522750,C-43-43532-21,2026-07-31,64.08,6151.68,113.44
875160262458,C-43-41972-21,2026-07-31,36.77,3529.92,210.32
875160446939,C-43-43192-21,2026-07-31,25.88,2484.48,24.85
875160530509,C-43-43630-21,2026-07-31,19.14,1837.44,5.95
875160555307,C-43-43741-21,2026-07-31,19.14,1837.44,3.57
875160369606,C-53-7871737-22,2026-07-31,32.71,3140.16,25.14
875160417895,C-43-43098-21,2026-07-31,50.89,4885.44,51.74
875160319601,C-43-42591-21,2026-07-31,50.89,4885.44,57.4
875160504420,C-43-43488-21,2026-07-31,159.15,15278.4,172.4
875160581554,C-43-43833-21,2026-07-31,19.14,1837.44,2.4
875160285713,C-4104810284,2026-07-31,66.72,6405.12,69.23
875160420527,C-43-43104-21,2026-07-31,69.35,6657.6,73.61
875160289708,C-43-42264-21,2026-07-31,61.44,5898.24,53.64
875160210575,C-43-39837-21,2026-07-31,66.72,6405.12,109.18
875160383448,C-43-42967-21,2026-07-31,45.63,4380.48,30.73
875160260271,C-43-41798-21,2026-07-31,36.77,3529.92,43.54
875160229974,C-43-41259-21,2026-07-31,108.35,10401.6,71.28
875160252880,C-43-41556-21,2026-07-31,93.84,9008.64,150.3
875160312294,C-43-42494-21,2026-07-31,162.78,15626.88,525.85
875160443425,C-43-43186-21,2026-07-31,61.44,5898.24,73.44
875160409636,C-43-43078-21,2026-07-31,97.47,9357.12,68.36
875160349626,C-43-42865-21,2026-07-31,108.35,10401.6,74.33
875160245694,C-43-41496-21,2026-07-31,185.84,17840.64,292.47
875160233576,C-43-41268-21,2026-07-31,53.53,5138.88,52.06
875160436033,C-43-43139-21,2026-07-31,25.88,2484.48,24.73
875160265490,C-43-42043-21,2026-07-31,317.36,30466.56,219.89
875160498226,C-43-43419-21,2026-07-31,39.72,3813.12,32.05
875160205750,C-43-39664-21,2026-07-31,104.72,10053.12,68.35
875160404450,C-43-43058-21,2026-07-31,42.68,4097.28,36.63
875160583811,C-43-43840-21,2026-07-31,19.14,1837.44,6.12
875160429465,C-43-43131-21,2026-07-31,53.53,5138.88,43.96
875160195273,C-43-39252-21,2026-07-31,69.35,6657.6,394.61
875160486601,C-53-7871803-22,2026-07-31,33.82,3246.72,31.94
875160517133,C-43-43528-21,2026-07-31,19.14,1837.44,7.8
875160346454,C-43-42856-21,2026-07-31,33.82,3246.72,9.76
875160484116,C-43-43319-21,2026-07-31,50.89,4885.44,42.27
875160478500,C-43-43313-21,2026-07-31,53.53,5138.88,39.24
875160329874,C-43-42637-21,2026-07-31,29.29,2811.84,17.85
875160216470,C-43-40608-21,2026-07-31,32.71,3140.16,19.97
875160514568,C-43-43517-21,2026-07-31,71.99,6911.04,196.14
875160509400,C-43-43505-21,2026-07-31,58.8,5644.8,88.35
875160245010,C-43-41438-21,2026-07-31,50.89,4885.44,65.84
875160237777,C-43-41279-21,2026-07-31,45.63,4380.48,50.28
875160276579,C-53-7871689-22,2026-07-31,45.63,4380.48,45.68
875160398646,C-53-7871748-22,2026-07-31,36.77,3529.92,33.96
875160325890,C-53-7871720-22,2026-07-31,74.63,7164.48,98.55
875160269279,C-43-42092-21,2026-07-31,66.72,6405.12,101.51
875160537992,C-43-43632-21,2026-07-31,19.14,1837.44,6.0
875160565639,C-43-43795-21,2026-07-31,19.14,1837.44,2.55
875160220061,C-43-40912-21,2026-07-31,36.77,3529.92,53.17
875160527465,C-43-43628-21,2026-07-31,39.72,3813.12,27.32
875160338170,C-43-42778-21,2026-07-31,32.71,3140.16,12.93
875160385245,C-43-43017-21,2026-07-31,39.72,3813.12,31.26
,C-43-42781-21,2026-07-31,0.0,2494.1,0.0
,C-43-42781-21,2026-07-31,0.0,2494.1,0.0
875165381344,C-43-42781-21,2026-07-31,25.88,2494.1,0.0
875165510910,C-43-42781-21,2026-07-31,25.88,2494.1,0.0
875165908852,C-43-42781-21,2026-07-31,25.88,2494.1,0.0
875166990878,C-43-42781-21,2026-07-31,25.88,2494.1,0.0
875192827138,C-43-43067-21,2026-08-01,58.8,5644.8,108.91
875192842470,C-53-7871796-22,2026-08-01,29.29,2811.84,20.76
875192804869,C-43-40701-21,2026-08-01,42.68,4097.28,0.0
875192851658,C-43-43445-21,2026-08-01,31.49,3023.04,0.0
875192827470,C-43-43082-21,2026-08-01,56.17,5392.32,47.0
875192825661,C-43-43051-21,2026-08-01,33.82,3246.72,28.03
875192841750,C-4121472078,2026-08-01,25.88,2484.48,6.4
875192862298,C-43-43534-21,2026-08-01,101.1,9705.6,129.02
875192815638,C-43-42665-21,2026-08-01,74.63,7164.48,41.02
875192823073,C-4118685299,2026-08-01,42.68,4097.28,47.58
875192832939,C-53-7871772-22,2026-08-01,33.82,3246.72,29.6
875192813679,C-43-42008-21,2026-08-01,39.72,3813.12,50.68
875192813793,C-43-42052-21,2026-08-01,42.68,4097.28,31.19
875192843487,C-43-43348-21,2026-08-01,32.71,3140.16,22.62
875192809312,C-43-41576-21,2026-08-01,130.12,12491.52,282.33
875192816450,C-53-7871718-22,2026-08-01,32.71,3140.16,19.4
875192816380,C-43-42337-21,2026-08-01,45.63,4380.48,43.89
875192871307,C-43-43937-21,2026-08-01,19.14,1837.44,1.2
875192811805,C-43-42124-21,2026-08-01,42.68,4097.28,50.42
875192869010,C-43-43893-21,2026-08-01,19.14,1837.44,0.6
875192834450,C-43-43245-21,2026-08-01,45.63,4380.48,49.23
875192824849,C-43-43034-21,2026-08-01,50.89,4885.44,68.62
875192839977,C-4122322915,2026-08-01,61.44,5898.24,31.11
875192867418,C-43-43856-21,2026-08-01,19.14,1837.44,4.8
875192858619,C-43-43511-21,2026-08-01,71.99,6911.04,100.54
875192860001,C-43-43523-21,2026-08-01,36.77,3529.92,32.73
875192871638,C-43-43939-21,2026-08-01,19.14,1837.44,2.0
875192876066,C-53-7871580-22,2026-08-01,229.7,0.0,351.91
875192823706,C-43-43027-21,2026-08-01,42.68,4097.28,39.28
875192865551,C-43-43831-21,2026-08-01,19.14,1837.44,3.0
875192864990,C-43-43792-21,2026-08-01,19.14,1837.44,7.14
875192803509,C-53-7871543-22,2026-08-01,71.99,6911.04,119.23
875192810706,C-43-41638-21,2026-08-01,108.35,10401.6,105.97
875192804295,C-53-7871544-22,2026-08-01,53.53,5138.88,49.63
875192838157,C-53-7871783-22,2026-08-01,33.82,3246.72,32.96
875192810794,C-43-41989-21,2026-08-01,56.17,5392.32,98.01
875192802351,C-43-40002-21,2026-08-01,58.8,5644.8,101.52
875192799097,C-43-39430-21,2026-08-01,58.8,5644.8,42.12
875192846361,C-43-43420-21,2026-08-01,36.77,3529.92,31.66
875192800212,C-53-7871500-22,2026-08-01,29.29,2811.84,16.5
875192807044,C-43-40941-21,2026-08-01,45.63,4380.48,63.17
875192856693,C-43-43510-21,2026-08-01,24.9,2390.4,31.71
875192830811,C-43-43167-21,2026-08-01,42.68,4097.28,41.38
875192815101,C-43-42141-21,2026-08-01,56.17,5392.32,72.57
875192855859,C-43-43475-21,2026-08-01,56.17,5392.32,30.74
875192835504,C-43-43266-21,2026-08-01,29.29,2811.84,24.09
875192848240,C-43-43422-21,2026-08-01,36.77,3529.92,25.49
875192820898,C-43-42828-21,2026-08-01,42.68,4097.28,60.38
875192805410,C-43-40766-21,2026-08-01,58.8,5644.8,125.05
875192866271,C-43-43834-21,2026-08-01,19.14,1837.44,4.59
875192818442,C-43-42715-21,2026-08-01,69.35,6657.6,136.54
875192874361,C-4119847840,2026-08-01,98.18,9425.28,82.09
875192828502,C-4119636520,2026-08-01,53.53,5138.88,62.52
875192821390,C-4117268201,2026-08-01,39.72,3813.12,28.03
875192808257,C-43-41288-21,2026-08-01,104.72,10053.12,155.37
875192817090,C-43-42407-21,2026-08-01,45.63,4380.48,55.43
875192836989,C-43-43288-21,2026-08-01,39.72,3813.12,66.36
875192868208,C-43-43872-21,2026-08-01,19.14,1837.44,4.08
875192820876,C-53-7871729-22,2026-08-01,42.68,4097.28,23.94
875192825856,C-43-43075-21,2026-08-01,33.82,3246.72,35.41
875192859199,C-43-43512-21,2026-08-01,19.14,1837.44,41.82
875192799855,C-43-39707-21,2026-08-01,104.72,10053.12,344.62
875192817825,C-43-42642-21,2026-08-01,74.63,7164.48,79.88
875192854911,C-43-43474-21,2026-08-01,50.89,4885.44,54.04
875192802318,C-43-40263-21,2026-08-01,64.08,6151.68,81.95
875192829325,C-53-7871761-22,2026-08-01,33.82,3246.72,26.42
875192807813,C-53-7871616-22,2026-08-01,61.44,5898.24,67.55
875192860571,C-43-43772-21,2026-08-01,19.14,1837.44,3.0
875192869190,C-43-43916-21,2026-08-01,19.14,1837.44,4.2
875192849636,C-43-43431-21,2026-08-01,39.72,3813.12,28.04
875192832295,C-43-43188-21,2026-08-01,45.63,4380.48,61.63
875192856649,C-43-43491-21,2026-08-01,32.71,3140.16,18.47
875192810040,C-43-41677-21,2026-08-01,104.72,10053.12,62.53
875192831163,C-43-43184-21,2026-08-01,39.72,3813.12,38.83
875192811952,C-43-41883-21,2026-08-01,53.53,5138.88,52.84
875192810739,C-43-41672-21,2026-08-01,53.53,5138.88,123.79
875192852850,C-43-43457-21,2026-08-01,45.63,4380.48,61.4
875226096116,C-43-42781-21,2026-08-03,26.15,2494.1,0.0
875228161702,C-43-44103-21,2026-08-03,64.75,0.0,0.0
875233163196,C-43-44102-21,2026-08-03,67.41,12860.84,0.0
875238452188,C-43-44102-21,2026-08-03,67.45,12860.84,0.0
875241560244,C-43-44109-21,2026-08-03,67.45,6430.6,0.7
875253596904,C-4108532639,2026-08-03,152.59,14569.0,200.99
875252096320,C-43-39367-21,2026-08-03,26.16,2494.1,117.57
875252361941,C-4115897736,2026-08-03,113.21,10793.3,146.73
875253147732,C-43-43926-21,2026-08-03,19.32,1844.4,3.57
875252257019,C-43-41821-21,2026-08-03,34.19,3259.7,22.52
875253056675,C-43-43857-21,2026-08-03,19.35,1844.4,6.6
875252746070,C-43-43378-21,2026-08-03,56.78,5413.6,60.5
875252137643,C-43-40747-21,2026-08-03,37.17,3544.2,55.56
875253136404,C-43-43923-21,2026-08-03,19.32,1844.4,6.0
875252827365,C-43-43432-21,2026-08-03,22.71,2164.7,32.86
875253624106,C-43-42114-21,2026-08-03,352.56,33662.7,402.16
875252863308,C-43-43586-21,2026-08-03,19.35,1844.4,9.18
875252728255,C-43-43371-21,2026-08-03,54.12,5159.4,46.46
875252481177,C-43-43146-21,2026-08-03,59.45,5667.9,52.18
875252156991,C-53-7871596-22,2026-08-03,70.11,6684.5,119.23
875252851896,C-43-43501-21,2026-08-03,29.62,2823.6,36.68
875253069848,C-43-43876-21,2026-08-03,19.35,1844.4,3.6
875252429014,C-4118157676,2026-08-03,56.78,5413.6,74.19
875253084425,C-43-43898-21,2026-08-03,19.35,1844.4,4.08
875252913008,C-43-42838-21,2026-08-03,19.35,1844.4,1.8
875252112856,C-53-7871571-22,2026-08-03,40.16,3828.8,33.49
875252636434,C-43-43284-21,2026-08-03,33.07,3152.8,83.98
875253013823,C-43-43828-21,2026-08-03,19.35,1844.4,5.1
875252458205,C-43-43100-21,2026-08-03,54.12,5159.4,46.6
875253206404,C-43-43947-21,2026-08-03,19.32,1844.4,6.6
875252704166,C-43-43360-21,2026-08-03,26.16,2494.1,22.53
875252351388,C-43-42869-21,2026-08-03,59.45,5667.9,141.89
875253111488,C-43-43913-21,2026-08-03,19.32,1844.4,5.4
875252680143,C-43-43323-21,2026-08-03,56.78,5413.6,73.26
875253610978,C-43-41228-21,2026-08-03,300.3,28672.6,564.89
875252935160,C-43-43739-21,2026-08-03,26.16,2494.1,99.21
875252609809,C-43-43254-21,2026-08-03,67.45,6430.6,43.78
875252986106,C-43-43794-21,2026-08-03,19.35,1844.4,4.2
875252791420,C-43-43386-21,2026-08-03,37.17,3544.2,27.24
875253160843,C-43-43927-21,2026-08-03,19.32,1844.4,4.2
875252436472,C-43-43037-21,2026-08-03,33.07,3152.8,74.07
875253649143,C-43-43688-21,2026-08-03,465.81,44475.5,727.9
875252396751,C-4118785755,2026-08-03,40.16,3828.8,33.62
875252221670,C-43-41555-21,2026-08-03,51.45,4905.1,68.0
875252212789,C-43-41495-21,2026-08-03,54.12,5159.4,58.73
875252713013,C-43-43364-21,2026-08-03,40.16,3828.8,34.9
875252176765,C-43-41246-21,2026-08-03,56.78,5413.6,90.36
875252322602,C-43-42794-21,2026-08-03,22.71,2164.7,17.14
875252104961,C-43-40466-21,2026-08-03,28.51,2717.7,5.24
875253124834,C-43-43915-21,2026-08-03,19.32,1844.4,2.55
875252811024,C-43-43395-21,2026-08-03,260.37,24824.0,325.31
875252419918,C-4119415139,2026-08-03,64.78,6176.3,130.15
875252245287,C-53-7871666-22,2026-08-03,120.55,11492.8,89.75
875252231578,C-43-41581-21,2026-08-03,59.45,5667.9,61.87
875253027727,C-43-43830-21,2026-08-03,19.35,1844.4,3.6
875252443740,C-53-7871753-22,2026-08-03,37.17,3544.2,35.84
875252874393,C-43-43557-21,2026-08-03,51.45,4905.1,34.69
875253636029,C-43-42448-21,2026-08-03,348.6,33284.1,641.82
875252774200,C-43-43384-21,2026-08-03,51.45,4905.1,37.81
875252334639,C-4115966411,2026-08-03,37.17,3544.2,28.03
875252582886,C-43-43220-21,2026-08-03,70.11,6684.5,65.09
875252295487,C-43-42553-21,2026-08-03,43.14,4113.4,33.72
875252493090,C-43-43151-21,2026-08-03,46.13,4398.3,38.26
875252664949,C-43-43308-21,2026-08-03,33.07,3152.8,18.26
875252758383,C-43-43383-21,2026-08-03,43.14,4113.4,24.37
875252592979,C-53-7871774-22,2026-08-03,26.16,2494.1,13.58
875252996162,C-43-43813-21,2026-08-03,19.35,1844.4,5.1
875252266984,C-43-42090-21,2026-08-03,43.14,4113.4,63.92
875253096819,C-43-43907-21,2026-08-03,19.35,1844.4,3.0
875252470077,C-43-43111-21,2026-08-03,40.16,3828.8,106.87
875252274456,C-43-42119-21,2026-08-03,124.21,11842.4,227.94
875252951020,C-43-43762-21,2026-08-03,19.35,1844.4,8.16
875252624430,C-43-43275-21,2026-08-03,40.16,3828.8,27.84
875252286368,C-43-42341-21,2026-08-03,51.45,4905.1,38.95
875252145906,C-43-40767-21,2026-08-03,64.78,6176.3,98.84
875252203008,C-43-41477-21,2026-08-03,26.16,2494.1,25.88
875252186104,C-43-41265-21,2026-08-03,31.84,3035.4,3.74
875252167532,C-53-7871600-22,2026-08-03,25.17,2399.8,17.27
875252692456,C-43-43354-21,2026-08-03,43.14,4113.4,44.73
875252368832,C-43-42950-21,2026-08-03,51.45,4905.1,64.18
875252404650,C-43-43018-21,2026-08-03,54.12,5159.4,37.25
875252072848,C-53-7871380-22,2026-08-03,56.78,5413.6,67.95
875252532002,C-43-43180-21,2026-08-03,75.44,7192.9,134.62
875252901563,C-43-43670-21,2026-08-03,59.45,5667.9,59.46
875252885975,C-43-43631-21,2026-08-03,40.16,3828.8,40.8
875252341468,C-43-42836-21,2026-08-03,51.45,4905.1,86.53
875252967188,C-43-43780-21,2026-08-03,19.35,1844.4,6.0
875252545150,C-43-43200-21,2026-08-03,46.13,4398.3,41.77
875252123154,C-43-40680-21,2026-08-03,56.78,5413.6,106.7
875253042944,C-43-43855-21,2026-08-03,19.35,1844.4,4.59
875252559796,C-53-7871764-22,2026-08-03,64.78,6176.3,91.01
875252194856,C-53-7871628-22,2026-08-03,183.85,17528.0,207.26
875253181360,C-43-43928-21,2026-08-03,19.32,1844.4,8.4
875252311969,C-43-42627-21,2026-08-03,37.17,3544.2,47.14
875252572602,C-43-43208-21,2026-08-03,26.16,2494.1,31.13
875252086330,C-43-39284-21,2026-08-03,40.16,3828.8,24.56
875252838811,C-43-43489-21,2026-08-03,138.88,13241.2,163.6
875252384688,C-4118640161,2026-08-03,40.16,3828.8,35.55
875252651732,C-43-43303-21,2026-08-03,40.16,3828.8,37.86
875252497750,C-43-43150-21,2026-08-03,59.45,5667.9,98.87
875289980517,C-43-42781-21,2026-08-04,26.16,2494.1,0.0
875310759456,C-4120510420,2026-08-04,102.16,9744.02,140.2
875310188310,C-43-40858-21,2026-08-04,146.16,14031.36,133.05
,C-43-43942-21,2026-08-04,0.0,1856.64,9.0
875310882711,C-43-43320-21,2026-08-04,54.09,5192.64,545.39
875310785545,C-43-43262-21,2026-08-04,51.43,4937.28,70.03
875310453600,C-43-42426-21,2026-08-04,75.41,7239.36,122.49
,C-43-44032-21,2026-08-04,0.0,1856.64,0.6
875310802405,C-43-43265-21,2026-08-04,37.16,3567.36,37.61
,C-43-43450-21,2026-08-04,0.0,6984.0,97.39
875310765234,C-43-43207-21,2026-08-04,56.76,5448.96,55.8
875310976384,C-43-39899-21,2026-08-04,88.26,0.0,89.75
,C-43-43759-21,2026-08-04,0.0,4140.48,44.93
,C-43-44094-21,2026-08-04,0.0,1856.64,4.2
875310700123,C-43-43108-21,2026-08-04,51.43,4937.28,47.61
875310271876,C-53-7871655-22,2026-08-04,34.18,3281.28,28.54
875310517178,C-43-42816-21,2026-08-04,116.83,11215.68,92.95
875310243030,C-43-41502-21,2026-08-04,109.49,10511.04,223.78
,C-43-43375-21,2026-08-04,0.0,5448.96,62.21
875310608588,C-43-42980-21,2026-08-04,124.16,11919.36,190.02
875310672575,C-43-43097-21,2026-08-04,105.83,10159.68,147.25
875310109628,C-53-7871449-22,2026-08-04,75.41,7239.36,117.02
,C-43-43732-21,2026-08-04,0.0,1856.64,7.8
,C-43-43486-21,2026-08-04,0.0,4140.48,63.39
,C-43-44112-21,2026-08-04,0.0,1856.64,6.63
,C-43-43695-21,2026-08-04,0.0,2841.6,26.5
875310923807,C-43-43353-21,2026-08-04,64.75,6216.0,87.34
,C-43-43714-21,2026-08-04,0.0,1856.64,2.0
875310710179,C-43-43114-21,2026-08-04,40.14,3853.44,51.56
,C-43-43541-21,2026-08-04,0.0,3281.28,161.19
875310948763,C-53-7871476-22,2026-08-04,272.41,0.0,648.21
875310098101,C-43-37299-21,2026-08-04,72.75,6984.0,57.14
,C-43-44176-21,2026-08-04,0.0,1856.64,2.4
875310403271,C-43-41838-21,2026-08-04,70.08,6727.68,80.45
,C-43-43652-21,2026-08-04,0.0,2841.6,19.91
875310197050,C-53-7871612-22,2026-08-04,33.06,3173.76,18.54
875310293285,C-43-41755-21,2026-08-04,105.83,10159.68,104.76
,C-43-43449-21,2026-08-04,0.0,6984.0,74.28
875310490421,C-53-7871724-22,2026-08-04,33.06,3173.76,24.46
,C-43-43468-21,2026-08-04,0.0,5192.64,45.84
875310436480,C-43-42351-21,2026-08-04,43.13,4140.48,135.37
,C-43-43838-21,2026-08-04,0.0,1856.64,4.0
875310368140,C-43-41756-21,2026-08-04,54.09,5192.64,62.43
,C-43-44163-21,2026-08-04,0.0,1856.64,1.8
875310478166,C-43-42659-21,2026-08-04,40.14,3853.44,41.84
875310499430,C-4113643914,2026-08-04,43.13,4113.74,39.37
875310206426,C-43-41299-21,2026-08-04,67.42,6472.32,0.0
875310546921,C-43-42872-21,2026-08-04,116.83,11215.68,180.71
,C-43-43658-21,2026-08-04,0.0,3567.36,22.02
,C-43-44071-21,2026-08-04,0.0,1856.64,1.02
875310962583,C-53-7871708-22,2026-08-04,149.83,0.0,361.85
875310896968,C-43-43334-21,2026-08-04,46.11,4426.56,39.46
875310860670,C-4122483788,2026-08-04,46.11,4397.97,41.34
,C-43-43742-21,2026-08-04,0.0,4426.56,30.37
,C-4123929471,2026-08-04,0.0,2494.19,13.46
,C-43-43914-21,2026-08-04,0.0,1856.64,8.0
875310911310,C-43-43337-21,2026-08-04,70.08,6727.68,119.15
875310568444,C-43-42922-21,2026-08-04,70.08,6727.68,38.43
,C-43-43941-21,2026-08-04,0.0,1856.64,7.2
875310505417,C-43-42804-21,2026-08-04,59.42,5704.32,89.1
875310178960,C-43-40691-21,2026-08-04,70.08,6727.68,103.71
875310218875,C-43-41375-21,2026-08-04,138.83,13327.68,141.12
,C-43-44065-21,2026-08-04,0.0,1856.64,4.08
875310816136,C-43-43270-21,2026-08-04,51.43,4937.28,127.18
875310853690,C-4120793656,2026-08-04,37.16,3544.32,41.34
875310414500,C-43-42202-21,2026-08-04,46.11,4426.56,45.74
,C-43-43403-21,2026-08-04,0.0,4426.56,48.52
875310141675,C-43-39790-21,2026-08-04,62.09,5960.64,87.81
875310557080,C-43-42883-21,2026-08-04,51.43,4937.28,57.37
,C-43-44151-21,2026-08-04,0.0,1856.64,1.8
,C-43-44125-21,2026-08-04,0.0,1856.64,6.0
875310748139,C-43-43173-21,2026-08-04,46.11,4426.56,64.21
,C-43-44048-21,2026-08-04,0.0,1856.64,7.48
875310252804,C-43-41539-21,2026-08-04,54.09,5192.64,74.84
875310150485,C-53-7871484-22,2026-08-04,98.5,9456.0,257.3
875310130440,C-43-39789-21,2026-08-04,72.75,6984.0,109.99
875310581772,C-4118010433,2026-08-04,46.11,4397.97,55.46
875310169921,C-43-40581-21,2026-08-04,187.8,18028.8,303.77
875310225476,C-43-41494-21,2026-08-04,109.49,10511.04,94.04
875310388315,C-43-41809-21,2026-08-04,51.43,4937.28,33.64
875310664934,C-43-43086-21,2026-08-04,142.49,13679.04,215.22
,C-43-44005-21,2026-08-04,0.0,1856.64,3.0
875310465800,C-43-42472-21,2026-08-04,67.42,6472.32,121.29
875310775408,C-43-43217-21,2026-08-04,37.16,3567.36,31.08
,C-43-43530-21,2026-08-04,0.0,19575.36,153.79
,C-43-43355-21,2026-08-04,0.0,5463.36,55.56
,C-43-43903-21,2026-08-04,0.0,1856.64,4.08
875310261912,C-43-41549-21,2026-08-04,34.18,3281.28,26.22
875310642984,C-43-43063-21,2026-08-04,56.76,5448.96,0.0
875310119835,C-43-39635-21,2026-08-04,28.49,2841.6,57.27
875310653845,C-43-43064-21,2026-08-04,62.09,5960.64,76.06
875310423402,C-43-42278-21,2026-08-04,51.43,4937.28,47.94
,C-43-43622-21,2026-08-04,0.0,3567.36,24.57
,C-43-43362-21,2026-08-04,0.0,5448.96,50.56
,C-43-43506-21,2026-08-04,0.0,14031.36,125.64
875310686755,C-43-43103-21,2026-08-04,46.11,4426.56,81.15
875310623062,C-43-42987-21,2026-08-04,64.75,6216.0,86.13
875310525901,C-43-42826-21,2026-08-04,33.06,3173.76,26.18
,C-43-43852-21,2026-08-04,0.0,1856.64,9.6
,C-43-43895-21,2026-08-04,0.0,1856.64,6.6
875310720776,C-43-43133-21,2026-08-04,37.16,3567.36,41.73
875310635824,C-4117769970,2026-08-04,29.6,2823.25,41.1
875310733971,C-43-43169-21,2026-08-04,37.16,3567.36,68.77
875310538165,C-4116142411,2026-08-04,19.34,1844.65,1.2
875310874194,C-4122176305,2026-08-04,70.08,6684.23,175.39
875310379207,C-43-41805-21,2026-08-04,75.41,7239.36,49.0
875310593592,C-53-7871742-22,2026-08-04,37.16,3567.36,37.29
875310843840,C-43-43295-21,2026-08-04,51.43,4937.28,52.82
,C-43-44097-21,2026-08-04,0.0,1856.64,1.53
875310832305,C-43-43279-21,2026-08-04,149.83,14383.68,108.83
,C-4125962663,2026-08-04,0.0,2823.25,34.4
875310159541,C-53-7871547-22,2026-08-04,37.16,3567.36,34.14
875310444960,C-43-42413-21,2026-08-04,94.83,9103.68,95.39
,C-43-43903-21,2026-08-04,0.0,1856.64,4.08
,C-43-42804-21,2026-08-04,0.0,5704.32,89.1
,C-43-43759-21,2026-08-04,0.0,4140.48,44.93
,C-43-43169-21,2026-08-04,0.0,3567.36,68.77
,C-43-41809-21,2026-08-04,0.0,4937.28,33.64
,C-4117769970,2026-08-04,0.0,2823.25,41.1
,C-43-43714-21,2026-08-04,0.0,1856.64,2.0
,C-43-42426-21,2026-08-04,0.0,7239.36,122.49
,C-43-43355-21,2026-08-04,0.0,5463.36,55.56
,C-43-44151-21,2026-08-04,0.0,1856.64,1.8
,C-43-41805-21,2026-08-04,0.0,7239.36,49.0
,C-43-43133-21,2026-08-04,0.0,3567.36,41.73
,C-43-39635-21,2026-08-04,0.0,2841.6,57.27
,C-4118010433,2026-08-04,0.0,4397.97,55.46
,C-43-43108-21,2026-08-04,0.0,4937.28,47.61
,C-43-43375-21,2026-08-04,0.0,5448.96,62.21
,C-43-43262-21,2026-08-04,0.0,4937.28,70.03
,C-43-43064-21,2026-08-04,0.0,5960.64,76.06
,C-43-42826-21,2026-08-04,0.0,3173.76,26.18
,C-43-43852-21,2026-08-04,0.0,1856.64,9.6
,C-43-43362-21,2026-08-04,0.0,5448.96,50.56
,C-43-43530-21,2026-08-04,0.0,19575.36,153.79
,C-43-43941-21,2026-08-04,0.0,1856.64,7.2
,C-53-7871612-22,2026-08-04,0.0,3173.76,18.54
,C-43-44094-21,2026-08-04,0.0,1856.64,4.2
,C-43-42872-21,2026-08-04,0.0,11215.68,180.71
,C-43-43097-21,2026-08-04,0.0,10159.68,147.25
,C-4120793656,2026-08-04,0.0,3544.32,41.34
,C-43-42816-21,2026-08-04,0.0,11215.68,92.95
,C-43-42351-21,2026-08-04,0.0,4140.48,135.37
,C-43-43173-21,2026-08-04,0.0,4426.56,64.21
,C-43-43103-21,2026-08-04,0.0,4426.56,81.15
,C-53-7871655-22,2026-08-04,0.0,3281.28,28.54
,C-43-42987-21,2026-08-04,0.0,6216.0,86.13
,C-43-44112-21,2026-08-04,0.0,1856.64,6.63
,C-43-42202-21,2026-08-04,0.0,4426.56,45.74
,C-4125962663,2026-08-04,0.0,2823.25,34.4
,C-43-42472-21,2026-08-04,0.0,6472.32,121.29
,C-43-43622-21,2026-08-04,0.0,3567.36,24.57
,C-43-43114-21,2026-08-04,0.0,3853.44,51.56
,C-43-43541-21,2026-08-04,0.0,3281.28,161.19
,C-53-7871484-22,2026-08-04,0.0,9456.0,257.3
,C-43-43334-21,2026-08-04,0.0,4426.56,39.46
,C-43-41375-21,2026-08-04,0.0,13327.68,141.12
,C-43-42659-21,2026-08-04,0.0,3853.44,41.84
,C-4113643914,2026-08-04,0.0,4113.74,39.37
,C-43-43353-21,2026-08-04,0.0,6216.0,87.34
,C-43-43279-21,2026-08-04,0.0,14383.68,108.83
,C-43-43265-21,2026-08-04,0.0,3567.36,37.61
,C-43-44097-21,2026-08-04,0.0,1856.64,1.53
,C-43-42980-21,2026-08-04,0.0,11919.36,190.02
,C-43-43295-21,2026-08-04,0.0,4937.28,52.82
,C-43-44071-21,2026-08-04,0.0,1856.64,1.02
,C-43-41494-21,2026-08-04,0.0,10511.04,94.04
,C-43-43695-21,2026-08-04,0.0,2841.6,26.5
,C-4122176305,2026-08-04,0.0,6684.23,175.39
,C-43-44176-21,2026-08-04,0.0,1856.64,2.4
,C-4123929471,2026-08-04,0.0,2494.19,13.46
,C-43-43838-21,2026-08-04,0.0,1856.64,4.0
,C-43-41549-21,2026-08-04,0.0,3281.28,26.22
,C-43-43652-21,2026-08-04,0.0,2841.6,19.91
,C-43-41299-21,2026-08-04,0.0,6472.32,0.0
,C-43-41539-21,2026-08-04,0.0,5192.64,74.84
,C-43-40581-21,2026-08-04,0.0,18028.8,303.77
,C-43-43895-21,2026-08-04,0.0,1856.64,6.6
,C-43-42278-21,2026-08-04,0.0,4937.28,47.94
,C-43-41502-21,2026-08-04,0.0,10511.04,223.78
,C-43-42413-21,2026-08-04,0.0,9103.68,95.39
,C-43-43742-21,2026-08-04,0.0,4426.56,30.37
,C-43-41838-21,2026-08-04,0.0,6727.68,80.45
,C-43-42922-21,2026-08-04,0.0,6727.68,38.43
,C-43-40691-21,2026-08-04,0.0,6727.68,103.71
,C-43-43658-21,2026-08-04,0.0,3567.36,22.02
,C-43-44163-21,2026-08-04,0.0,1856.64,1.8
,C-4116142411,2026-08-04,0.0,1844.65,1.2
,C-43-43270-21,2026-08-04,0.0,4937.28,127.18
,C-43-43086-21,2026-08-04,0.0,13679.04,215.22
,C-43-44125-21,2026-08-04,0.0,1856.64,6.0
,C-53-7871742-22,2026-08-04,0.0,3567.36,37.29
,C-53-7871724-22,2026-08-04,0.0,3173.76,24.46
,C-43-43337-21,2026-08-04,0.0,6727.68,119.15
,C-43-43449-21,2026-08-04,0.0,6984.0,74.28
,C-43-43486-21,2026-08-04,0.0,4140.48,63.39
,C-43-43450-21,2026-08-04,0.0,6984.0,97.39
,C-4120510420,2026-08-04,0.0,9744.02,140.2
,C-43-44005-21,2026-08-04,0.0,1856.64,3.0
,C-43-43207-21,2026-08-04,0.0,5448.96,55.8
,C-43-43732-21,2026-08-04,0.0,1856.64,7.8
,C-43-40858-21,2026-08-04,0.0,14031.36,133.05
,C-43-43320-21,2026-08-04,0.0,5192.64,545.39
,C-43-39789-21,2026-08-04,0.0,6984.0,109.99
,C-43-41755-21,2026-08-04,0.0,10159.68,104.76
,C-43-44065-21,2026-08-04,0.0,1856.64,4.08
,C-43-43914-21,2026-08-04,0.0,1856.64,8.0
,C-53-7871547-22,2026-08-04,0.0,3567.36,34.14
,C-43-39790-21,2026-08-04,0.0,5960.64,87.81
,C-43-44032-21,2026-08-04,0.0,1856.64,0.6
,C-43-43942-21,2026-08-04,0.0,1856.64,9.0
,C-43-43468-21,2026-08-04,0.0,5192.64,45.84
,C-43-43403-21,2026-08-04,0.0,4426.56,48.52
,C-43-41756-21,2026-08-04,0.0,5192.64,62.43
,C-4122483788,2026-08-04,0.0,4397.97,41.34
,C-43-43063-21,2026-08-04,0.0,5448.96,0.0
,C-43-37299-21,2026-08-04,0.0,6984.0,57.14
,C-53-7871449-22,2026-08-04,0.0,7239.36,117.02
,C-43-43217-21,2026-08-04,0.0,3567.36,31.08
,C-43-43506-21,2026-08-04,0.0,14031.36,125.64
,C-43-42883-21,2026-08-04,0.0,4937.28,57.37
,C-43-44048-21,2026-08-04,0.0,1856.64,7.48
,C-43-43530-21,2026-08-04,0.0,19575.36,153.79
,C-53-7871484-22,2026-08-04,0.0,9456.0,257.3
,C-43-44163-21,2026-08-04,0.0,1856.64,1.8
,C-43-44094-21,2026-08-04,0.0,1856.64,4.2
,C-43-42278-21,2026-08-04,0.0,4937.28,47.94
,C-4113643914,2026-08-04,0.0,4113.74,39.37
,C-43-43914-21,2026-08-04,0.0,1856.64,8.0
,C-43-43262-21,2026-08-04,0.0,4937.28,70.03
,C-43-40691-21,2026-08-04,0.0,6727.68,103.71
,C-43-41838-21,2026-08-04,0.0,6727.68,80.45
,C-43-43097-21,2026-08-04,0.0,10159.68,147.25
,C-43-44048-21,2026-08-04,0.0,1856.64,7.48
,C-43-43486-21,2026-08-04,0.0,4140.48,63.39
,C-4125962663,2026-08-04,0.0,2823.25,34.4
,C-43-42659-21,2026-08-04,0.0,3853.44,41.84
,C-43-42816-21,2026-08-04,0.0,11215.68,92.95
,C-43-43133-21,2026-08-04,0.0,3567.36,41.73
,C-43-43714-21,2026-08-04,0.0,1856.64,2.0
,C-43-39635-21,2026-08-04,0.0,2841.6,57.27
,C-4120793656,2026-08-04,0.0,3544.32,41.34
,C-43-42426-21,2026-08-04,0.0,7239.36,122.49
,C-53-7871449-22,2026-08-04,0.0,7239.36,117.02
,C-43-43375-21,2026-08-04,0.0,5448.96,62.21
,C-43-43468-21,2026-08-04,0.0,5192.64,45.84
,C-43-42804-21,2026-08-04,0.0,5704.32,89.1
,C-43-43295-21,2026-08-04,0.0,4937.28,52.82
,C-4122483788,2026-08-04,0.0,4397.97,41.34
,C-43-43320-21,2026-08-04,0.0,5192.64,545.39
,C-43-43695-21,2026-08-04,0.0,2841.6,26.5
,C-43-40581-21,2026-08-04,0.0,18028.8,303.77
,C-43-41549-21,2026-08-04,0.0,3281.28,26.22
,C-43-42987-21,2026-08-04,0.0,6216.0,86.13
,C-4116142411,2026-08-04,0.0,1844.65,1.2
,C-43-41756-21,2026-08-04,0.0,5192.64,62.43
,C-43-43541-21,2026-08-04,0.0,3281.28,161.19
,C-43-43449-21,2026-08-04,0.0,6984.0,74.28
,C-43-44176-21,2026-08-04,0.0,1856.64,2.4
,C-43-39790-21,2026-08-04,0.0,5960.64,87.81
,C-43-44151-21,2026-08-04,0.0,1856.64,1.8
,C-43-42472-21,2026-08-04,0.0,6472.32,121.29
,C-4122176305,2026-08-04,0.0,6684.23,175.39
,C-43-41375-21,2026-08-04,0.0,13327.68,141.12
,C-43-43063-21,2026-08-04,0.0,5448.96,0.0
,C-43-42922-21,2026-08-04,0.0,6727.68,38.43
,C-43-42413-21,2026-08-04,0.0,9103.68,95.39
,C-43-40858-21,2026-08-04,0.0,14031.36,133.05
,C-43-43362-21,2026-08-04,0.0,5448.96,50.56
,C-43-43169-21,2026-08-04,0.0,3567.36,68.77
,C-43-43895-21,2026-08-04,0.0,1856.64,6.6
,C-43-43658-21,2026-08-04,0.0,3567.36,22.02
,C-43-43403-21,2026-08-04,0.0,4426.56,48.52
,C-43-41299-21,2026-08-04,0.0,6472.32,0.0
,C-43-41502-21,2026-08-04,0.0,10511.04,223.78
,C-43-43279-21,2026-08-04,0.0,14383.68,108.83
,C-43-44112-21,2026-08-04,0.0,1856.64,6.63
,C-43-42826-21,2026-08-04,0.0,3173.76,26.18
,C-43-43759-21,2026-08-04,0.0,4140.48,44.93
,C-53-7871612-22,2026-08-04,0.0,3173.76,18.54
,C-43-43852-21,2026-08-04,0.0,1856.64,9.6
,C-43-43942-21,2026-08-04,0.0,1856.64,9.0
,C-43-37299-21,2026-08-04,0.0,6984.0,57.14
,C-43-43334-21,2026-08-04,0.0,4426.56,39.46
,C-43-44032-21,2026-08-04,0.0,1856.64,0.6
,C-53-7871655-22,2026-08-04,0.0,3281.28,28.54
,C-43-42202-21,2026-08-04,0.0,4426.56,45.74
,C-43-43355-21,2026-08-04,0.0,5463.36,55.56
,C-43-42883-21,2026-08-04,0.0,4937.28,57.37
,C-43-41809-21,2026-08-04,0.0,4937.28,33.64
,C-43-43652-21,2026-08-04,0.0,2841.6,19.91
,C-43-41755-21,2026-08-04,0.0,10159.68,104.76
,C-43-43103-21,2026-08-04,0.0,4426.56,81.15
,C-43-43903-21,2026-08-04,0.0,1856.64,4.08
,C-43-44097-21,2026-08-04,0.0,1856.64,1.53
,C-43-43173-21,2026-08-04,0.0,4426.56,64.21
,C-43-43941-21,2026-08-04,0.0,1856.64,7.2
,C-43-43838-21,2026-08-04,0.0,1856.64,4.0
,C-43-43108-21,2026-08-04,0.0,4937.28,47.61
,C-53-7871742-22,2026-08-04,0.0,3567.36,37.29
,C-43-41539-21,2026-08-04,0.0,5192.64,74.84
,C-43-44005-21,2026-08-04,0.0,1856.64,3.0
,C-43-43217-21,2026-08-04,0.0,3567.36,31.08
,C-43-43086-21,2026-08-04,0.0,13679.04,215.22
,C-43-42980-21,2026-08-04,0.0,11919.36,190.02
,C-4120510420,2026-08-04,0.0,9744.02,140.2
,C-43-43270-21,2026-08-04,0.0,4937.28,127.18
,C-43-43265-21,2026-08-04,0.0,3567.36,37.61
,C-43-44071-21,2026-08-04,0.0,1856.64,1.02
,C-53-7871724-22,2026-08-04,0.0,3173.76,24.46
,C-43-43622-21,2026-08-04,0.0,3567.36,24.57
,C-43-41494-21,2026-08-04,0.0,10511.04,94.04
,C-43-43114-21,2026-08-04,0.0,3853.44,51.56
,C-43-43064-21,2026-08-04,0.0,5960.64,76.06
,C-43-44125-21,2026-08-04,0.0,1856.64,6.0
,C-43-43506-21,2026-08-04,0.0,14031.36,125.64
,C-43-43337-21,2026-08-04,0.0,6727.68,119.15
,C-43-43732-21,2026-08-04,0.0,1856.64,7.8
,C-53-7871547-22,2026-08-04,0.0,3567.36,34.14
,C-43-43353-21,2026-08-04,0.0,6216.0,87.34
,C-43-41805-21,2026-08-04,0.0,7239.36,49.0
,C-4117769970,2026-08-04,0.0,2823.25,41.1
,C-43-43450-21,2026-08-04,0.0,6984.0,97.39
,C-43-42351-21,2026-08-04,0.0,4140.48,135.37
,C-43-44065-21,2026-08-04,0.0,1856.64,4.08
,C-43-39789-21,2026-08-04,0.0,6984.0,109.99
,C-4123929471,2026-08-04,0.0,2494.19,13.46
,C-43-42872-21,2026-08-04,0.0,11215.68,180.71
,C-4118010433,2026-08-04,0.0,4397.97,55.46
,C-43-43207-21,2026-08-04,0.0,5448.96,55.8
,C-43-43742-21,2026-08-04,0.0,4426.56,30.37
875314088209,C-53-7871655-22,2026-08-04,34.18,3281.28,28.54
875314536845,C-43-43279-21,2026-08-04,149.79,14383.68,108.83
875314110101,C-43-41756-21,2026-08-04,54.08,5192.64,62.43
875314546879,C-43-43295-21,2026-08-04,51.42,4937.28,52.82
875313983606,C-43-40691-21,2026-08-04,70.08,6727.68,103.71
875314003883,C-53-7871612-22,2026-08-04,33.06,3173.76,18.54
875314310254,C-4118010433,2026-08-04,46.1,4397.97,55.46
875314380033,C-43-43086-21,2026-08-04,142.46,13679.04,215.22
875313909835,C-43-37299-21,2026-08-04,72.75,6984.0,57.14
,C-43-43450-21,2026-08-04,0.0,6984.0,97.39
,C-43-43362-21,2026-08-04,0.0,5448.96,50.56
,C-43-43941-21,2026-08-04,0.0,1856.64,7.2
875314418291,C-43-43114-21,2026-08-04,40.13,3853.44,51.56
,C-43-43695-21,2026-08-04,0.0,2841.6,26.5
875313966901,C-53-7871547-22,2026-08-04,37.16,3567.36,34.14
875314198496,C-43-42472-21,2026-08-04,67.41,6472.32,121.29
875314481797,C-43-43207-21,2026-08-04,56.75,5448.96,55.8
875314391692,C-43-43097-21,2026-08-04,105.8,10159.68,147.25
875314331907,C-43-42980-21,2026-08-04,124.13,11919.36,190.02
875314052675,C-43-41502-21,2026-08-04,109.49,10511.04,223.78
,C-43-44065-21,2026-08-04,0.0,1856.64,4.08
875314402086,C-43-43103-21,2026-08-04,46.1,4426.56,81.15
875314370580,C-43-43064-21,2026-08-04,62.07,5960.64,76.06
875314062404,C-43-41539-21,2026-08-04,54.09,5192.64,74.84
,C-43-43541-21,2026-08-04,0.0,3281.28,161.19
,C-4123929471,2026-08-04,0.0,2494.19,13.46
,C-43-44163-21,2026-08-04,0.0,1856.64,1.8
,C-43-43375-21,2026-08-04,0.0,5448.96,62.21
875314580131,C-4122176305,2026-08-04,70.07,6684.23,175.39
875314549915,C-4120793656,2026-08-04,37.15,3544.32,41.34
,C-43-43914-21,2026-08-04,0.0,1856.64,8.0
,C-43-44097-21,2026-08-04,0.0,1856.64,1.53
875314620058,C-43-43353-21,2026-08-04,64.74,6216.0,87.34
875314468620,C-4120510420,2026-08-04,102.14,9744.02,140.2
875314119359,C-43-41805-21,2026-08-04,75.4,7239.36,49.0
,C-43-43658-21,2026-08-04,0.0,3567.36,22.02
,C-43-44151-21,2026-08-04,0.0,1856.64,1.8
875314155530,C-43-42278-21,2026-08-04,51.42,4937.28,47.94
,C-43-43486-21,2026-08-04,0.0,4140.48,63.39
,C-43-44032-21,2026-08-04,0.0,1856.64,0.6
875314128765,C-43-41809-21,2026-08-04,51.42,4937.28,33.64
,C-43-43652-21,2026-08-04,0.0,2841.6,19.91
,C-43-43622-21,2026-08-04,0.0,3567.36,24.57
,C-43-43942-21,2026-08-04,0.0,1856.64,9.0
875314247010,C-43-42816-21,2026-08-04,116.8,11215.68,92.95
875314348475,C-4117769970,2026-08-04,29.6,2823.25,41.1
,C-43-43895-21,2026-08-04,0.0,1856.64,6.6
875313947148,C-43-39790-21,2026-08-04,62.09,5960.64,87.81
875313974520,C-43-40581-21,2026-08-04,187.8,18028.8,303.77
875314168346,C-43-42351-21,2026-08-04,43.12,4140.48,135.37
875314147006,C-43-42202-21,2026-08-04,46.1,4426.56,45.74
875314076098,C-43-41549-21,2026-08-04,34.18,3281.28,26.22
,C-43-43355-21,2026-08-04,0.0,5463.36,55.56
875314496296,C-43-43217-21,2026-08-04,37.15,3567.36,31.08
,C-43-44094-21,2026-08-04,0.0,1856.64,4.2
,C-43-43714-21,2026-08-04,0.0,1856.64,2.0
875314586861,C-43-43320-21,2026-08-04,54.08,5192.64,545.39
875314321229,C-53-7871742-22,2026-08-04,37.15,3567.36,37.29
875314357583,C-43-43063-21,2026-08-04,56.75,5448.96,0.0
875314094112,C-43-41755-21,2026-08-04,105.8,10159.68,104.76
,C-43-44005-21,2026-08-04,0.0,1856.64,3.0
875314039255,C-43-41494-21,2026-08-04,109.49,10511.04,94.04
875314190911,C-43-42426-21,2026-08-04,75.4,7239.36,122.49
875313991475,C-43-40858-21,2026-08-04,146.16,14031.36,133.05
875314261480,C-4116142411,2026-08-04,19.33,1844.65,1.2
,C-43-44176-21,2026-08-04,0.0,1856.64,2.4
875314460825,C-43-43173-21,2026-08-04,46.1,4426.56,64.21
875314432148,C-43-43133-21,2026-08-04,37.15,3567.36,41.73
,C-43-43838-21,2026-08-04,0.0,1856.64,4.0
875314410121,C-43-43108-21,2026-08-04,51.42,4937.28,47.61
875314211420,C-43-42659-21,2026-08-04,40.13,3853.44,41.84
875313937515,C-43-39789-21,2026-08-04,72.75,6984.0,109.99
875314566436,C-4122483788,2026-08-04,46.1,4397.97,41.34
875314295880,C-43-42922-21,2026-08-04,70.07,6727.68,38.43
875314252464,C-43-42826-21,2026-08-04,33.05,3173.76,26.18
875314448217,C-43-43169-21,2026-08-04,37.15,3567.36,68.77
875314012866,C-43-41299-21,2026-08-04,67.42,6472.32,0.0
,C-4125962663,2026-08-04,0.0,2823.25,34.4
875314509863,C-43-43262-21,2026-08-04,51.42,4937.28,70.03
875314239397,C-43-42804-21,2026-08-04,59.41,5704.32,89.1
875314289760,C-43-42883-21,2026-08-04,51.42,4937.28,57.37
875314341194,C-43-42987-21,2026-08-04,64.74,6216.0,86.13
875314027619,C-43-41375-21,2026-08-04,138.83,13327.68,141.12
,C-43-43759-21,2026-08-04,0.0,4140.48,44.93
,C-43-43449-21,2026-08-04,0.0,6984.0,74.28
875314136708,C-43-41838-21,2026-08-04,70.07,6727.68,80.45
,C-43-44125-21,2026-08-04,0.0,1856.64,6.0
,C-43-43742-21,2026-08-04,0.0,4426.56,30.37
875314224810,C-53-7871724-22,2026-08-04,33.05,3173.76,24.46
875314525712,C-43-43270-21,2026-08-04,51.42,4937.28,127.18
875314267000,C-43-42872-21,2026-08-04,116.8,11215.68,180.71
875313929491,C-43-39635-21,2026-08-04,28.49,2841.6,57.27
875313916517,C-53-7871449-22,2026-08-04,75.41,7239.36,117.02
,C-43-43468-21,2026-08-04,0.0,5192.64,45.84
,C-43-43852-21,2026-08-04,0.0,1856.64,9.6
,C-43-43506-21,2026-08-04,0.0,14031.36,125.64
875313958097,C-53-7871484-22,2026-08-04,98.5,9456.0,257.3
,C-43-44112-21,2026-08-04,0.0,1856.64,6.63
875314517162,C-43-43265-21,2026-08-04,37.15,3567.36,37.61
875314611649,C-43-43337-21,2026-08-04,70.07,6727.68,119.15
,C-43-44048-21,2026-08-04,0.0,1856.64,7.48
875314233881,C-4113643914,2026-08-04,43.12,4113.74,39.37
875314179961,C-43-42413-21,2026-08-04,94.81,9103.68,95.39
,C-43-43903-21,2026-08-04,0.0,1856.64,4.08
875314598935,C-43-43334-21,2026-08-04,46.1,4426.56,39.46
,C-43-44071-21,2026-08-04,0.0,1856.64,1.02
,C-43-43403-21,2026-08-04,0.0,4426.56,48.52
,C-43-43530-21,2026-08-04,0.0,19575.36,153.79
,C-43-43732-21,2026-08-04,0.0,1856.64,7.8
,C-43-42426-21,2026-08-04,0.0,7239.36,122.49
,C-43-41755-21,2026-08-04,0.0,10159.68,104.76
,C-43-43838-21,2026-08-04,0.0,1856.64,4.0
,C-43-43895-21,2026-08-04,0.0,1856.64,6.6
,C-43-43114-21,2026-08-04,0.0,3853.44,51.56
,C-43-42980-21,2026-08-04,0.0,11919.36,190.02
,C-43-42826-21,2026-08-04,0.0,3173.76,26.18
,C-43-42202-21,2026-08-04,0.0,4426.56,45.74
,C-43-43279-21,2026-08-04,0.0,14383.68,108.83
,C-43-43217-21,2026-08-04,0.0,3567.36,31.08
875317378043,C-43-40858-21,2026-08-04,146.16,14031.36,133.05
,C-43-44005-21,2026-08-04,0.0,1856.64,3.0
,C-43-44163-21,2026-08-04,0.0,1856.64,1.8
,C-43-43086-21,2026-08-04,0.0,13679.04,215.22
,C-43-43903-21,2026-08-04,0.0,1856.64,4.08
,C-43-43468-21,2026-08-04,0.0,5192.64,45.84
,C-43-43173-21,2026-08-04,0.0,4426.56,64.21
,C-43-43652-21,2026-08-04,0.0,2841.6,19.91
875317313860,C-53-7871449-22,2026-08-04,75.41,7239.36,117.02
,C-43-42278-21,2026-08-04,0.0,4937.28,47.94
,C-43-43133-21,2026-08-04,0.0,3567.36,41.73
875317365823,C-43-40691-21,2026-08-04,70.08,6727.68,103.71
,C-4117769970,2026-08-04,0.0,2823.25,41.1
,C-43-43097-21,2026-08-04,0.0,10159.68,147.25
,C-43-43942-21,2026-08-04,0.0,1856.64,9.0
875317387552,C-53-7871612-22,2026-08-04,33.06,3173.76,18.54
,C-43-41549-21,2026-08-04,0.0,3281.28,26.22
,C-43-43334-21,2026-08-04,0.0,4426.56,39.46
,C-43-44125-21,2026-08-04,0.0,1856.64,6.0
,C-43-41805-21,2026-08-04,0.0,7239.36,49.0
,C-43-42659-21,2026-08-04,0.0,3853.44,41.84
,C-43-42413-21,2026-08-04,0.0,9103.68,95.39
875317398799,C-43-41299-21,2026-08-04,67.42,6472.32,0.0
,C-43-43403-21,2026-08-04,0.0,4426.56,48.52
,C-4125962663,2026-08-04,0.0,2823.25,34.4
,C-53-7871724-22,2026-08-04,0.0,3173.76,24.46
,C-43-43270-21,2026-08-04,0.0,4937.28,127.18
,C-43-43658-21,2026-08-04,0.0,3567.36,22.02
875317338705,C-43-39790-21,2026-08-04,62.09,5960.64,87.81
,C-43-42816-21,2026-08-04,0.0,11215.68,92.95
,C-43-41838-21,2026-08-04,0.0,6727.68,80.45
,C-43-43064-21,2026-08-04,0.0,5960.64,76.06
,C-43-44176-21,2026-08-04,0.0,1856.64,2.4
,C-43-43622-21,2026-08-04,0.0,3567.36,24.57
,C-4120510420,2026-08-04,0.0,9744.02,140.2
,C-43-43506-21,2026-08-04,0.0,14031.36,125.64
,C-43-44065-21,2026-08-04,0.0,1856.64,4.08
875317320747,C-43-39635-21,2026-08-04,29.6,2841.6,57.27
,C-43-43108-21,2026-08-04,0.0,4937.28,47.61
,C-43-43063-21,2026-08-04,0.0,5448.96,0.0
875317406540,C-43-41375-21,2026-08-04,138.83,13327.68,141.12
,C-4118010433,2026-08-04,0.0,4397.97,55.46
,C-43-43169-21,2026-08-04,0.0,3567.36,68.77
,C-43-44097-21,2026-08-04,0.0,1856.64,1.53
,C-43-41539-21,2026-08-04,0.0,5192.64,74.84
,C-43-44094-21,2026-08-04,0.0,1856.64,4.2
,C-43-43852-21,2026-08-04,0.0,1856.64,9.6
,C-4122483788,2026-08-04,0.0,4397.97,41.34
,C-43-42804-21,2026-08-04,0.0,5704.32,89.1
,C-43-41494-21,2026-08-04,0.0,10511.04,94.04
,C-4122176305,2026-08-04,0.0,6684.23,175.39
,C-43-43541-21,2026-08-04,0.0,3281.28,161.19
875317345328,C-53-7871484-22,2026-08-04,98.5,9456.0,257.3
,C-4113643914,2026-08-04,0.0,4113.74,39.37
,C-43-41756-21,2026-08-04,0.0,5192.64,62.43
,C-43-44048-21,2026-08-04,0.0,1856.64,7.48
,C-43-43375-21,2026-08-04,0.0,5448.96,62.21
,C-43-43914-21,2026-08-04,0.0,1856.64,8.0
,C-43-43262-21,2026-08-04,0.0,4937.28,70.03
875317302645,C-43-37299-21,2026-08-04,72.75,6984.0,57.14
,C-43-43295-21,2026-08-04,0.0,4937.28,52.82
,C-43-42922-21,2026-08-04,0.0,6727.68,38.43
,C-43-43732-21,2026-08-04,0.0,1856.64,7.8
,C-43-43449-21,2026-08-04,0.0,6984.0,74.28
,C-4116142411,2026-08-04,0.0,1844.65,1.2
,C-43-44032-21,2026-08-04,0.0,1856.64,0.6
,C-43-43486-21,2026-08-04,0.0,4140.48,63.39
,C-43-43450-21,2026-08-04,0.0,6984.0,97.39
,C-43-43759-21,2026-08-04,0.0,4140.48,44.93
,C-43-44151-21,2026-08-04,0.0,1856.64,1.8
,C-53-7871655-22,2026-08-04,0.0,3281.28,28.54
,C-43-42987-21,2026-08-04,0.0,6216.0,86.13
875317361015,C-43-40581-21,2026-08-04,187.8,18028.8,303.77
,C-43-43941-21,2026-08-04,0.0,1856.64,7.2
,C-43-43265-21,2026-08-04,0.0,3567.36,37.61
,C-43-42883-21,2026-08-04,0.0,4937.28,57.37
,C-43-42472-21,2026-08-04,0.0,6472.32,121.29
,C-43-42872-21,2026-08-04,0.0,11215.68,180.71
,C-43-41809-21,2026-08-04,0.0,4937.28,33.64
,C-43-41502-21,2026-08-04,0.0,10511.04,223.78
,C-43-43207-21,2026-08-04,0.0,5448.96,55.8
,C-43-43353-21,2026-08-04,0.0,6216.0,87.34
,C-43-43103-21,2026-08-04,0.0,4426.56,81.15
,C-43-43742-21,2026-08-04,0.0,4426.56,30.37
,C-43-43320-21,2026-08-04,0.0,5192.64,545.39
,C-53-7871742-22,2026-08-04,0.0,3567.36,37.29
,C-43-43695-21,2026-08-04,0.0,2841.6,26.5
,C-43-43337-21,2026-08-04,0.0,6727.68,119.15
,C-43-43530-21,2026-08-04,0.0,19575.36,153.79
,C-43-42351-21,2026-08-04,0.0,4140.48,135.37
,C-43-44112-21,2026-08-04,0.0,1856.64,6.63
875317329619,C-43-39789-21,2026-08-04,72.75,6984.0,109.99
,C-4123929471,2026-08-04,0.0,2494.19,13.46
,C-43-43362-21,2026-08-04,0.0,5448.96,50.56
,C-43-43714-21,2026-08-04,0.0,1856.64,2.0
,C-43-44071-21,2026-08-04,0.0,1856.64,1.02
875317354447,C-53-7871547-22,2026-08-04,37.16,3567.36,34.14
,C-4120793656,2026-08-04,0.0,3544.32,41.34
875323554014,C-43-41502-21,2026-08-04,109.49,10511.04,223.78
875323600267,C-43-41838-21,2026-08-04,70.08,6727.68,80.45
875323921274,C-43-43486-21,2026-08-04,43.13,4140.48,63.39
875323590424,C-43-41805-21,2026-08-04,75.41,7239.36,49.0
875323605843,C-43-42202-21,2026-08-04,46.11,4426.56,45.74
875323879461,C-43-43362-21,2026-08-04,56.76,5448.96,50.56
875324054304,C-43-44032-21,2026-08-04,19.34,1856.64,0.6
875323724598,C-43-43103-21,2026-08-04,46.11,4426.56,81.15
875323710591,C-43-43086-21,2026-08-04,142.49,13679.04,215.22
875323547972,C-43-41494-21,2026-08-04,109.49,10511.04,94.04
875323609850,C-43-42278-21,2026-08-04,51.43,4937.28,47.94
875323912637,C-4125962663,2026-08-04,29.6,2823.25,34.4
875323825255,C-43-43295-21,2026-08-04,51.43,4937.28,52.82
875323455154,C-43-37299-21,2026-08-04,72.75,6984.0,57.14
875323992406,C-43-43838-21,2026-08-04,19.34,1856.64,4.0
875324091824,C-43-44094-21,2026-08-04,19.34,1856.64,4.2
875323951303,C-43-43652-21,2026-08-04,29.6,2841.6,19.91
875323817978,C-43-43279-21,2026-08-04,149.83,14383.68,108.83
875323941313,C-43-43622-21,2026-08-04,37.16,3567.36,24.57
875323764606,C-43-43173-21,2026-08-04,46.11,4426.56,64.21
875323966188,C-43-43714-21,2026-08-04,19.34,1856.64,2.0
875323857272,C-43-43337-21,2026-08-04,70.08,6727.68,119.15
875323651430,C-43-42826-21,2026-08-04,33.06,3173.76,26.18
875323937480,C-43-43530-21,2026-08-04,203.91,19575.36,153.79
875323685575,C-43-42980-21,2026-08-04,124.16,11919.36,190.02
875324048949,C-43-44005-21,2026-08-04,19.34,1856.64,3.0
875324081102,C-43-44071-21,2026-08-04,19.34,1856.64,1.02
875323690931,C-43-42987-21,2026-08-04,64.75,6216.0,86.13
875323961040,C-43-43695-21,2026-08-04,29.6,2841.6,26.5
875323676629,C-4118010433,2026-08-04,46.11,4397.97,55.46
875323647427,C-43-42816-21,2026-08-04,116.83,11215.68,92.95
875324119121,C-43-44151-21,2026-08-04,19.34,1856.64,1.8
875323849951,C-43-43334-21,2026-08-04,46.11,4426.56,39.46
875323783829,C-43-43207-21,2026-08-04,56.76,5448.96,55.8
875323622055,C-43-42426-21,2026-08-04,75.41,7239.36,122.49
875323544664,C-43-41375-21,2026-08-04,138.83,13327.68,141.12
875323974841,C-43-43732-21,2026-08-04,19.34,1856.64,7.8
875323956901,C-43-43658-21,2026-08-04,37.16,3567.36,22.02
875323927169,C-43-43506-21,2026-08-04,146.16,14031.36,125.64
875323499782,C-53-7871547-22,2026-08-04,37.16,3567.36,34.14
875324024415,C-43-43914-21,2026-08-04,19.34,1856.64,8.0
875323535534,C-43-41299-21,2026-08-04,67.42,6472.32,0.0
875323567860,C-43-41549-21,2026-08-04,34.18,3281.28,26.22
875323843622,C-43-43320-21,2026-08-04,54.09,5192.64,545.39
875324115240,C-43-44125-21,2026-08-04,19.34,1856.64,6.0
875323578412,C-43-41755-21,2026-08-04,105.83,10159.68,104.76
875323563740,C-43-41539-21,2026-08-04,54.09,5192.64,74.84
875323988208,C-43-43759-21,2026-08-04,43.13,4140.48,44.93
875323572881,C-53-7871655-22,2026-08-04,34.18,3281.28,28.54
875323727781,C-43-43108-21,2026-08-04,51.43,4937.28,47.61
875323837579,C-4122176305,2026-08-04,70.08,6684.23,175.39
875324110558,C-43-44112-21,2026-08-04,19.34,1856.64,6.63
875323979030,C-43-43742-21,2026-08-04,46.11,4426.56,30.37
875323791209,C-43-43217-21,2026-08-04,37.16,3567.36,31.08
875324099836,C-43-44097-21,2026-08-04,19.34,1856.64,1.53
875323695874,C-4117769970,2026-08-04,29.6,2823.25,41.1
875323613473,C-43-42351-21,2026-08-04,43.13,4140.48,135.37
875323493523,C-53-7871484-22,2026-08-04,98.5,9456.0,257.3
875323664280,C-43-42883-21,2026-08-04,51.43,4937.28,57.37
875323595210,C-43-41809-21,2026-08-04,51.43,4937.28,33.64
875323745232,C-43-43133-21,2026-08-04,37.16,3567.36,41.73
875323626072,C-43-42472-21,2026-08-04,67.42,6472.32,121.29
875323637735,C-4113643914,2026-08-04,43.13,4113.74,39.37
875323476369,C-43-39789-21,2026-08-04,72.75,6984.0,109.99
875323657748,C-4116142411,2026-08-04,19.34,1844.65,1.2
875323517763,C-43-40691-21,2026-08-04,70.08,6727.68,103.71
875323662471,C-43-42872-21,2026-08-04,116.83,11215.68,180.71
875323701830,C-43-43063-21,2026-08-04,56.76,5448.96,0.0
875323530771,C-53-7871612-22,2026-08-04,33.06,3173.76,18.54
875323522935,C-43-40858-21,2026-08-04,146.16,14031.36,133.05
875324062129,C-43-44048-21,2026-08-04,19.34,1856.64,7.48
875323469117,C-43-39635-21,2026-08-04,29.6,2841.6,57.27
875323893844,C-43-43403-21,2026-08-04,46.11,4426.56,48.52
875323681308,C-53-7871742-22,2026-08-04,37.16,3567.36,37.29
875323671866,C-43-42922-21,2026-08-04,70.08,6727.68,38.43
875323733982,C-43-43114-21,2026-08-04,40.14,3853.44,51.56
875323828357,C-4120793656,2026-08-04,37.16,3544.32,41.34
875323483419,C-43-39790-21,2026-08-04,62.09,5960.64,87.81
875323871997,C-4123929471,2026-08-04,26.15,2494.19,13.46
875324009529,C-43-43895-21,2026-08-04,19.34,1856.64,6.6
875323582882,C-43-41756-21,2026-08-04,54.09,5192.64,62.43
875323772111,C-4120510420,2026-08-04,102.16,9744.02,140.2
875323902772,C-43-43450-21,2026-08-04,72.75,6984.0,97.39
875323618085,C-43-42413-21,2026-08-04,94.83,9103.68,95.39
875324018876,C-43-43903-21,2026-08-04,19.34,1856.64,4.08
875323887600,C-43-43375-21,2026-08-04,56.76,5448.96,62.21
875323458977,C-53-7871449-22,2026-08-04,75.41,7239.36,117.02
875323899496,C-43-43449-21,2026-08-04,72.75,6984.0,74.28
875324072440,C-43-44065-21,2026-08-04,19.34,1856.64,4.08
875323864469,C-43-43353-21,2026-08-04,64.75,6216.0,87.34
875323916426,C-43-43468-21,2026-08-04,54.09,5192.64,45.84
875324122507,C-43-44163-21,2026-08-04,19.34,1856.64,1.8
875323946392,C-43-43541-21,2026-08-04,34.18,3281.28,161.19
875324035228,C-43-43941-21,2026-08-04,19.34,1856.64,7.2
875323706235,C-43-43064-21,2026-08-04,62.09,5960.64,76.06
875323630855,C-43-42659-21,2026-08-04,40.14,3853.44,41.84
875324044690,C-43-43942-21,2026-08-04,19.34,1856.64,9.0
875323813468,C-43-43270-21,2026-08-04,51.43,4937.28,127.18
875323807977,C-43-43265-21,2026-08-04,37.16,3567.36,37.61
875323998070,C-43-43852-21,2026-08-04,19.34,1856.64,9.6
875323714910,C-43-43097-21,2026-08-04,105.83,10159.68,147.25
875323642105,C-43-42804-21,2026-08-04,59.42,5704.32,89.1
875323511949,C-43-40581-21,2026-08-04,187.8,18028.8,303.77
875323634450,C-53-7871724-22,2026-08-04,33.06,3173.76,24.46
875323834319,C-4122483788,2026-08-04,46.11,4397.97,41.34
875324129590,C-43-44176-21,2026-08-04,19.34,1856.64,2.4
875323801935,C-43-43262-21,2026-08-04,51.43,4937.28,70.03
875323756104,C-43-43169-21,2026-08-04,37.16,3567.36,68.77
,C-43-43355-21,2026-08-05,0.0,5463.36,55.56
875349174703,C-43-43355-21,2026-08-05,56.76,5463.36,55.56
875373241834,C-4132627153,2026-08-05,19.39,1861.44,0.6
875373283109,C-43-44131-21,2026-08-05,19.39,1861.44,4.0
875373343910,C-53-7871510-22,2026-08-05,62.26,5976.96,42.23
875373412053,C-43-41676-21,2026-08-05,54.24,5207.04,60.75
875373418073,C-43-41740-21,2026-08-05,70.27,6745.92,76.91
875373403806,C-53-7871656-22,2026-08-05,28.57,2742.72,14.33
875373354860,C-43-40507-21,2026-08-05,269.05,25828.8,394.03
875373378010,C-43-40879-21,2026-08-05,64.93,6233.28,148.42
875373318747,C-53-7871441-22,2026-08-05,37.26,3576.96,16.95
875373383627,C-43-40932-21,2026-08-05,67.61,6490.56,68.75
875373338738,C-53-7871492-22,2026-08-05,120.82,11598.72,141.3
875373304523,C-43-44201-21,2026-08-05,19.39,1861.44,2.55
875373245255,C-4132629157,2026-08-05,19.39,1861.44,0.6
875373287115,C-43-44155-21,2026-08-05,19.39,1861.44,0.6
875373300046,C-43-44200-21,2026-08-05,19.39,1861.44,3.6
875373325429,C-43-39738-21,2026-08-05,54.24,5207.04,35.85
875373350740,C-43-40453-21,2026-08-05,29.68,2849.28,28.25
875373388331,C-53-7871601-22,2026-08-05,59.59,5720.64,59.14
875373367610,C-43-40794-21,2026-08-05,51.57,4950.72,70.25
875373345670,C-43-40279-21,2026-08-05,70.27,6745.92,104.48
875373315108,C-43-44238-21,2026-08-05,31.91,,59.58
875373392963,C-53-7871619-22,2026-08-05,43.24,4151.04,43.96
875373293897,C-43-44166-21,2026-08-05,19.39,1861.44,4.8
875373311455,C-43-44216-21,2026-08-05,19.39,1861.44,2.4
875373396877,C-43-41353-21,2026-08-05,37.26,3576.96,35.18
875373278691,C-43-44130-21,2026-08-05,19.39,1861.44,1.2
875373248850,C-43-43989-21,2026-08-05,19.39,1861.44,1.2
875373275637,C-43-44067-21,2026-08-05,19.39,1861.44,4.2
875373359666,C-43-40537-21,2026-08-05,37.26,3576.96,47.02
875373260623,C-43-44046-21,2026-08-05,19.39,1861.44,3.6
875373332730,C-53-7871481-22,2026-08-05,46.24,4439.04,160.78
875373267249,C-43-44060-21,2026-08-05,19.39,1861.44,0.6
875373235519,C-43-43827-21,2026-08-05,19.39,1861.44,0.0
875373408613,C-53-7871659-22,2026-08-05,33.15,3182.4,19.7
875373253595,C-4133206739,2026-08-05,19.39,1861.44,1.8
875373422400,C-43-41923-21,2026-08-05,62.26,5976.96,105.33
875373485026,C-43-42544-21,2026-08-05,51.57,4950.72,65.61
875373718851,C-53-7871865-22,2026-08-05,43.24,4151.04,40.35
875373658705,C-43-43374-21,2026-08-05,54.24,5207.04,72.31
875373583026,C-43-43009-21,2026-08-05,72.95,7003.2,181.65
875373626559,C-43-43276-21,2026-08-05,56.91,5463.36,79.29
875373497980,C-4113111715,2026-08-05,113.47,10893.12,118.6
875373705987,C-53-7871834-22,2026-08-05,33.15,3182.4,24.2
875373740165,C-43-43861-21,2026-08-05,31.91,3063.36,19.81
875373469111,C-53-7871701-22,2026-08-05,43.24,4151.04,49.15
875373502456,C-43-42606-21,2026-08-05,59.59,5720.64,84.06
875373549811,C-43-42821-21,2026-08-05,37.26,3576.96,37.1
875373522116,C-43-42707-21,2026-08-05,180.23,17302.08,170.1
875373604304,C-43-43140-21,2026-08-05,59.59,5720.64,61.06
875373558908,C-43-42870-21,2026-08-05,37.26,3576.96,36.05
875373701227,C-43-43633-21,2026-08-05,46.24,4439.04,43.87
875373570714,C-43-42977-21,2026-08-05,106.12,10187.52,97.58
875373428019,C-43-41924-21,2026-08-05,106.12,10187.52,168.94
875373483836,C-43-42537-21,2026-08-05,131.85,12657.6,148.63
875373597000,C-4118533528,2026-08-05,37.26,3576.96,1.74
875373445033,C-53-7871693-22,2026-08-05,43.24,4151.04,35.26
875373454954,C-43-42200-21,2026-08-05,51.57,4950.72,25.94
875373477863,C-43-42513-21,2026-08-05,59.59,5720.64,93.11
875373638953,C-43-43339-21,2026-08-05,31.91,3063.36,20.57
875373730690,C-43-43805-21,2026-08-05,34.27,3289.92,31.78
875373545172,C-4114731266,2026-08-05,46.24,4439.04,56.01
875373579137,C-53-7871746-22,2026-08-05,34.27,3289.92,34.52
875373541718,C-53-7871732-22,2026-08-05,28.57,2742.72,15.62
875373513199,C-4113279907,2026-08-05,59.59,5720.64,94.23
875373474257,C-43-42461-21,2026-08-05,70.27,6745.92,125.99
875373517161,C-43-42649-21,2026-08-05,34.27,3289.92,25.26
875373450180,C-43-42051-21,2026-08-05,62.26,5976.96,135.21
875373668533,C-43-43398-21,2026-08-05,62.26,5976.96,91.25
875373527060,C-43-42728-21,2026-08-05,28.57,2742.72,43.59
875373674344,C-43-43421-21,2026-08-05,273.1,26217.6,281.45
875373464896,C-43-42273-21,2026-08-05,46.24,4439.04,38.02
875373557842,C-4116098836,2026-08-05,106.12,10187.52,149.11
875373694666,C-43-43543-21,2026-08-05,33.15,3182.4,42.83
875373655809,C-43-43372-21,2026-08-05,72.95,7003.2,114.24
875373684930,C-43-43576-21,2026-08-05,46.24,4439.04,60.11
875373636115,C-43-43314-21,2026-08-05,40.25,3864.0,43.14
875373567214,C-53-7871741-22,2026-08-05,102.44,9834.24,0.0
875373688421,C-43-43569-21,2026-08-05,33.15,3182.4,24.35
875373536351,C-43-42744-21,2026-08-05,43.24,4151.04,53.54
875373629992,C-53-7871784-22,2026-08-05,54.24,5207.04,61.85
875373530364,C-43-42743-21,2026-08-05,59.59,5720.64,94.29
875373555379,C-43-42842-21,2026-08-05,29.68,2849.28,82.59
875373491801,C-43-42576-21,2026-08-05,161.27,15481.92,171.77
875373442078,C-43-42033-21,2026-08-05,54.24,5207.04,41.0
875373650601,C-43-43368-21,2026-08-05,120.82,11598.72,142.1
875373761781,C-43-42652-21,2026-08-05,273.15,26222.4,319.1
875373614224,C-43-43144-21,2026-08-05,56.91,5463.36,75.35
875373712566,C-43-43701-21,2026-08-05,46.24,4439.04,52.99
875373429920,C-43-41928-21,2026-08-05,157.59,15128.64,174.59
875373664321,C-43-43394-21,2026-08-05,46.24,4439.04,62.31
875373591491,C-43-43038-21,2026-08-05,54.24,5207.04,72.82
875373620664,C-43-43154-21,2026-08-05,43.24,4151.04,69.83
875373644396,C-43-43355-21,2026-08-05,56.91,5463.36,55.56
875373586426,C-43-43022-21,2026-08-05,29.68,2849.28,28.77
875373679416,C-43-43425-21,2026-08-05,22.76,2184.96,25.22
875373727455,C-43-43733-21,2026-08-05,95.09,9128.64,151.62
875402440650,C-43-44299-21,2026-08-06,70.47,,2.06
875424027873,C-43-43538-21,2026-08-06,45.08,4327.68,44.78
875423788812,C-53-7871642-22,2026-08-06,73.16,7023.36,85.52
875424000270,C-53-7871817-22,2026-08-06,99.11,9514.56,131.62
875423805955,C-43-41747-21,2026-08-06,56.52,5425.92,44.55
875424076194,C-43-43629-21,2026-08-06,102.94,9882.24,111.62
875423876936,C-43-42658-21,2026-08-06,114.42,10984.32,238.04
875423814423,C-43-41899-21,2026-08-06,64.84,6224.64,77.35
875423920226,C-43-43070-21,2026-08-06,62.07,5958.72,82.95
875424007780,C-43-43467-21,2026-08-06,141.21,13556.16,210.49
875424259315,C-43-44220-21,2026-08-06,20.3,1948.8,8.16
875423826964,C-43-42063-21,2026-08-06,73.16,7023.36,65.47
875423784931,C-53-7871640-22,2026-08-06,35.76,3432.96,22.38
875423780969,C-43-41382-21,2026-08-06,59.29,5691.84,106.04
875423861290,C-43-42531-21,2026-08-06,34.61,3322.56,32.7
875424067590,C-43-43258-21,2026-08-06,38.87,3731.52,57.2
875423736610,C-53-7871483-22,2026-08-06,156.51,15024.96,195.21
875423881409,C-43-42674-21,2026-08-06,67.61,6490.56,69.3
875424221127,C-43-44154-21,2026-08-06,20.3,1948.8,4.59
875423831210,C-43-42081-21,2026-08-06,59.29,5691.84,132.65
875423983194,C-43-43361-21,2026-08-06,31.01,2976.96,42.27
875424118091,C-43-43694-21,2026-08-06,48.19,4626.24,27.43
875423955882,C-4123075957,2026-08-06,35.76,3432.96,28.03
875423777311,C-53-7871635-22,2026-08-06,38.87,3731.52,25.14
875424271670,C-43-44243-21,2026-08-06,20.3,1948.8,3.4
875423916006,C-43-43047-21,2026-08-06,64.84,6224.64,69.01
875423933292,C-43-43158-21,2026-08-06,26.37,2531.52,83.35
875424108995,C-43-43681-21,2026-08-06,27.41,2631.36,37.26
875424019691,C-53-7871827-22,2026-08-06,53.75,5160.0,44.4
875423962494,C-43-43305-21,2026-08-06,67.61,6490.56,35.5
875424198787,C-43-44088-21,2026-08-06,20.3,1948.8,6.0
875424202625,C-43-44117-21,2026-08-06,20.3,1948.8,4.0
875424049238,C-43-43548-21,2026-08-06,27.41,2631.36,20.06
875424281854,C-43-44255-21,2026-08-06,20.3,1948.8,0.6
875423844117,C-43-42292-21,2026-08-06,282.72,27141.12,323.95
875424100777,C-53-7871856-22,2026-08-06,38.87,3731.52,46.83
875424059364,C-43-43545-21,2026-08-06,56.52,5425.92,63.52
875424053962,C-43-43547-21,2026-08-06,62.07,5958.72,55.32
875423797482,C-43-41624-21,2026-08-06,64.84,6224.64,132.48
875424266729,C-43-44240-21,2026-08-06,20.3,1948.8,3.06
875424161470,C-43-43976-21,2026-08-06,20.3,1948.8,7.65
875424217238,C-43-44148-21,2026-08-06,20.3,1948.8,6.6
875423938445,C-4121154113,2026-08-06,53.75,5160.0,5.65
875423900990,C-4115919606,2026-08-06,133.55,12820.8,690.16
875424032265,C-43-43539-21,2026-08-06,62.07,5958.72,56.22
875424288778,C-43-44286-21,2026-08-06,20.3,1948.8,2.04
875424125380,C-43-43709-21,2026-08-06,67.61,6490.56,70.69
875424044832,C-43-43579-21,2026-08-06,53.75,5160.0,26.34
875424123105,C-53-7871861-22,2026-08-06,59.29,5691.84,77.3
875424024164,C-43-43518-21,2026-08-06,38.87,3731.52,30.93
875424102758,C-43-43679-21,2026-08-06,70.38,6756.48,72.28
875424169894,C-43-44009-21,2026-08-06,20.3,1948.8,11.0
875423887944,C-43-42789-21,2026-08-06,164.17,15760.32,148.17
875424192907,C-43-44068-21,2026-08-06,20.3,1948.8,6.6
875423950078,C-43-43301-21,2026-08-06,56.52,5425.92,42.25
875424115081,C-53-7871840-22,2026-08-06,70.38,6756.48,81.25
875424140200,C-53-7871870-22,2026-08-06,35.76,3432.96,25.31
875423814993,C-43-41813-21,2026-08-06,45.08,4327.68,61.37
875424234230,C-43-44191-21,2026-08-06,34.61,3322.56,59.14
875424180487,C-43-44044-21,2026-08-06,20.3,1948.8,4.2
875423754229,C-43-40307-21,2026-08-06,45.08,4327.68,29.04
875423978725,C-43-43359-21,2026-08-06,73.16,7023.36,148.0
875424206517,C-43-44126-21,2026-08-06,20.3,1948.8,3.6
875423851494,C-43-42342-21,2026-08-06,31.01,2976.96,149.8
875424011359,C-43-43481-21,2026-08-06,29.84,2864.64,50.44
875423762628,C-43-40789-21,2026-08-06,41.98,4030.08,70.75
875424086850,C-43-43665-21,2026-08-06,99.11,9514.56,125.0
875424165260,C-43-43980-21,2026-08-06,20.3,1948.8,8.0
875423857492,C-53-7871705-22,2026-08-06,35.76,3432.96,7.71
875424071620,C-4127009972,2026-08-06,62.07,5958.72,93.27
875424063702,C-43-43542-21,2026-08-06,45.08,4327.68,43.24
875424039720,C-43-43607-21,2026-08-06,31.01,2976.96,35.82
875424157776,C-43-43815-21,2026-08-06,48.19,4626.24,28.63
875423907159,C-53-7871743-22,2026-08-06,70.38,6756.48,78.76
875423910383,C-43-42972-21,2026-08-06,56.52,5425.92,68.99
875423759286,C-53-7871577-22,2026-08-06,27.41,2631.36,18.45
875423896950,C-4115718992,2026-08-06,324.79,31179.84,181.83
875424147786,C-43-43781-21,2026-08-06,59.29,5691.84,59.17
875424080885,C-53-7871853-22,2026-08-06,56.52,5425.92,42.45
875423966467,C-43-43325-21,2026-08-06,59.29,5691.84,49.1
875423974800,C-43-43352-21,2026-08-06,35.76,3432.96,43.79
875424213622,C-43-44147-21,2026-08-06,20.3,1948.8,0.6
875424141549,C-43-43769-21,2026-08-06,31.01,2976.96,30.77
875424037440,C-4127443199,2026-08-06,45.08,4327.68,54.88
875424226450,C-43-44173-21,2026-08-06,20.3,1948.8,3.0
875424136138,C-43-43737-21,2026-08-06,27.41,2631.36,23.07
875424174573,C-43-44028-21,2026-08-06,20.3,1948.8,6.0
875424241405,C-43-44193-21,2026-08-06,20.3,1948.8,5.95
875423872621,C-43-42623-21,2026-08-06,67.61,6490.56,116.98
875423745853,C-43-40237-21,2026-08-06,167.99,16127.04,421.82
875423994489,C-43-43423-21,2026-08-06,35.76,3432.96,27.23
875423924688,C-53-7871757-22,2026-08-06,70.38,6756.48,89.96
875424229996,C-43-44189-21,2026-08-06,20.3,1948.8,8.0
875423839508,C-43-42201-21,2026-08-06,34.61,3322.56,31.38
875423773268,C-43-41257-21,2026-08-06,41.98,4030.08,55.98
875423942919,C-43-43205-21,2026-08-06,48.19,4626.24,46.92
875423991560,C-43-43411-21,2026-08-06,70.38,6756.48,146.73
875423867699,C-53-7871716-22,2026-08-06,45.08,4327.68,0.0
875423832000,C-53-7871690-22,2026-08-06,64.84,6224.64,65.09
875424187286,C-43-44056-21,2026-08-06,20.3,1948.8,3.06
875424311986,C-43-43621-21,2026-08-06,250.84,24080.64,375.71
875424285264,C-43-44260-21,2026-08-06,20.3,1948.8,1.02
875424092890,C-43-43668-21,2026-08-06,23.81,2285.76,23.75
875423892120,C-43-42796-21,2026-08-06,212.97,20445.12,533.23
875423727166,C-53-7871482-22,2026-08-06,53.75,5160.0,67.02
875424015788,C-43-43482-21,2026-08-06,31.01,2976.96,16.07
875423945918,C-53-7871775-22,2026-08-06,35.76,3432.96,35.2
875423986274,C-43-43392-21,2026-08-06,41.98,4030.08,70.81
875423970540,C-53-7871799-22,2026-08-06,29.84,2864.64,22.38
875424152362,C-43-43810-21,2026-08-06,41.98,4030.08,33.9
875423848215,C-43-42335-21,2026-08-06,73.16,7023.36,167.39
875424251174,C-43-44217-21,2026-08-06,20.3,1948.8,2.4
875423929440,C-43-43156-21,2026-08-06,48.19,4626.24,37.55
875423999860,C-43-43433-21,2026-08-06,38.87,3731.52,31.63
875424131581,C-43-43711-21,2026-08-06,31.01,2976.96,20.02
875423959318,C-43-43304-21,2026-08-06,62.07,5958.72,64.46
875475280951,C-43-43441-21,2026-08-07,70.4,6758.4,35.44
875475302526,C-43-43496-21,2026-08-07,38.88,3732.48,53.74
875475133460,C-43-41917-21,2026-08-07,27.41,2631.36,143.62
875475191897,C-43-43077-21,2026-08-07,48.2,4627.2,63.66
875475558465,C-43-44264-21,2026-08-07,20.3,1948.8,5.1
875475266720,C-43-43391-21,2026-08-07,41.98,4030.08,71.1
875475338262,C-43-43599-21,2026-08-07,64.85,6225.6,86.83
875475376789,C-53-7871831-22,2026-08-07,34.62,3323.52,29.95
875475156689,C-43-42454-21,2026-08-07,122.1,11721.6,110.1
875475290481,C-4125080632,2026-08-07,31.01,0.0,35.44
875475211594,C-43-43240-21,2026-08-07,45.09,4328.64,41.07
875475286386,C-53-7871815-22,2026-08-07,34.62,3323.52,23.28
875475506229,C-43-44010-21,2026-08-07,48.2,4627.2,91.22
875475113274,C-43-41187-21,2026-08-07,73.17,7024.32,69.58
875475411030,C-4128660458,2026-08-07,62.08,0.0,41.98
875475402253,C-43-43736-21,2026-08-07,59.31,5693.76,60.49
875475102461,C-53-7871595-22,2026-08-07,56.53,5426.88,50.5
875475272520,C-43-43410-21,2026-08-07,45.09,4328.64,44.64
875475216519,C-53-7871776-22,2026-08-07,125.93,12089.28,88.06
875475472834,C-43-43844-21,2026-08-07,38.88,3732.48,32.22
875475248168,C-43-43343-21,2026-08-07,48.2,4627.2,61.33
875475240189,C-43-43327-21,2026-08-07,48.2,4627.2,48.52
875475328802,C-43-43585-21,2026-08-07,35.77,3433.92,26.98
875475546612,C-43-44249-21,2026-08-07,20.3,1948.8,3.57
875475200884,C-53-7871760-22,2026-08-07,33.32,3198.72,14.77
875475162868,C-43-42568-21,2026-08-07,27.41,2631.36,36.6
875475308362,C-43-43499-21,2026-08-07,53.76,5160.96,46.94
875475323465,C-4126745527,2026-08-07,64.85,0.0,136.93
875475587910,C-43-42671-21,2026-08-07,225.64,21661.44,485.71
875475115900,C-53-7871636-22,2026-08-07,27.41,2631.36,15.41
875475170980,C-53-7871738-22,2026-08-07,38.88,3732.48,21.37
875475567117,C-43-44278-21,2026-08-07,20.3,1948.8,4.8
875475441375,C-43-43753-21,2026-08-07,62.08,5959.68,133.59
875475276720,C-43-43417-21,2026-08-07,73.17,7024.32,138.36
875475392189,C-43-43719-21,2026-08-07,38.88,3732.48,25.87
875475422038,C-53-7871868-22,2026-08-07,145.06,13925.76,109.06
875475539014,C-43-44245-21,2026-08-07,20.3,1948.8,3.6
875475476715,C-43-43864-21,2026-08-07,145.06,13925.76,165.66
875475486360,C-43-43883-21,2026-08-07,56.53,5426.88,73.46
875475414073,C-43-43745-21,2026-08-07,45.09,4328.64,25.25
875475446610,C-43-43758-21,2026-08-07,48.2,4627.2,34.89
875475457650,C-43-43804-21,2026-08-07,114.45,10987.2,96.28
875475386025,C-43-43715-21,2026-08-07,62.08,5959.68,54.45
875475131402,C-53-7871677-22,2026-08-07,34.62,3323.52,71.22
875475148279,C-43-42372-21,2026-08-07,73.17,7024.32,190.04
875475082650,C-43-40381-21,2026-08-07,48.2,4627.2,34.78
875475102509,C-53-7871590-22,2026-08-07,34.62,3323.52,27.76
875475397375,C-43-43727-21,2026-08-07,64.85,6225.6,93.09
875475517215,C-43-44218-21,2026-08-07,20.3,1948.8,6.0
875475514823,C-43-44206-21,2026-08-07,20.3,1948.8,0.6
875475499050,C-43-43993-21,2026-08-07,33.32,3198.72,0.0
875475167837,C-43-42825-21,2026-08-07,110.62,10619.52,107.76
875475523747,C-43-44239-21,2026-08-07,20.3,1948.8,4.0
875475109146,C-53-7871621-22,2026-08-07,29.85,2865.6,11.71
875475245710,C-53-7871793-22,2026-08-07,29.85,2865.6,16.95
875475352531,C-43-43581-21,2026-08-07,70.4,6758.4,99.21
875475091574,C-43-40523-21,2026-08-07,125.93,12089.28,214.37
875475094882,C-53-7871557-22,2026-08-07,45.09,4328.64,34.32
875475490237,C-43-43974-21,2026-08-07,27.41,2631.36,0.0
875475355920,C-43-43578-21,2026-08-07,31.01,2976.96,20.08
875475160501,C-43-42511-21,2026-08-07,48.2,4627.2,29.72
875475509640,C-43-44105-21,2026-08-07,20.3,1948.8,4.8
875475260000,C-43-43367-21,2026-08-07,73.17,7024.32,86.39
875475235352,C-43-43272-21,2026-08-07,53.76,5160.96,53.73
875475087273,C-53-7871549-22,2026-08-07,48.2,4627.2,38.08
875475373481,C-43-43691-21,2026-08-07,48.2,4627.2,63.03
875475121776,C-43-41482-21,2026-08-07,133.58,12823.68,196.62
875475183248,C-43-43033-21,2026-08-07,53.76,5160.96,66.11
875475298861,C-43-43487-21,2026-08-07,73.17,7024.32,132.62
875475318146,C-43-43520-21,2026-08-07,164.2,15763.2,212.07
875475464858,C-43-43817-21,2026-08-07,38.88,3732.48,32.86
875475178547,C-43-43012-21,2026-08-07,35.77,3433.92,0.0
875475143060,C-43-42218-21,2026-08-07,27.41,2631.36,33.18
875475563590,C-43-44280-21,2026-08-07,20.3,1948.8,7.14
875475417738,C-43-43747-21,2026-08-07,56.53,5426.88,83.93
875475128358,C-43-41598-21,2026-08-07,48.2,4627.2,51.82
875475383725,C-43-43702-21,2026-08-07,64.85,6225.6,76.9
875475199980,C-53-7871758-22,2026-08-07,34.62,3323.52,19.33
875475174530,C-43-43011-21,2026-08-07,48.2,4627.2,44.22
875475381310,C-53-7871862-22,2026-08-07,106.79,10251.84,127.42
875475553588,C-43-44250-21,2026-08-07,20.3,1948.8,5.1
875475426033,C-43-43752-21,2026-08-07,59.31,5693.76,92.24
875475531024,C-43-44244-21,2026-08-07,20.3,1948.8,6.63
875475346801,C-53-7871847-22,2026-08-07,56.53,5426.88,69.07
875475360091,C-43-43577-21,2026-08-07,62.08,5959.68,62.27
875475124856,C-53-7871653-22,2026-08-07,31.01,2976.96,18.36
875475075420,C-43-39414-21,2026-08-07,62.08,5959.68,135.09
875475079654,C-43-40133-21,2026-08-07,67.63,6492.48,123.88
875475097892,C-53-7871578-22,2026-08-07,35.77,3433.92,24.94
875475369170,C-43-43687-21,2026-08-07,38.88,3732.48,40.96
875475148268,C-43-42401-21,2026-08-07,53.76,5160.96,102.92
875475453920,C-53-7871872-22,2026-08-07,34.62,3323.52,16.31
875475186990,C-43-43074-21,2026-08-07,34.62,3323.52,31.79
875475563339,C-43-44271-21,2026-08-07,20.3,1948.8,6.0
875475365483,C-43-43637-21,2026-08-07,41.98,4030.08,41.0
875475196384,C-43-43125-21,2026-08-07,59.31,5693.76,78.47
875475206529,C-43-43236-21,2026-08-07,148.89,14293.44,170.71
875475294822,C-43-43478-21,2026-08-07,41.98,4030.08,37.72
875475136323,C-43-41948-21,2026-08-07,270.15,25934.4,321.38
875475253204,C-43-43357-21,2026-08-07,67.63,6492.48,102.32
875475475075,C-43-43850-21,2026-08-07,62.08,5959.68,64.32
875507691650,C-43-43703-21,2026-08-08,38.88,3732.48,38.07
875507651197,C-43-42581-21,2026-08-08,62.08,5959.68,65.43
875507663238,C-53-7871800-22,2026-08-08,38.88,3732.48,45.96
875507698703,C-43-43802-21,2026-08-08,62.08,5959.68,65.89
875507628155,C-43-44403-21,2026-08-08,20.3,,0.85
875507669670,C-43-43504-21,2026-08-08,59.31,5693.76,57.13
875507662150,C-43-43302-21,2026-08-08,41.98,4030.08,57.59
875507686456,C-43-43669-21,2026-08-08,53.76,5160.96,66.06
875507640936,C-53-7871696-22,2026-08-08,38.88,3732.48,44.94
875507671534,C-43-43524-21,2026-08-08,45.09,4328.64,33.52
875507637241,C-43-40768-21,2026-08-08,274.36,26338.56,143.4
875507670939,C-43-43508-21,2026-08-08,45.09,4328.64,48.97
875507633901,C-43-39640-21,2026-08-08,125.93,12089.28,696.03
875507654494,C-43-42721-21,2026-08-08,45.09,4328.64,40.68
875507622834,C-43-44375-21,2026-08-08,20.3,1948.8,4.8
875507629390,C-43-44405-21,2026-08-08,20.3,1948.8,3.0
875507697420,C-43-43784-21,2026-08-08,78.72,7557.12,88.71
875507677657,C-43-43566-21,2026-08-08,35.77,3433.92,47.05
875507673732,C-43-43618-21,2026-08-08,41.98,4030.08,36.03
875507687794,C-43-43678-21,2026-08-08,38.88,3732.48,32.52
875507684383,C-43-43645-21,2026-08-08,53.76,5160.96,70.54
875507675070,C-43-43619-21,2026-08-08,62.08,5959.68,78.35
875507686136,C-53-7871854-22,2026-08-08,35.77,3433.92,25.01
875507683527,C-43-43644-21,2026-08-08,67.63,6492.48,79.33
875507679693,C-43-43638-21,2026-08-08,38.88,3732.48,55.63
875507658857,C-43-43043-21,2026-08-08,114.45,10987.2,151.09
875507712490,C-43-42916-21,2026-08-08,924.31,88733.76,579.63
875507685221,C-43-43648-21,2026-08-08,62.08,5959.68,104.39
875507660114,C-43-43251-21,2026-08-08,31.01,2976.96,73.72
875507705488,C-43-44152-21,2026-08-08,133.58,12823.68,217.58
875507633408,C-43-39998-21,2026-08-08,31.01,2976.96,34.61
875507711266,C-43-42385-21,2026-08-08,335.05,32164.8,587.47
875507612693,C-43-40571-21,2026-08-08,20.3,1948.8,1.0
875507707079,C-43-44339-21,2026-08-08,33.32,3198.72,0.0
875507630730,C-43-44418-21,2026-08-08,20.3,1948.8,3.57
875507678403,C-43-43641-21,2026-08-08,34.62,3323.52,34.33
875507688220,C-53-7871838-22,2026-08-08,27.41,2631.36,16.88
875507617857,C-43-44114-21,2026-08-08,20.3,1948.8,2.4
875507641830,C-53-7871703-22,2026-08-08,59.31,5693.76,50.4
875507664738,C-43-43380-21,2026-08-08,41.98,4030.08,69.07
875507701118,C-43-43823-21,2026-08-08,45.09,4328.64,47.44
875507666502,C-43-43470-21,2026-08-08,70.4,6758.4,124.3
875507689915,C-43-43700-21,2026-08-08,45.09,4328.64,34.81
875507656236,C-43-42919-21,2026-08-08,64.85,6225.6,77.02
875507689102,C-53-7871859-22,2026-08-08,31.01,2976.96,21.18
875507697865,C-43-43803-21,2026-08-08,114.45,10987.2,152.95
875507617077,C-43-44100-21,2026-08-08,20.3,1948.8,6.8
875507638476,C-43-41986-21,2026-08-08,56.53,5426.88,58.61
875507648525,C-43-42572-21,2026-08-08,129.76,12456.96,165.85
875507646706,C-43-42458-21,2026-08-08,53.76,5160.96,70.66
875507615394,C-43-44077-21,2026-08-08,20.3,1948.8,12.75
875507618810,C-43-44282-21,2026-08-08,20.3,1948.8,3.0
875507684659,C-43-43724-21,2026-08-08,53.76,5160.96,50.2
875507702526,C-43-43952-21,2026-08-08,106.79,10251.84,136.48
875507619150,C-43-44300-21,2026-08-08,20.3,1948.8,10.2
875507678193,C-43-43642-21,2026-08-08,56.53,5426.88,59.21
875507635639,C-53-7871530-22,2026-08-08,78.72,7557.12,47.59
875507614192,C-43-41500-21,2026-08-08,20.3,0.0,5.04
875507678300,C-43-43560-21,2026-08-08,53.76,5160.96,85.02
875507672162,C-43-43582-21,2026-08-08,164.2,15763.2,147.73
875507669111,C-43-43492-21,2026-08-08,41.98,4030.08,50.44
875507694292,C-43-43755-21,2026-08-08,73.17,7024.32,96.43
875507666260,C-43-43415-21,2026-08-08,35.77,3433.92,33.14
875507638796,C-53-7871647-22,2026-08-08,35.77,3433.92,42.23
875507618202,C-43-44266-21,2026-08-08,20.3,1948.8,8.0
875507702835,C-43-44020-21,2026-08-08,67.63,6492.48,100.48
875507653112,C-43-42720-21,2026-08-08,67.63,6492.48,51.33
875507665193,C-4124289876,2026-08-08,38.88,3732.48,10.0
875507696479,C-43-43761-21,2026-08-08,48.2,4627.2,65.24
875507701986,C-43-43845-21,2026-08-08,41.98,4030.08,39.17
875507655468,C-43-42902-21,2026-08-08,75.95,7291.2,222.76
875507678057,C-43-43565-21,2026-08-08,53.76,5160.96,36.63
875507623289,C-43-44392-21,2026-08-08,20.3,1948.8,3.06
875507644107,C-43-42395-21,2026-08-08,59.31,5693.76,60.08
875507658055,C-43-42985-21,2026-08-08,75.95,7291.2,106.78
875507618886,C-43-44376-21,2026-08-08,20.3,1948.8,1.2
875507662908,C-43-43347-21,2026-08-08,62.08,5959.68,129.87
875507693035,C-53-7871867-22,2026-08-08,56.53,5426.88,63.67
875507624701,C-43-44394-21,2026-08-08,20.3,1948.8,6.8
875507657118,C-43-42926-21,2026-08-08,102.96,9884.16,308.11
875507647345,C-4110010694,2026-08-08,31.01,2976.96,24.68
875507699640,C-43-43819-21,2026-08-08,110.62,10619.52,152.73
875507692028,C-43-43704-21,2026-08-08,45.09,4328.64,48.38
875507673147,C-53-7871845-22,2026-08-08,38.88,3732.48,30.99
875564279059,C-43-43797-21,2026-08-10,107.05,10276.8,132.12
875564350453,C-43-43960-21,2026-08-10,53.89,5173.44,49.77
875563836777,C-43-38600-21,2026-08-10,76.14,7309.44,138.28
875564294151,C-4130304965,2026-08-10,62.24,5975.04,74.47
875564166619,C-43-43551-21,2026-08-10,42.09,4040.64,18.04
875564185820,C-43-43676-21,2026-08-10,53.89,5173.44,121.77
,C-43-44482-21,2026-08-10,0.0,1953.6,1.8
875564284334,C-43-43808-21,2026-08-10,126.24,12119.04,202.96
875564127015,C-43-43521-21,2026-08-10,48.32,4638.72,58.09
,C-43-44574-21,2026-08-10,0.0,0.0,3.57
875563868842,C-43-41019-21,2026-08-10,20.35,0.0,4.8
875563848715,C-43-40054-21,2026-08-10,42.09,4040.64,91.02
875563963291,C-4113929276,2026-08-10,23.87,2291.52,21.47
875564337114,C-43-43880-21,2026-08-10,38.97,3741.12,33.03
875564180428,C-43-43672-21,2026-08-10,53.89,5173.44,42.83
875564076320,C-43-43261-21,2026-08-10,65.01,6240.96,153.5
875563938990,C-43-42434-21,2026-08-10,65.01,6240.96,99.18
875563892711,C-43-42098-21,2026-08-10,56.68,5441.28,81.69
875563842636,C-43-39551-21,2026-08-10,56.68,5441.28,92.19
875564140284,C-43-43597-21,2026-08-10,62.24,5975.04,60.35
875564049484,C-43-43201-21,2026-08-10,45.21,4340.16,29.72
875564227956,C-43-43751-21,2026-08-10,76.14,7309.44,106.5
875563928565,C-43-42368-21,2026-08-10,76.14,7309.44,57.44
,C-43-44504-21,2026-08-10,0.0,1953.6,1.36
,C-43-44582-21,2026-08-10,0.0,0.0,2.4
875564376615,C-43-44040-21,2026-08-10,45.21,4340.16,32.44
875564264652,C-43-43775-21,2026-08-10,35.86,3442.56,28.07
875564326849,C-43-43867-21,2026-08-10,78.92,7576.32,152.66
875564422170,C-43-41441-21,2026-08-10,346.76,33288.96,427.93
,C-43-44469-21,2026-08-10,0.0,1953.6,3.57
875564206487,C-43-43744-21,2026-08-10,42.09,4040.64,76.02
875564365478,C-43-44002-21,2026-08-10,27.48,2638.08,25.01
875564250932,C-43-43767-21,2026-08-10,42.09,4040.64,42.24
875564027836,C-43-43084-21,2026-08-10,126.24,12119.04,107.98
,C-43-44494-21,2026-08-10,0.0,1953.6,3.0
875564274355,C-43-43787-21,2026-08-10,59.46,5708.16,58.14
,C-43-44534-21,2026-08-10,0.0,0.0,5.0
875564200879,C-43-43710-21,2026-08-10,65.01,6240.96,79.59
875564150150,C-43-43615-21,2026-08-10,31.09,2984.64,27.93
875564008028,C-43-42981-21,2026-08-10,45.21,4340.16,42.01
,C-43-44473-21,2026-08-10,0.0,1953.6,1.02
875563974461,C-4116635987,2026-08-10,38.97,3741.12,49.08
875564346760,C-43-43935-21,2026-08-10,31.09,2872.32,4.09
,C-43-44320-21,2026-08-10,0.0,2638.08,120.94
875564331149,C-43-43874-21,2026-08-10,53.89,5173.44,72.88
875564238151,C-43-43757-21,2026-08-10,31.09,2984.64,27.58
,C-43-44546-21,2026-08-10,0.0,0.0,5.4
,C-43-44532-21,2026-08-10,0.0,1953.6,1.53
875564122105,C-43-43502-21,2026-08-10,31.09,2984.64,44.28
875564135355,C-43-43556-21,2026-08-10,31.09,2872.32,54.4
875564355890,C-43-43962-21,2026-08-10,42.09,4040.64,73.85
,C-43-44481-21,2026-08-10,0.0,1953.6,3.0
,C-43-44510-21,2026-08-10,0.0,1953.6,2.04
,C-43-44531-21,2026-08-10,0.0,1953.6,3.06
875564428156,C-43-43041-21,2026-08-10,285.26,27384.96,390.61
875564217418,C-4129517147,2026-08-10,56.68,5441.28,95.31
875564360097,C-43-43972-21,2026-08-10,73.36,7042.56,94.42
,C-43-44140-21,2026-08-10,0.0,5173.44,131.42
875564038123,C-43-43132-21,2026-08-10,42.09,4040.64,41.04
875564374050,C-43-44019-21,2026-08-10,65.01,6240.96,129.18
875563903540,C-43-42191-21,2026-08-10,172.28,16538.88,260.44
875564382530,C-43-44042-21,2026-08-10,59.46,5708.16,85.08
875564145860,C-43-43612-21,2026-08-10,53.89,5173.44,22.37
875564084990,C-4122033060,2026-08-10,48.32,4638.72,43.28
875563998789,C-43-42962-21,2026-08-10,48.32,4638.72,14.99
875563912670,C-43-42309-21,2026-08-10,56.68,5441.28,37.68
875563874388,C-43-41403-21,2026-08-10,45.21,4340.16,41.04
875564194115,C-43-43699-21,2026-08-10,59.46,5708.16,65.95
875564411128,C-43-41159-21,2026-08-10,243.08,23335.68,455.43
,C-43-44581-21,2026-08-10,0.0,0.0,1.8
,C-43-44486-21,2026-08-10,0.0,1953.6,1.53
875564245705,C-43-43766-21,2026-08-10,48.32,4638.72,32.29
875563970411,C-43-42855-21,2026-08-10,59.46,5708.16,24.0
,C-43-44438-21,2026-08-10,0.0,1953.6,0.6
,C-43-44433-21,2026-08-10,0.0,1953.6,0.85
875564055207,C-43-43210-21,2026-08-10,45.21,4340.16,66.12
875564130272,C-43-43552-21,2026-08-10,67.8,6508.8,85.67
875564154383,C-43-43627-21,2026-08-10,62.24,5975.04,47.25
875563972620,C-43-42859-21,2026-08-10,70.58,6775.68,75.21
,C-43-44527-21,2026-08-10,0.0,1953.6,0.6
875563887344,C-43-42093-21,2026-08-10,45.21,4340.16,85.15
,C-43-44550-21,2026-08-10,0.0,0.0,0.0
875564261193,C-43-43771-21,2026-08-10,42.09,4040.64,32.11
875564102342,C-43-43406-21,2026-08-10,48.32,4638.72,59.25
875564065182,C-43-43219-21,2026-08-10,42.09,4040.64,55.74
875564189193,C-43-43677-21,2026-08-10,59.46,5708.16,101.79
,C-43-44578-21,2026-08-10,0.0,0.0,4.08
,C-43-44457-21,2026-08-10,0.0,1953.6,1.02
875563863575,C-43-41014-21,2026-08-10,56.68,5441.28,81.49
875564118341,C-43-43498-21,2026-08-10,67.8,6508.8,78.75
875564112115,C-43-43448-21,2026-08-10,23.87,2291.52,6.44
,C-43-44095-21,2026-08-10,0.0,5708.16,61.54
875564172280,C-43-43653-21,2026-08-10,53.89,5173.44,109.0
,C-43-44467-21,2026-08-10,0.0,1953.6,1.8
875563881758,C-43-41698-21,2026-08-10,42.09,4040.64,30.02
875563853541,C-43-40421-21,2026-08-10,65.01,6240.96,111.46
875564310699,C-43-43854-21,2026-08-10,65.01,6240.96,118.09
875563878475,C-53-7871649-22,2026-08-10,67.8,6508.8,52.16
875563949265,C-43-42488-21,2026-08-10,42.09,4040.64,45.78
,C-43-44450-21,2026-08-10,0.0,1953.6,2.55
875564018566,C-43-43004-21,2026-08-10,48.32,4638.72,27.32
,C-43-44099-21,2026-08-10,0.0,5708.16,81.48
,C-43-44444-21,2026-08-10,0.0,1953.6,4.08
875563896544,C-43-42157-21,2026-08-10,73.36,7042.56,170.3
875563954220,C-43-42638-21,2026-08-10,45.21,4340.16,30.1
875563914981,C-43-42327-21,2026-08-10,45.21,4340.16,47.12
,C-43-44511-21,2026-08-10,0.0,1953.6,11.73
875564108260,C-43-43414-21,2026-08-10,122.4,11750.4,256.86
875563909272,C-43-42262-21,2026-08-10,160.77,15433.92,158.2
875563994100,C-43-42929-21,2026-08-10,70.58,6775.68,69.1
,C-43-44489-21,2026-08-10,0.0,1953.6,1.53
875564160908,C-43-43574-21,2026-08-10,53.89,5173.44,51.24
,C-43-44507-21,2026-08-10,0.0,1953.6,1.02
875564321343,C-43-43865-21,2026-08-10,76.14,7309.44,185.24
875564252762,C-43-43770-21,2026-08-10,122.4,11750.4,333.26
875564305450,C-43-43847-21,2026-08-10,53.89,5173.44,53.65
875564033452,C-43-43113-21,2026-08-10,48.32,4638.72,61.87
875564175110,C-43-43656-21,2026-08-10,62.24,5975.04,52.95
875564405096,C-43-42438-21,2026-08-10,72.48,6958.08,78.88
875564342113,C-43-43929-21,2026-08-10,53.89,5173.44,86.75
,C-43-44478-21,2026-08-10,0.0,1953.6,7.14
875564093675,C-43-43286-21,2026-08-10,45.21,4340.16,49.96
,C-43-44064-21,2026-08-10,0.0,9540.48,65.82
875567128937,C-43-42638-21,2026-08-10,45.21,4340.16,30.1
875567251180,C-43-43414-21,2026-08-10,122.4,11750.4,256.86
875567503533,C-43-43865-21,2026-08-10,76.14,7309.44,185.24
875567543630,C-43-43935-21,2026-08-10,29.92,2872.32,4.09
875567453009,C-43-43797-21,2026-08-10,107.05,10276.8,132.12
875567528136,C-43-43874-21,2026-08-10,53.89,5173.44,72.88
875567206133,C-43-43201-21,2026-08-10,45.21,4340.16,29.72
875567104414,C-43-42327-21,2026-08-10,45.21,4340.16,47.12
875567085183,C-43-42157-21,2026-08-10,73.36,7042.56,170.3
875567634053,C-43-44433-21,2026-08-10,20.35,1953.6,0.85
875567024674,C-43-40054-21,2026-08-10,42.09,4040.64,91.02
875567187796,C-43-43113-21,2026-08-10,48.32,4638.72,61.87
875567701823,C-43-44482-21,2026-08-10,20.35,1953.6,1.8
875567522620,C-43-43867-21,2026-08-10,78.92,7576.32,152.66
875567443372,C-43-43775-21,2026-08-10,35.86,3442.56,28.07
875567620193,C-43-44140-21,2026-08-10,53.89,5173.44,131.42
875567626386,C-43-44320-21,2026-08-10,27.48,2638.08,120.94
875567330050,C-43-43551-21,2026-08-10,42.09,4040.64,18.04
875567464680,C-43-43808-21,2026-08-10,126.24,12119.04,202.96
875567246321,C-43-43406-21,2026-08-10,48.32,4638.72,59.25
875567114757,C-43-42434-21,2026-08-10,65.01,6240.96,99.18
875567148137,C-43-42855-21,2026-08-10,59.46,5708.16,24.0
875567643323,C-43-44444-21,2026-08-10,20.35,1953.6,4.08
875567311466,C-43-43615-21,2026-08-10,31.09,2984.64,27.93
875567804620,C-43-44578-21,2026-08-10,20.35,0.0,4.08
875567711331,C-43-44486-21,2026-08-10,20.35,1953.6,1.53
875567749276,C-43-44511-21,2026-08-10,20.35,1953.6,11.73
875567028810,C-43-40421-21,2026-08-10,65.01,6240.96,111.46
875567754621,C-43-44527-21,2026-08-10,20.35,1953.6,0.6
875567019241,C-43-39551-21,2026-08-10,56.68,5441.28,92.19
875567277743,C-43-43521-21,2026-08-10,48.32,4638.72,58.09
875567744138,C-43-44510-21,2026-08-10,20.35,1953.6,2.04
875567547554,C-43-43960-21,2026-08-10,53.89,5173.44,49.77
875567760914,C-43-44531-21,2026-08-10,20.35,1953.6,3.06
875567538994,C-43-43929-21,2026-08-10,53.89,5173.44,86.75
875567216616,C-43-43210-21,2026-08-10,45.21,4340.16,66.12
875567483549,C-43-43847-21,2026-08-10,53.89,5173.44,53.65
875567166114,C-43-42929-21,2026-08-10,70.58,6775.68,69.1
875567649961,C-43-44450-21,2026-08-10,20.35,1953.6,2.55
875567690833,C-43-44478-21,2026-08-10,20.35,1953.6,7.14
875567788424,C-43-44550-21,2026-08-10,20.35,0.0,0.0
875567721192,C-43-44489-21,2026-08-10,20.35,1953.6,1.53
875567426509,C-43-43770-21,2026-08-10,122.4,11750.4,333.26
875567533146,C-43-43880-21,2026-08-10,38.97,3741.12,33.03
875567109611,C-43-42368-21,2026-08-10,76.14,7309.44,57.44
875567168323,C-43-42962-21,2026-08-10,48.32,4638.72,14.99
875567174763,C-43-42981-21,2026-08-10,45.21,4340.16,42.01
875567552678,C-43-43962-21,2026-08-10,42.09,4040.64,73.85
875567603786,C-43-44095-21,2026-08-10,59.46,5708.16,61.54
875567564568,C-43-44002-21,2026-08-10,27.48,2638.08,25.01
875567063774,C-43-41698-21,2026-08-10,42.09,4040.64,30.02
875567315943,C-43-43627-21,2026-08-10,62.24,5975.04,47.25
875567080148,C-43-42098-21,2026-08-10,56.68,5441.28,81.69
875567781095,C-43-44546-21,2026-08-10,20.35,0.0,5.4
875567725555,C-43-44494-21,2026-08-10,20.35,1953.6,3.0
875567196231,C-43-43132-21,2026-08-10,42.09,4040.64,41.04
875567222449,C-43-43219-21,2026-08-10,42.09,4040.64,55.74
875567138971,C-4113929276,2026-08-10,23.87,2291.52,21.47
875567734490,C-43-44504-21,2026-08-10,20.35,1953.6,1.36
875567365146,C-43-43676-21,2026-08-10,53.89,5173.44,121.77
875567696360,C-43-44481-21,2026-08-10,20.35,1953.6,3.0
875567230859,C-43-43261-21,2026-08-10,65.01,6240.96,153.5
875567614420,C-43-44099-21,2026-08-10,59.46,5708.16,81.48
875567234453,C-4122033060,2026-08-10,48.32,4638.72,43.28
875567599768,C-43-44064-21,2026-08-10,99.38,9540.48,65.82
875567447518,C-43-43787-21,2026-08-10,59.46,5708.16,58.14
875567473982,C-4130304965,2026-08-10,62.24,5975.04,74.47
875567738750,C-43-44507-21,2026-08-10,20.35,1953.6,1.02
875567397900,C-43-43751-21,2026-08-10,76.14,7309.44,106.5
875567292088,C-43-43597-21,2026-08-10,62.24,5975.04,60.35
875567058455,C-53-7871649-22,2026-08-10,67.8,6508.8,52.16
875567178574,C-43-43004-21,2026-08-10,48.32,4638.72,27.32
875567495461,C-43-43854-21,2026-08-10,65.01,6240.96,118.09
875567389062,C-43-43744-21,2026-08-10,42.09,4040.64,76.02
875567239320,C-43-43286-21,2026-08-10,45.21,4340.16,49.96
875567073617,C-43-42093-21,2026-08-10,45.21,4340.16,85.15
875567813830,C-43-44581-21,2026-08-10,20.35,0.0,1.8
875567671850,C-43-44469-21,2026-08-10,20.35,1953.6,3.57
875567046109,C-43-41019-21,2026-08-10,20.35,0.0,4.8
875567406426,C-43-43757-21,2026-08-10,31.09,2984.64,27.58
875567411930,C-43-43766-21,2026-08-10,48.32,4638.72,32.29
875567392297,C-4129517147,2026-08-10,56.68,5441.28,95.31
875567053214,C-43-41403-21,2026-08-10,45.21,4340.16,41.04
875567100154,C-43-42309-21,2026-08-10,56.68,5441.28,37.68
875567254948,C-43-43448-21,2026-08-10,23.87,2291.52,6.44
875567438053,C-43-43771-21,2026-08-10,42.09,4040.64,32.11
875567372468,C-43-43677-21,2026-08-10,59.46,5708.16,101.79
875567416368,C-43-43767-21,2026-08-10,42.09,4040.64,42.24
875567680030,C-43-44473-21,2026-08-10,20.35,1953.6,1.02
875567014206,C-43-38600-21,2026-08-10,76.14,7309.44,138.28
875567581696,C-43-44040-21,2026-08-10,45.21,4340.16,32.44
875567660462,C-43-44457-21,2026-08-10,20.35,1953.6,1.02
875567347835,C-43-43656-21,2026-08-10,62.24,5975.04,52.95
875567639846,C-43-44438-21,2026-08-10,20.35,1953.6,0.6
875567379315,C-43-43699-21,2026-08-10,59.46,5708.16,65.95
875567041380,C-43-41014-21,2026-08-10,56.68,5441.28,81.49
875567766555,C-43-44532-21,2026-08-10,20.35,1953.6,1.53
875567559227,C-43-43972-21,2026-08-10,73.36,7042.56,94.42
875567182305,C-43-43084-21,2026-08-10,126.24,12119.04,107.98
875567123394,C-43-42488-21,2026-08-10,42.09,4040.64,45.78
875567089292,C-43-42191-21,2026-08-10,172.28,16538.88,260.44
875567286255,C-43-43556-21,2026-08-10,29.92,2872.32,54.4
875567827491,C-43-44582-21,2026-08-10,20.35,0.0,2.4
875567771749,C-43-44534-21,2026-08-10,20.35,0.0,5.0
875567159590,C-4116635987,2026-08-10,38.97,3741.12,49.08
875567155963,C-43-42859-21,2026-08-10,70.58,6775.68,75.21
875567322371,C-43-43574-21,2026-08-10,53.89,5173.44,51.24
875567384391,C-43-43710-21,2026-08-10,65.01,6240.96,79.59
875567794599,C-43-44574-21,2026-08-10,20.35,0.0,3.57
875567302358,C-43-43612-21,2026-08-10,53.89,5173.44,22.37
875567593910,C-43-44042-21,2026-08-10,59.46,5708.16,85.08
875567269528,C-43-43502-21,2026-08-10,31.09,2984.64,44.28
875567665567,C-43-44467-21,2026-08-10,20.35,1953.6,1.8
875567356760,C-43-43672-21,2026-08-10,53.89,5173.44,42.83
875567341790,C-43-43653-21,2026-08-10,53.89,5173.44,109.0
875567575885,C-43-44019-21,2026-08-10,65.01,6240.96,129.18
875567260807,C-43-43498-21,2026-08-10,67.8,6508.8,78.75
875567095357,C-43-42262-21,2026-08-10,160.77,15433.92,158.2
875567281941,C-43-43552-21,2026-08-10,67.8,6508.8,85.67
875625959886,C-43-44321-21,2026-08-11,20.32,1950.72,0.0
875625535259,C-4120214599,2026-08-11,42.03,4034.88,42.3
875625926932,C-43-44360-21,2026-08-11,27.44,0.0,54.82
875625660274,C-43-43503-21,2026-08-11,76.02,7297.92,53.83
875625888250,C-43-44127-21,2026-08-11,45.14,4333.44,77.25
875625507546,C-43-42598-21,2026-08-11,53.81,5165.76,41.73
875625625938,C-53-7871809-22,2026-08-11,73.25,7032.0,86.03
875625646226,C-4126048115,2026-08-11,48.25,4632.0,60.67
875625607527,C-53-7871787-22,2026-08-11,48.25,4632.0,57.84
875625445522,C-43-41849-21,2026-08-11,53.81,5165.76,57.03
875625474390,C-43-42399-21,2026-08-11,53.81,5165.76,0.0
875625585117,C-53-7871766-22,2026-08-11,48.25,4632.0,35.83
875625998622,C-43-44601-21,2026-08-11,20.32,1950.72,0.51
875625708776,C-43-43549-21,2026-08-11,53.81,5165.76,207.57
875625836275,C-43-43958-21,2026-08-11,67.7,6499.2,97.95
875625739525,C-43-43726-21,2026-08-11,64.92,6232.32,80.66
875626002260,C-43-44614-21,2026-08-11,20.32,1950.72,1.02
875625698911,C-43-43592-21,2026-08-11,45.14,4333.44,44.89
875625423414,C-53-7871627-22,2026-08-11,29.88,2868.48,19.51
875625611232,C-43-43349-21,2026-08-11,38.92,3736.32,24.31
875625463554,C-53-7871698-22,2026-08-11,56.59,5432.64,61.85
875625846699,C-43-43965-21,2026-08-11,42.03,4034.88,35.86
875625713845,C-43-43544-21,2026-08-11,34.65,3326.4,20.45
875625558260,C-53-7871756-22,2026-08-11,33.35,3201.6,11.69
875625859850,C-43-44037-21,2026-08-11,29.88,2868.48,49.24
875625690082,C-4125930818,2026-08-11,48.25,4632.0,63.11
875625480877,C-43-42419-21,2026-08-11,59.37,5699.52,145.01
875625916210,C-43-44258-21,2026-08-11,31.05,2980.8,41.09
875625496166,C-4112593663,2026-08-11,78.8,7564.8,228.57
875625993208,C-43-44622-21,2026-08-11,20.32,1950.72,2.55
875625499555,C-4111433798,2026-08-11,118.39,11365.44,126.29
875625988492,C-43-44631-21,2026-08-11,20.32,1950.72,0.6
875625748243,C-43-43738-21,2026-08-11,34.65,3326.4,36.71
875625809308,C-43-43891-21,2026-08-11,56.59,5432.64,46.57
875625410470,C-43-40032-21,2026-08-11,29.88,2868.48,50.64
875625538085,C-4119837879,2026-08-11,129.89,12469.44,125.05
875625817199,C-43-43911-21,2026-08-11,70.47,6765.12,77.33
875625567482,C-43-43182-21,2026-08-11,270.43,25961.28,227.82
875625507720,C-43-42675-21,2026-08-11,48.25,4632.0,51.84
875625760851,C-43-43801-21,2026-08-11,35.8,3436.8,54.5
875625598665,C-43-43246-21,2026-08-11,62.14,5965.44,76.31
875625602135,C-43-43271-21,2026-08-11,34.65,3326.4,88.91
875625703307,C-43-43613-21,2026-08-11,34.65,3326.4,31.44
875625752772,C-43-43746-21,2026-08-11,48.25,4632.0,95.91
875625639691,C-43-43427-21,2026-08-11,38.92,3736.32,36.9
875625434135,C-43-41405-21,2026-08-11,64.92,6232.32,99.82
875625910738,C-43-44247-21,2026-08-11,26.4,2534.4,22.8
875625671499,C-43-43514-21,2026-08-11,45.14,4333.44,41.68
875625892106,C-43-44142-21,2026-08-11,53.81,5165.76,48.89
875625922102,C-43-44326-21,2026-08-11,38.92,3736.32,18.0
875625955847,C-43-44377-21,2026-08-11,20.32,1950.72,0.6
875625775578,C-43-43851-21,2026-08-11,35.8,3436.8,35.23
875625591671,C-43-43215-21,2026-08-11,59.37,5699.52,71.37
875625805390,C-43-43863-21,2026-08-11,48.25,4632.0,29.99
875625895517,C-43-44181-21,2026-08-11,29.88,2868.48,37.78
875625452605,C-43-41994-21,2026-08-11,64.92,6232.32,125.77
875625975312,C-4128953775,2026-08-11,20.32,1950.72,1.8
875625876717,C-43-44072-21,2026-08-11,42.03,4034.88,43.84
875625984957,C-43-44629-21,2026-08-11,20.32,1950.72,1.8
875625616370,C-53-7871804-22,2026-08-11,59.37,5699.52,73.33
875625577277,C-43-43206-21,2026-08-11,34.65,3326.4,51.97
875625929070,C-43-44621-21,2026-08-11,20.32,1950.72,1.8
875625404934,C-53-7871474-22,2026-08-11,129.89,12469.44,154.32
875625800826,C-43-43862-21,2026-08-11,35.8,3436.8,167.62
875625678379,C-43-43515-21,2026-08-11,53.81,5165.76,52.42
875625949657,C-43-44639-21,2026-08-11,20.32,1950.72,4.8
875625532043,C-43-43001-21,2026-08-11,48.25,4632.0,56.57
875625940020,C-43-44643-21,2026-08-11,20.32,1950.72,4.2
875625515268,C-43-42861-21,2026-08-11,56.59,5432.64,96.14
875625418356,C-53-7871520-22,2026-08-11,31.05,2980.8,20.13
875626021829,C-43-40073-21,2026-08-11,106.9,0.0,379.98
875625523851,C-4116539098,2026-08-11,29.88,2868.48,28.0
875625459687,C-53-7871695-22,2026-08-11,35.8,3436.8,27.02
875625550763,C-43-43119-21,2026-08-11,73.25,7032.0,79.79
875625838521,C-43-43959-21,2026-08-11,53.81,5165.76,44.27
875625872983,C-43-44062-21,2026-08-11,31.05,2980.8,29.68
875625937930,C-43-44523-21,2026-08-11,20.32,1950.72,6.12
875625755392,C-43-43793-21,2026-08-11,45.14,4333.44,46.81
875625899730,C-43-44195-21,2026-08-11,62.14,5965.44,69.03
875625485445,C-43-42534-21,2026-08-11,200.6,19257.6,299.19
875625780176,C-43-43858-21,2026-08-11,48.25,4632.0,26.87
875625868421,C-53-7871905-22,2026-08-11,59.37,5699.52,62.38
875625903770,C-43-44241-21,2026-08-11,29.88,2868.48,41.38
875625731877,C-53-7871857-22,2026-08-11,34.65,3326.4,26.02
875625490606,C-43-42558-21,2026-08-11,56.59,5432.64,73.65
875625827877,C-43-43949-21,2026-08-11,27.44,2634.24,22.43
875625736309,C-43-43682-21,2026-08-11,45.14,4333.44,55.22
875625621689,C-43-43382-21,2026-08-11,45.14,4333.44,34.35
875625654717,C-43-43472-21,2026-08-11,48.25,4632.0,49.07
875626027850,C-43-43221-21,2026-08-11,276.42,26536.32,318.34
875625884575,C-43-44092-21,2026-08-11,38.92,3736.32,40.87
875625979763,C-43-44448-21,2026-08-11,20.32,1950.72,5.1
875625856325,C-43-44036-21,2026-08-11,27.44,2634.24,28.45
875625467560,C-43-42272-21,2026-08-11,78.8,7564.8,72.14
875625772432,C-43-43843-21,2026-08-11,56.59,5432.64,59.31
875625850350,C-43-44011-21,2026-08-11,45.14,4333.44,48.59
875625970582,C-43-44259-21,2026-08-11,20.32,1950.72,24.48
875625880720,C-43-44087-21,2026-08-11,45.14,4333.44,38.21
875625966980,C-43-44584-21,2026-08-11,20.32,1950.72,6.12
875625721030,C-43-43664-21,2026-08-11,76.02,7297.92,64.98
875625842443,C-43-43961-21,2026-08-11,42.03,4034.88,27.53
875625788762,C-43-43859-21,2026-08-11,48.25,4632.0,54.98
875625618432,C-4124741205,2026-08-11,59.37,5699.52,646.64
875625819662,C-43-43917-21,2026-08-11,70.47,6765.12,84.72
875625767937,C-53-7871875-22,2026-08-11,38.92,3736.32,45.0
875625571886,C-43-43196-21,2026-08-11,53.81,5165.76,67.51
875625561841,C-53-7871762-22,2026-08-11,29.88,2868.48,16.5
875625456574,C-43-42036-21,2026-08-11,78.8,7564.8,229.04
875681014213,C-43-43269-21,2026-08-12,27.47,2637.12,48.91
875681293838,C-43-44688-21,2026-08-12,20.34,1952.64,1.53
875681003216,C-53-7871744-22,2026-08-12,64.99,6239.04,73.92
875681026732,C-43-43393-21,2026-08-12,48.3,4636.8,36.12
875681140809,C-43-44026-21,2026-08-12,38.96,3740.16,36.35
875681174770,C-53-7871918-22,2026-08-12,35.84,3440.64,25.41
875681076163,C-43-43663-21,2026-08-12,76.1,7305.6,152.85
875681296918,C-43-44613-21,2026-08-12,20.34,1952.64,2.55
875681121240,C-43-43956-21,2026-08-12,45.19,4338.24,25.63
875681070420,C-43-43636-21,2026-08-12,48.3,4636.8,59.63
875681206460,C-43-44227-21,2026-08-12,38.96,3740.16,27.03
875680948404,C-53-7871641-22,2026-08-12,59.43,0.0,38.48
875680958611,C-43-41945-21,2026-08-12,34.69,3330.24,40.87
875680981458,C-43-42422-21,2026-08-12,59.43,5705.28,89.16
875681133277,C-43-43988-21,2026-08-12,53.87,5171.52,81.87
875681109765,C-43-43905-21,2026-08-12,296.01,28416.96,255.94
875681006800,C-43-43048-21,2026-08-12,76.1,7305.6,156.84
875681044319,C-43-43603-21,2026-08-12,35.84,3440.64,28.72
875680921772,C-43-39558-21,2026-08-12,34.69,0.0,47.39
875681151736,C-43-44101-21,2026-08-12,48.3,4636.8,45.09
875681218339,C-43-44291-21,2026-08-12,67.77,6505.92,135.3
875680929843,C-53-7871550-22,2026-08-12,42.07,0.0,27.04
875681113838,C-43-43910-21,2026-08-12,67.77,6505.92,113.19
875681051961,C-43-43583-21,2026-08-12,168.38,16164.48,213.21
875680976069,C-43-42216-21,2026-08-12,53.87,5171.52,71.8
875681193103,C-43-44196-21,2026-08-12,64.99,6239.04,88.12
875681281710,C-43-44587-21,2026-08-12,20.34,1952.64,3.0
875681209871,C-43-44274-21,2026-08-12,26.43,2537.28,73.61
875681101363,C-43-43878-21,2026-08-12,31.08,2983.68,27.39
875680985214,C-4113628777,2026-08-12,70.55,0.0,156.75
875681021270,C-4123996646,2026-08-12,53.87,0.0,34.65
875681214815,C-53-7871939-22,2026-08-12,56.65,5438.4,45.28
875681275438,C-43-44678-21,2026-08-12,20.34,1952.64,0.0
875681088097,C-43-43705-21,2026-08-12,53.87,5171.52,31.39
875681035472,C-4127208377,2026-08-12,67.77,0.0,65.13
875681183000,C-53-7871921-22,2026-08-12,59.43,5705.28,46.29
875680988213,C-43-42701-21,2026-08-12,103.18,9905.28,98.72
875681264176,C-43-44608-21,2026-08-12,20.34,1952.64,4.59
875681287957,C-43-44640-21,2026-08-12,20.34,1952.64,2.55
875680971906,C-53-7871692-22,2026-08-12,130.02,12481.92,267.9
875681031720,C-43-43463-21,2026-08-12,26.43,2537.28,32.07
875680945313,C-43-41395-21,2026-08-12,27.47,0.0,17.67
875681106023,C-43-43904-21,2026-08-12,45.19,4338.24,33.39
875681246990,C-43-44690-21,2026-08-12,20.34,0.0,1.8
875681201790,C-53-7871933-22,2026-08-12,34.69,3330.24,24.52
875681167573,C-43-44106-21,2026-08-12,59.43,5705.28,62.55
875681239521,C-43-44572-21,2026-08-12,48.3,4636.8,102.61
875681252117,C-43-44653-21,2026-08-12,20.34,0.0,2.04
875681258181,C-4139429335,2026-08-12,20.34,0.0,3.6
875680959982,C-43-42048-21,2026-08-12,48.3,4636.8,22.58
875680964352,C-43-42103-21,2026-08-12,59.43,5705.28,132.15
875681083588,C-43-43675-21,2026-08-12,114.68,11009.28,173.76
875680925230,C-53-7871540-22,2026-08-12,45.19,0.0,45.26
875680994951,C-53-7871728-22,2026-08-12,48.3,4636.8,36.78
875681091737,C-43-43765-21,2026-08-12,56.65,5438.4,47.66
875681012703,C-43-43363-21,2026-08-12,62.21,5972.16,67.8
875681073017,C-43-43654-21,2026-08-12,130.02,12481.92,240.53
875680941844,C-43-41225-21,2026-08-12,29.91,0.0,0.0
875681275173,C-43-44637-21,2026-08-12,20.34,1952.64,6.0
875681188001,C-43-44145-21,2026-08-12,110.84,10640.64,135.49
875680937999,C-53-7871582-22,2026-08-12,48.3,0.0,34.0
875681065270,C-43-43568-21,2026-08-12,56.65,5438.4,59.22
875681158351,C-43-44104-21,2026-08-12,34.69,3330.24,34.48
875681117167,C-43-43925-21,2026-08-12,70.55,6772.8,83.2
875681128083,C-53-7871899-22,2026-08-12,42.07,4038.72,24.72
875681235618,C-43-44542-21,2026-08-12,76.1,7305.6,134.22
875680952278,C-53-7871664-22,2026-08-12,56.65,5438.4,65.07
875681125007,C-43-43971-21,2026-08-12,59.43,5705.28,88.71
875681177232,C-43-44138-21,2026-08-12,53.87,5171.52,47.9
875681058039,C-43-43572-21,2026-08-12,67.77,6505.92,82.11
875681317368,C-43-42941-21,2026-08-12,2321.99,222911.04,2166.17
875680955829,C-43-41942-21,2026-08-12,176.05,0.0,119.93
875680916556,C-53-7871357-22,2026-08-12,73.32,0.0,50.1
875681087734,C-53-7871877-22,2026-08-12,122.35,11745.6,249.17
875680969549,C-43-42125-21,2026-08-12,99.34,9536.64,190.04
875681220567,C-43-44295-21,2026-08-12,62.21,5972.16,157.79
875681225720,C-43-44348-21,2026-08-12,48.3,4636.8,64.78
875681230638,C-43-44509-21,2026-08-12,35.84,3440.64,22.47
875681269384,C-43-44590-21,2026-08-12,20.34,1952.64,3.06
875681011100,C-43-43248-21,2026-08-12,45.19,4338.24,29.09
875681040585,C-4127245465,2026-08-12,42.07,0.0,31.88
875680997950,C-43-42819-21,2026-08-12,70.55,6772.8,135.5
875681144804,C-53-7871906-22,2026-08-12,38.96,3740.16,19.75
,C-43-43900-21,2026-08-13,0.0,4034.88,58.0
,C-43-44124-21,2026-08-13,0.0,6232.32,66.63
,C-43-43977-21,2026-08-13,0.0,5432.64,75.86
,C-43-43689-21,2026-08-13,0.0,11365.44,154.16
,C-43-44083-21,2026-08-13,0.0,5699.52,81.33
,C-43-44306-21,2026-08-13,0.0,1950.72,6.6
,C-43-43735-21,2026-08-13,0.0,6499.2,63.64
,C-43-44199-21,2026-08-13,0.0,5165.76,45.89
,C-43-44075-21,2026-08-13,0.0,4333.44,57.54
,C-43-44324-21,2026-08-13,0.0,0.0,0.6
,C-43-43606-21,2026-08-13,0.0,4034.88,23.88
875735949098,C-43-41697-21,2026-08-13,59.37,5699.52,133.15
,C-43-44310-21,2026-08-13,0.0,6499.2,111.68
,C-43-43983-21,2026-08-13,0.0,5165.76,71.9
,C-43-44059-21,2026-08-13,0.0,6499.2,52.62
875735991643,C-4115411889,2026-08-13,76.02,0.0,107.89
,C-43-43943-21,2026-08-13,0.0,4632.0,47.99
875735946158,C-43-41541-21,2026-08-13,106.9,0.0,189.4
875735957615,C-43-41776-21,2026-08-13,64.92,6232.32,75.86
,C-43-43848-21,2026-08-13,0.0,5432.64,58.54
,C-43-44153-21,2026-08-13,0.0,5965.44,47.93
,C-43-43280-21,2026-08-13,0.0,5699.52,125.97
,C-43-44066-21,2026-08-13,0.0,3736.32,35.98
,C-43-43056-21,2026-08-13,0.0,3736.32,31.42
,C-43-43968-21,2026-08-13,0.0,4333.44,37.4
875735982237,C-43-42600-21,2026-08-13,45.14,4333.44,44.86
,C-43-44312-21,2026-08-13,0.0,1950.72,4.2
,C-43-44548-21,2026-08-13,0.0,3736.32,55.98
,C-43-44683-21,2026-08-13,0.0,1950.72,3.06
,C-43-43655-21,2026-08-13,0.0,5965.44,78.44
,C-43-44682-21,2026-08-13,0.0,1950.72,2.55
,C-43-44673-21,2026-08-13,0.0,1950.72,2.0
,C-43-44361-21,2026-08-13,0.0,5432.64,82.58
,C-43-43069-21,2026-08-13,0.0,13204.8,381.65
,C-43-43899-21,2026-08-13,0.0,3736.32,41.16
875735977834,C-43-42212-21,2026-08-13,110.73,10630.08,185.33
,C-43-44283-21,2026-08-13,0.0,13940.16,112.34
,C-43-44378-21,2026-08-13,0.0,2534.4,22.04
,C-53-7871755-22,2026-08-13,0.0,3736.32,23.73
,C-53-7871913-22,2026-08-13,0.0,4333.44,42.65
,C-43-43479-21,2026-08-13,0.0,4034.88,41.39
,C-43-43853-21,2026-08-13,0.0,10997.76,97.64
875735911451,C-43-39222-21,2026-08-13,48.25,0.0,58.66
,C-43-44415-21,2026-08-13,0.0,1950.72,3.57
,C-43-44197-21,2026-08-13,0.0,13940.16,150.35
,C-4120693913,2026-08-13,0.0,0.0,324.16
,C-43-43796-21,2026-08-13,0.0,0.0,604.75
875736013802,C-43-42876-21,2026-08-13,371.53,35666.88,315.76
,C-43-44185-21,2026-08-13,0.0,9527.04,88.16
,C-43-43635-21,2026-08-13,0.0,6499.2,54.7
,C-43-43749-21,2026-08-13,0.0,7564.8,87.2
,C-53-7871944-22,2026-08-13,0.0,1950.72,0.0
,C-43-44096-21,2026-08-13,0.0,5965.44,69.51
875735969516,C-43-42059-21,2026-08-13,73.25,7032.0,78.23
,C-43-44301-21,2026-08-13,0.0,5165.76,101.77
,C-43-43591-21,2026-08-13,0.0,11733.12,131.32
,C-43-43888-21,2026-08-13,0.0,5432.64,92.24
,C-43-43987-21,2026-08-13,0.0,3326.4,33.49
,C-43-44512-21,2026-08-13,0.0,6499.2,133.45
,C-43-44319-21,2026-08-13,0.0,0.0,4.59
,C-43-43076-21,2026-08-13,0.0,4034.88,40.8
,C-43-43594-21,2026-08-13,0.0,7564.8,177.74
,C-53-7871891-22,2026-08-13,0.0,4632.0,25.3
,C-43-44183-21,2026-08-13,0.0,2634.24,33.29
,C-43-44322-21,2026-08-13,0.0,1950.72,6.0
,C-43-44335-21,2026-08-13,0.0,5965.44,78.75
,C-43-43315-21,2026-08-13,0.0,9894.72,122.1
,C-43-44254-21,2026-08-13,0.0,1950.72,0.0
,C-43-43946-21,2026-08-13,0.0,7032.0,87.55
,C-43-43454-21,2026-08-13,0.0,11733.12,238.9
,C-43-44236-21,2026-08-13,0.0,5165.76,52.05
,C-43-44277-21,2026-08-13,0.0,4034.88,32.03
,C-53-7871839-22,2026-08-13,0.0,2534.4,17.93
875735918478,C-43-39261-21,2026-08-13,62.14,0.0,115.74
875736010230,C-4126794374,2026-08-13,51.98,0.0,40.24
875735922805,C-43-40096-21,2026-08-13,78.8,0.0,111.28
875735937348,C-43-41333-21,2026-08-13,168.2,0.0,245.06
,C-43-44667-21,2026-08-13,0.0,1950.72,6.0
,C-43-43459-21,2026-08-13,0.0,4333.44,50.67
,C-43-43996-21,2026-08-13,0.0,4333.44,49.55
,C-43-44657-21,2026-08-13,0.0,1950.72,7.65
,C-43-44262-21,2026-08-13,0.0,2534.4,44.5
,C-43-44202-21,2026-08-13,0.0,5432.64,75.84
,C-4125971695,2026-08-13,0.0,0.0,38.98
,C-53-7871904-22,2026-08-13,0.0,3736.32,24.73
,C-43-43884-21,2026-08-13,0.0,3326.4,27.05
,C-43-43756-21,2026-08-13,0.0,5699.52,56.6
,C-43-43918-21,2026-08-13,0.0,5432.64,36.04
,C-43-44679-21,2026-08-13,0.0,1950.72,3.57
,C-43-43189-21,2026-08-13,0.0,2980.8,24.49
,C-4135871984,2026-08-13,0.0,0.0,1.8
,C-53-7871767-22,2026-08-13,0.0,2534.4,11.14
,C-53-7871910-22,2026-08-13,0.0,5965.44,84.31
,C-43-43281-21,2026-08-13,0.0,12469.44,93.42
,C-43-44014-21,2026-08-13,0.0,3736.32,33.43
,C-43-44353-21,2026-08-13,0.0,1950.72,2.55
,C-53-7871877-22,2026-08-13,0.0,11745.6,249.17
,C-53-7871816-22,2026-08-13,0.0,3326.4,23.19
,C-43-43321-21,2026-08-13,0.0,6232.32,106.53
875735964499,C-43-41976-21,2026-08-13,187.96,18044.16,402.62
,C-43-42945-21,2026-08-13,0.0,7032.0,196.36
,C-53-7871833-22,2026-08-13,0.0,3326.4,16.69
,C-53-7871739-22,2026-08-13,0.0,5432.64,50.22
875735927439,C-53-7871604-22,2026-08-13,31.05,0.0,37.12
875735974272,C-53-7871692-22,2026-08-13,129.89,12481.92,267.9
,C-43-43812-21,2026-08-13,0.0,13204.8,101.39
,C-43-44018-21,2026-08-13,0.0,16514.88,248.41
,C-43-43807-21,2026-08-13,0.0,5699.52,55.77
,C-43-43778-21,2026-08-13,0.0,4034.88,120.08
875737873677,C-53-7871816-22,2026-08-13,34.65,3326.4,23.19
875738112488,C-43-44066-21,2026-08-13,38.92,3736.32,35.98
875737960625,C-43-43749-21,2026-08-13,78.8,7564.8,87.2
875737834680,C-53-7871755-22,2026-08-13,38.92,3736.32,23.73
875738167657,C-43-44202-21,2026-08-13,56.59,5432.64,75.84
875737799928,C-53-7871739-22,2026-08-13,56.59,5432.64,50.22
875738060844,C-53-7871891-22,2026-08-13,48.25,4632.0,25.3
875738299574,C-43-44682-21,2026-08-13,20.32,1950.72,2.55
875738306525,C-43-44683-21,2026-08-13,20.32,1950.72,3.06
875737815803,C-43-43056-21,2026-08-13,38.92,3736.32,31.42
875738275165,C-43-44548-21,2026-08-13,38.92,3736.32,55.98
875738274835,C-43-44512-21,2026-08-13,67.7,6499.2,133.45
875738247794,C-43-44335-21,2026-08-13,62.14,5965.44,78.75
875738000231,C-43-43853-21,2026-08-13,114.56,10997.76,97.64
875737974404,C-43-43778-21,2026-08-13,42.03,4034.88,120.08
875737811109,C-43-42945-21,2026-08-13,73.25,7032.0,196.36
875738224381,C-43-44312-21,2026-08-13,20.32,1950.72,4.2
875737852668,C-43-43280-21,2026-08-13,59.37,5699.52,125.97
875737774063,C-43-42059-21,2026-08-13,73.25,7032.0,78.23
875737896174,C-43-43479-21,2026-08-13,42.03,4034.88,41.39
875738296840,C-43-44679-21,2026-08-13,20.32,1950.72,3.57
875737750949,C-53-7871604-22,2026-08-13,31.05,0.0,37.12
875737928883,C-43-43655-21,2026-08-13,62.14,5965.44,78.44
875738280370,C-43-44657-21,2026-08-13,20.32,1950.72,7.65
875737941365,C-53-7871839-22,2026-08-13,26.4,2534.4,17.93
875737768561,C-43-41976-21,2026-08-13,187.96,18044.16,402.62
875737884321,C-43-43459-21,2026-08-13,45.14,4333.44,50.67
875738355486,C-43-44018-21,2026-08-13,172.03,16514.88,248.41
875738027797,C-43-43900-21,2026-08-13,42.03,4034.88,58.0
875737791445,C-4115411889,2026-08-13,76.02,0.0,107.89
875738010585,C-43-43884-21,2026-08-13,34.65,3326.4,27.05
875737905334,C-43-43594-21,2026-08-13,78.8,7564.8,177.74
875738079717,C-43-43983-21,2026-08-13,53.81,5165.76,71.9
875738261721,C-4135871984,2026-08-13,20.32,0.0,1.8
875737735700,C-43-39222-21,2026-08-13,48.25,0.0,58.66
875738287548,C-43-44667-21,2026-08-13,20.32,1950.72,6.0
875738099134,C-43-44014-21,2026-08-13,38.92,3736.32,33.43
875738089545,C-43-43996-21,2026-08-13,45.14,4333.44,49.55
875737779113,C-53-7871692-22,2026-08-13,129.89,12481.92,267.9
875738341056,C-43-42876-21,2026-08-13,371.53,35666.88,315.76
875738194580,C-43-44277-21,2026-08-13,42.03,4034.88,32.03
875737843023,C-43-43189-21,2026-08-13,31.05,2980.8,24.49
875738290875,C-43-44673-21,2026-08-13,20.32,1950.72,2.0
875737747048,C-43-40096-21,2026-08-13,78.8,0.0,111.28
875737920882,C-43-43635-21,2026-08-13,67.7,6499.2,54.7
875738102947,C-53-7871904-22,2026-08-13,38.92,3736.32,24.73
875738228825,C-43-44319-21,2026-08-13,20.32,0.0,4.59
875737878360,C-43-43454-21,2026-08-13,122.22,11733.12,238.9
875738243479,C-43-44324-21,2026-08-13,20.32,0.0,0.6
875737786652,C-43-42600-21,2026-08-13,45.14,4333.44,44.86
875738042168,C-43-43943-21,2026-08-13,48.25,4632.0,47.99
875738259103,C-43-44361-21,2026-08-13,56.59,5432.64,82.58
875737984302,C-43-43807-21,2026-08-13,59.37,5699.52,55.77
875738074678,C-43-43977-21,2026-08-13,56.59,5432.64,75.86
875738158192,C-43-44197-21,2026-08-13,145.21,13940.16,150.35
875738351068,C-43-43796-21,2026-08-13,322.76,0.0,604.75
875737997450,C-53-7871877-22,2026-08-13,122.22,11745.6,249.17
875738150835,C-43-44185-21,2026-08-13,99.24,9527.04,88.16
875738115914,C-53-7871910-22,2026-08-13,62.14,5965.44,84.31
875737743031,C-43-39261-21,2026-08-13,62.14,0.0,115.74
875738067702,C-43-43968-21,2026-08-13,45.14,4333.44,37.4
875738185900,C-43-44262-21,2026-08-13,26.4,2534.4,44.5
875738084153,C-43-43987-21,2026-08-13,34.65,3326.4,33.49
875737825013,C-43-43069-21,2026-08-13,137.55,13204.8,381.65
875738107710,C-43-44059-21,2026-08-13,67.7,6499.2,52.62
875738048810,C-43-43946-21,2026-08-13,73.25,7032.0,87.55
875737888511,C-4125971695,2026-08-13,45.14,0.0,38.98
875737949804,C-53-7871833-22,2026-08-13,34.65,3326.4,16.69
875738177500,C-43-44254-21,2026-08-13,20.32,1950.72,0.0
875738208385,C-43-44301-21,2026-08-13,53.81,5165.76,101.77
875738122743,C-43-44075-21,2026-08-13,45.14,4333.44,57.54
875738129255,C-43-44083-21,2026-08-13,59.37,5699.52,81.33
875738131781,C-43-44096-21,2026-08-13,62.14,5965.44,69.51
875738213796,C-43-44310-21,2026-08-13,67.7,6499.2,111.68
875737846787,C-53-7871767-22,2026-08-13,26.4,2534.4,11.14
875737857924,C-43-43281-21,2026-08-13,129.89,12469.44,93.42
875738018185,C-43-43899-21,2026-08-13,38.92,3736.32,41.16
875737951182,C-43-43735-21,2026-08-13,67.7,6499.2,63.64
875738241487,C-43-44322-21,2026-08-13,20.32,1950.72,6.0
875737909178,C-43-43606-21,2026-08-13,42.03,4034.88,23.88
875737935911,C-43-43689-21,2026-08-13,118.39,11365.44,154.16
875738212322,C-43-44306-21,2026-08-13,20.32,1950.72,6.6
875737762828,C-43-41697-21,2026-08-13,59.37,5699.52,133.15
875738255244,C-43-44353-21,2026-08-13,20.32,1950.72,2.55
875738144678,C-43-44183-21,2026-08-13,27.44,2634.24,33.29
875737994093,C-43-43848-21,2026-08-13,56.59,5432.64,58.54
875738332496,C-4126794374,2026-08-13,51.98,0.0,40.24
875737868005,C-43-43321-21,2026-08-13,64.92,6232.32,106.53
875737993432,C-43-43812-21,2026-08-13,137.55,13204.8,101.39
875738161453,C-43-44199-21,2026-08-13,53.81,5165.76,45.89
875737829718,C-43-43076-21,2026-08-13,42.03,4034.88,40.8
875738034376,C-43-43918-21,2026-08-13,56.59,5432.64,36.04
875737755090,C-43-41333-21,2026-08-13,168.2,0.0,245.06
875737863390,C-43-43315-21,2026-08-13,103.07,9894.72,122.1
875738203810,C-43-44283-21,2026-08-13,145.21,13940.16,112.34
875738014271,C-43-43888-21,2026-08-13,56.59,5432.64,92.24
875738233283,C-53-7871944-22,2026-08-13,20.32,1950.72,0.0
875738137312,C-43-44124-21,2026-08-13,64.92,6232.32,66.63
875737766179,C-43-41776-21,2026-08-13,64.92,6232.32,75.86
875737758674,C-43-41541-21,2026-08-13,106.9,0.0,189.4
875738266723,C-43-44378-21,2026-08-13,26.4,2534.4,22.04
875738271192,C-43-44415-21,2026-08-13,20.32,1950.72,3.57
875737966531,C-43-43756-21,2026-08-13,59.37,5699.52,56.6
875738125250,C-53-7871913-22,2026-08-13,45.14,4333.44,42.65
875737838778,C-4120693913,2026-08-13,118.39,0.0,324.16
875737913950,C-43-43591-21,2026-08-13,122.22,11733.12,131.32
875737782966,C-43-42212-21,2026-08-13,110.73,10630.08,185.33
875738174729,C-43-44236-21,2026-08-13,53.81,5165.76,52.05
875738141072,C-43-44153-21,2026-08-13,62.14,5965.44,47.93
875769789083,C-43-44824-21,2026-08-14,70.47,6875.6,0.01
,C-43-43338-21,2026-08-14,0.0,5136.04,50.41
,C-43-43973-21,2026-08-14,0.0,7255.54,78.51
,C-43-44356-21,2026-08-14,0.0,3714.14,24.59
,C-43-44451-21,2026-08-14,0.0,2963.1,51.3
,C-43-44695-21,2026-08-14,0.0,1939.14,0.0
,C-43-44535-21,2026-08-14,0.0,1939.14,37.23
,C-43-44594-21,2026-08-14,0.0,1939.14,3.0
,C-43-43957-21,2026-08-14,0.0,7255.54,81.9
,C-43-44577-21,2026-08-14,0.0,3306.65,43.12
,C-43-44008-21,2026-08-14,0.0,2963.1,22.0
,C-43-44350-21,2026-08-14,0.0,2618.6,24.1
,C-43-44728-21,2026-08-14,0.0,1939.14,2.4
,C-43-43932-21,2026-08-14,0.0,5930.97,53.18
,C-43-44133-21,2026-08-14,0.0,4010.92,40.79
,C-43-43285-21,2026-08-14,0.0,4307.71,91.86
,C-43-44003-21,2026-08-14,0.0,4010.92,39.58
,C-43-44128-21,2026-08-14,0.0,5136.04,73.68
,C-4123701636,2026-08-14,0.0,7520.84,137.51
,C-43-44455-21,2026-08-14,0.0,2618.6,44.36
,C-43-44170-21,2026-08-14,0.0,5665.68,40.76
,C-43-43247-21,2026-08-14,0.0,5401.34,124.23
,C-43-43875-21,2026-08-14,0.0,5930.97,54.57
,C-4116112040,2026-08-14,0.0,3714.14,35.16
,C-43-44047-21,2026-08-14,0.0,2618.6,22.86
,C-43-43223-21,2026-08-14,0.0,7520.84,83.86
,C-43-42307-21,2026-08-14,0.0,4010.92,110.26
875790767084,C-43-43790-21,2026-08-14,297.37,478.4,797.33
,C-43-44136-21,2026-08-14,0.0,4605.45,59.08
,C-43-43570-21,2026-08-14,0.0,7255.54,79.94
,C-43-42468-21,2026-08-14,0.0,6196.27,83.77
,C-43-41789-21,2026-08-14,0.0,7421.76,101.74
,C-43-44043-21,2026-08-14,0.0,5136.04,52.61
,C-43-43990-21,2026-08-14,0.0,5665.68,60.44
,C-43-44090-21,2026-08-14,0.0,4307.71,39.68
,C-4127831973,2026-08-14,0.0,3417.35,32.57
,C-43-44630-21,2026-08-14,0.0,1939.14,6.0
,C-43-44329-21,2026-08-14,0.0,4307.71,45.9
,C-43-44552-21,2026-08-14,0.0,4307.71,50.41
,C-43-43985-21,2026-08-14,0.0,5401.34,61.52
,C-43-44739-21,2026-08-14,0.0,1939.14,2.4
,C-43-44680-21,2026-08-14,0.0,1939.14,5.0
,C-53-7872009-22,2026-08-14,0.0,1939.14,3.52
,C-43-43825-21,2026-08-14,0.0,7520.84,61.91
,C-43-44740-21,2026-08-14,0.0,,0.6
,C-43-44311-21,2026-08-14,0.0,1939.14,2.55
,C-43-43896-21,2026-08-14,0.0,5401.34,46.34
,C-43-44704-21,2026-08-14,0.0,1939.14,5.4
,C-43-43877-21,2026-08-14,0.0,16418.73,389.68
,C-43-43640-21,2026-08-14,0.0,6725.91,96.7
,C-43-44374-21,2026-08-14,0.0,4605.45,59.96
,C-43-44777-21,2026-08-14,0.0,1939.14,1.2
875790760881,C-53-7871713-22,2026-08-14,51.96,25.32,42.2
,C-43-42173-21,2026-08-14,0.0,3714.14,44.91
,C-43-43244-21,2026-08-14,0.0,5401.34,124.23
,C-53-7871889-22,2026-08-14,0.0,3714.14,25.75
,C-43-44522-21,2026-08-14,0.0,4010.92,55.87
,C-53-7871820-22,2026-08-14,0.0,6196.27,69.28
,C-43-43776-21,2026-08-14,0.0,4010.92,27.47
,C-43-44687-21,2026-08-14,0.0,1939.14,3.57
,C-43-44089-21,2026-08-14,0.0,5401.34,52.76
,C-43-44058-21,2026-08-14,0.0,5401.34,116.21
,C-43-44257-21,2026-08-14,0.0,4605.45,81.65
,C-43-44314-21,2026-08-14,0.0,5136.04,53.37
,C-43-44402-21,2026-08-14,0.0,1939.14,3.57
,C-43-44710-21,2026-08-14,0.0,3306.65,29.26
,C-43-43216-21,2026-08-14,0.0,18340.69,226.26
,C-43-44814-21,2026-08-14,0.0,1939.14,2.55
,C-43-44757-21,2026-08-14,0.0,1939.14,3.6
,C-43-44209-21,2026-08-14,0.0,6991.2,103.25
,C-53-7871545-22,2026-08-14,0.0,3714.14,27.65
,C-43-44141-21,2026-08-14,0.0,2963.1,155.82
,C-53-7871683-22,2026-08-14,0.0,5401.34,59.66
,C-43-41660-21,2026-08-14,0.0,6725.91,170.15
,C-43-43953-21,2026-08-14,0.0,6991.2,92.79
,C-43-44328-21,2026-08-14,0.0,4307.71,44.01
,C-53-7871903-22,2026-08-14,0.0,11665.36,131.2
,C-43-44656-21,2026-08-14,0.0,1939.14,2.4
,C-43-44725-21,2026-08-14,0.0,1939.14,1.8
,C-4126895948,2026-08-14,0.0,6196.27,89.98
,C-43-44607-21,2026-08-14,0.0,1939.14,4.08
,C-43-44746-21,2026-08-14,0.0,1939.14,3.57
,C-43-43595-21,2026-08-14,0.0,5665.68,72.51
,C-43-44369-21,2026-08-14,0.0,1939.14,5.1
,C-43-44796-21,2026-08-14,0.0,1939.14,1.2
,C-43-41797-21,2026-08-14,0.0,5136.04,30.36
,C-43-44737-21,2026-08-14,0.0,1939.14,0.6
,C-43-44792-21,2026-08-14,0.0,1939.14,2.4
,C-43-43832-21,2026-08-14,0.0,6991.2,100.53
,C-43-44645-21,2026-08-14,0.0,1939.14,3.6
,C-43-44061-21,2026-08-14,0.0,5136.04,47.55
,C-43-41454-21,2026-08-14,0.0,4605.45,52.34
,C-43-44302-21,2026-08-14,0.0,1939.14,5.4
,C-4111119975,2026-08-14,0.0,3417.35,27.2
,C-43-44644-21,2026-08-14,0.0,2851.45,0.0
,C-43-43734-21,2026-08-14,0.0,6196.27,72.34
,C-43-44000-21,2026-08-14,0.0,4605.45,43.07
,C-43-44606-21,2026-08-14,0.0,4010.92,68.13
,C-43-44313-21,2026-08-14,0.0,6196.27,40.94
,C-43-44756-21,2026-08-14,0.0,1939.14,1.53
,C-53-7871794-22,2026-08-14,0.0,3714.14,34.43
,C-43-39322-21,2026-08-14,0.0,3306.65,26.65
,C-43-44676-21,2026-08-14,0.0,1939.14,4.08
,C-43-43764-21,2026-08-14,0.0,6991.2,58.68
,C-53-7871681-22,2026-08-14,0.0,2963.1,15.27
,C-43-43185-21,2026-08-14,0.0,5665.68,47.95
,C-43-42022-21,2026-08-14,0.0,16418.73,421.2
,C-43-44742-21,2026-08-14,0.0,1939.14,0.6
,C-43-43507-21,2026-08-14,0.0,5136.04,46.65
,C-43-44738-21,2026-08-14,0.0,1939.14,3.0
,C-43-43897-21,2026-08-14,0.0,3306.65,40.11
,C-43-44728-21,2026-08-14,0.0,1939.14,2.4
,C-43-41660-21,2026-08-14,70.44,6725.91,170.15
,C-43-44451-21,2026-08-14,0.0,2963.1,51.3
,C-43-44170-21,2026-08-14,59.35,5665.68,40.76
,C-43-43985-21,2026-08-14,56.57,5401.34,61.52
,C-4111119975,2026-08-14,35.79,3417.35,27.2
,C-43-44128-21,2026-08-14,53.79,5136.04,73.68
,C-43-44676-21,2026-08-14,0.0,1939.14,4.08
,C-43-44090-21,2026-08-14,45.12,4307.71,39.68
,C-53-7872009-22,2026-08-14,0.0,1939.14,3.52
,C-43-44725-21,2026-08-14,0.0,1939.14,1.8
,C-43-44089-21,2026-08-14,56.57,5401.34,52.76
,C-43-43877-21,2026-08-14,171.96,16418.73,389.68
,C-43-43247-21,2026-08-14,56.57,5401.34,124.23
,C-43-43507-21,2026-08-14,53.79,5136.04,46.65
,C-43-43640-21,2026-08-14,70.44,6725.91,96.7
,C-43-44329-21,2026-08-14,45.12,4307.71,45.9
,C-4116112040,2026-08-14,38.9,3714.14,35.16
,C-43-39322-21,2026-08-14,34.64,3306.65,26.65
,C-53-7871820-22,2026-08-14,64.89,6196.27,69.28
,C-43-43216-21,2026-08-14,192.1,18340.69,226.26
,C-43-44738-21,2026-08-14,0.0,1939.14,3.0
,C-43-44687-21,2026-08-14,0.0,1939.14,3.57
,C-43-44402-21,2026-08-14,0.0,1939.14,3.57
,C-43-44257-21,2026-08-14,48.23,4605.45,81.65
,C-43-44043-21,2026-08-14,53.79,5136.04,52.61
,C-43-42468-21,2026-08-14,64.89,6196.27,83.77
,C-4126895948,2026-08-14,64.89,6196.27,89.98
,C-4123701636,2026-08-14,78.77,7520.84,137.51
,C-43-44606-21,2026-08-14,0.0,4010.92,68.13
,C-43-43776-21,2026-08-14,42.01,4010.92,27.47
,C-4127831973,2026-08-14,35.79,3417.35,32.57
,C-53-7871794-22,2026-08-14,38.9,3714.14,34.43
,C-43-43244-21,2026-08-14,56.57,5401.34,124.23
,C-43-44000-21,2026-08-14,48.23,4605.45,43.07
,C-43-44704-21,2026-08-14,0.0,1939.14,5.4
,C-43-44630-21,2026-08-14,0.0,1939.14,6.0
,C-43-41789-21,2026-08-14,78.77,7421.76,101.74
,C-43-44328-21,2026-08-14,45.12,4307.71,44.01
,C-43-44302-21,2026-08-14,20.31,1939.14,5.4
,C-43-44058-21,2026-08-14,56.57,5401.34,116.21
,C-43-44209-21,2026-08-14,73.22,6991.2,103.25
,C-43-43832-21,2026-08-14,73.22,6991.2,100.53
,C-43-43338-21,2026-08-14,53.79,5136.04,50.41
,C-43-44792-21,2026-08-14,0.0,1939.14,2.4
,C-43-44644-21,2026-08-14,0.0,2851.45,0.0
,C-43-42022-21,2026-08-14,171.96,16418.73,421.2
,C-43-44757-21,2026-08-14,0.0,1939.14,3.6
,C-43-43990-21,2026-08-14,59.35,5665.68,60.44
,C-53-7871545-22,2026-08-14,38.9,3714.14,27.65
,C-43-43896-21,2026-08-14,56.57,5401.34,46.34
,C-53-7871903-22,2026-08-14,122.18,11665.36,131.2
,C-43-44047-21,2026-08-14,27.43,2618.6,22.86
,C-43-44311-21,2026-08-14,20.31,1939.14,2.55
,C-43-44008-21,2026-08-14,31.03,2963.1,22.0
,C-43-44796-21,2026-08-14,0.0,1939.14,1.2
,C-43-44522-21,2026-08-14,0.0,4010.92,55.87
,C-43-44314-21,2026-08-14,53.79,5136.04,53.37
,C-43-42173-21,2026-08-14,38.9,3714.14,44.91
,C-43-43223-21,2026-08-14,78.77,7520.84,83.86
,C-43-43957-21,2026-08-14,75.99,7255.54,81.9
,C-43-44607-21,2026-08-14,0.0,1939.14,4.08
,C-43-44141-21,2026-08-14,31.03,2963.1,155.82
,C-43-44133-21,2026-08-14,42.01,4010.92,40.79
,C-43-44369-21,2026-08-14,20.31,1939.14,5.1
,C-53-7871889-22,2026-08-14,38.9,3714.14,25.75
,C-43-44577-21,2026-08-14,0.0,3306.65,43.12
,C-43-43285-21,2026-08-14,45.12,4307.71,91.86
,C-43-44535-21,2026-08-14,0.0,1939.14,37.23
,C-43-43897-21,2026-08-14,34.64,3306.65,40.11
,C-43-44003-21,2026-08-14,42.01,4010.92,39.58
,C-43-44645-21,2026-08-14,0.0,1939.14,3.6
,C-43-43570-21,2026-08-14,75.99,7255.54,79.94
,C-43-44552-21,2026-08-14,0.0,4307.71,50.41
,C-43-44777-21,2026-08-14,0.0,1939.14,1.2
,C-43-44737-21,2026-08-14,0.0,1939.14,0.6
,C-43-44594-21,2026-08-14,0.0,1939.14,3.0
,C-43-43953-21,2026-08-14,73.22,6991.2,92.79
,C-53-7871681-22,2026-08-14,31.03,2963.1,15.27
,C-43-44742-21,2026-08-14,0.0,1939.14,0.6
,C-43-43875-21,2026-08-14,62.12,5930.97,54.57
,C-43-44455-21,2026-08-14,0.0,2618.6,44.36
,C-43-43973-21,2026-08-14,75.99,7255.54,78.51
,C-43-41454-21,2026-08-14,48.23,4605.45,52.34
,C-43-44739-21,2026-08-14,0.0,1939.14,2.4
,C-43-44356-21,2026-08-14,38.9,3714.14,24.59
,C-43-44710-21,2026-08-14,0.0,3306.65,29.26
,C-43-44680-21,2026-08-14,0.0,1939.14,5.0
,C-43-43825-21,2026-08-14,78.77,7520.84,61.91
,C-43-42307-21,2026-08-14,42.01,4010.92,110.26
,C-43-44061-21,2026-08-14,53.79,5136.04,47.55
,C-43-43595-21,2026-08-14,59.35,5665.68,72.51
,C-43-44814-21,2026-08-14,0.0,1939.14,2.55
,C-43-44350-21,2026-08-14,27.43,2618.6,24.1
,C-43-44136-21,2026-08-14,48.23,4605.45,59.08
,C-53-7871791-22,2026-08-14,110.69,10567.92,123.9
,C-43-44756-21,2026-08-14,0.0,1939.14,1.53
,C-43-41797-21,2026-08-14,53.79,5136.04,30.36
,C-53-7871683-22,2026-08-14,56.57,5401.34,59.66
,C-43-43734-21,2026-08-14,64.89,6196.27,72.34
,C-43-43764-21,2026-08-14,73.22,6991.2,58.68
,C-43-44374-21,2026-08-14,0.0,4605.45,59.96
,C-43-44746-21,2026-08-14,0.0,1939.14,3.57
,C-43-44695-21,2026-08-14,0.0,1939.14,0.0
,C-43-44656-21,2026-08-14,0.0,1939.14,2.4
,C-43-43932-21,2026-08-14,62.12,5930.97,53.18
,C-43-44740-21,2026-08-14,0.0,,0.6
,C-43-43185-21,2026-08-14,59.35,5665.68,47.95
,C-43-44552-21,2026-08-14,0.0,4307.71,50.41
,C-43-44739-21,2026-08-14,0.0,1939.14,2.4
,C-43-44687-21,2026-08-14,0.0,1939.14,3.57
,C-43-43776-21,2026-08-14,42.03,4010.92,27.47
,C-43-42022-21,2026-08-14,172.05,16418.73,421.2
,C-43-44695-21,2026-08-14,0.0,1939.14,0.0
,C-43-44725-21,2026-08-14,0.0,1939.14,1.8
,C-43-42173-21,2026-08-14,38.92,3714.14,44.91
,C-43-44314-21,2026-08-14,0.0,5136.04,53.37
,C-43-44008-21,2026-08-14,31.05,2963.1,22.0
,C-4126895948,2026-08-14,64.93,6196.27,89.98
,C-43-44746-21,2026-08-14,0.0,1939.14,3.57
,C-43-44328-21,2026-08-14,0.0,4307.71,44.01
,C-43-44058-21,2026-08-14,56.6,5401.34,116.21
,C-43-44796-21,2026-08-14,0.0,1939.14,1.2
,C-43-44451-21,2026-08-14,0.0,2963.1,51.3
,C-43-44645-21,2026-08-14,0.0,1939.14,3.6
,C-43-43216-21,2026-08-14,192.19,18340.69,226.26
,C-43-44003-21,2026-08-14,42.03,4010.92,39.58
,C-53-7871683-22,2026-08-14,56.6,5401.34,59.66
,C-4127831973,2026-08-14,35.81,3417.35,32.57
,C-43-43825-21,2026-08-14,78.81,7520.84,61.91
,C-43-43896-21,2026-08-14,56.6,5401.34,46.34
,C-53-7871681-22,2026-08-14,31.05,2963.1,15.27
,C-43-43875-21,2026-08-14,62.15,5930.97,54.57
,C-43-39322-21,2026-08-14,34.65,3306.65,26.65
,C-53-7871545-22,2026-08-14,38.92,3714.14,27.65
,C-43-44136-21,2026-08-14,48.26,4605.45,59.08
,C-43-44128-21,2026-08-14,53.82,5136.04,73.68
,C-43-44738-21,2026-08-14,0.0,1939.14,3.0
,C-43-44350-21,2026-08-14,0.0,2618.6,24.1
,C-43-44676-21,2026-08-14,0.0,1939.14,4.08
,C-43-44356-21,2026-08-14,0.0,3714.14,24.59
,C-43-44644-21,2026-08-14,0.0,2851.45,0.0
,C-43-44141-21,2026-08-14,31.05,2963.1,155.82
,C-43-43877-21,2026-08-14,172.05,16418.73,389.68
,C-43-44374-21,2026-08-14,0.0,4605.45,59.96
,C-43-43223-21,2026-08-14,78.81,7520.84,83.86
,C-43-44455-21,2026-08-14,0.0,2618.6,44.36
,C-53-7872009-22,2026-08-14,0.0,1939.14,3.52
,C-43-43953-21,2026-08-14,73.26,6991.2,92.79
,C-43-43507-21,2026-08-14,53.82,5136.04,46.65
,C-43-43247-21,2026-08-14,56.6,5401.34,124.23
,C-43-43570-21,2026-08-14,76.03,7255.54,79.94
,C-43-44756-21,2026-08-14,0.0,1939.14,1.53
,C-43-44656-21,2026-08-14,0.0,1939.14,2.4
,C-43-44257-21,2026-08-14,48.26,4605.45,81.65
,C-4116112040,2026-08-14,38.92,3714.14,35.16
,C-43-44577-21,2026-08-14,0.0,3306.65,43.12
,C-43-44814-21,2026-08-14,0.0,1939.14,2.55
,C-43-44000-21,2026-08-14,48.26,4605.45,43.07
,C-43-44090-21,2026-08-14,45.14,4307.71,39.68
,C-43-43990-21,2026-08-14,59.37,5665.68,60.44
,C-53-7871889-22,2026-08-14,38.92,3714.14,25.75
,C-43-44311-21,2026-08-14,0.0,1939.14,2.55
,C-43-44522-21,2026-08-14,0.0,4010.92,55.87
,C-53-7871903-22,2026-08-14,122.24,11665.36,131.2
,C-53-7871794-22,2026-08-14,38.92,3714.14,34.43
,C-43-44313-21,2026-08-14,0.0,6196.27,40.94
,C-43-43764-21,2026-08-14,73.26,6991.2,58.68
,C-43-41660-21,2026-08-14,70.48,6725.91,170.15
,C-43-43973-21,2026-08-14,76.03,7255.54,78.51
,C-43-44777-21,2026-08-14,0.0,1939.14,1.2
,C-43-44402-21,2026-08-14,0.0,1939.14,3.57
,C-43-42468-21,2026-08-14,64.93,6196.27,83.77
,C-43-44594-21,2026-08-14,0.0,1939.14,3.0
,C-53-7871820-22,2026-08-14,64.93,6196.27,69.28
,C-43-44742-21,2026-08-14,0.0,1939.14,0.6
,C-43-44535-21,2026-08-14,0.0,1939.14,37.23
,C-43-44710-21,2026-08-14,0.0,3306.65,29.26
,C-4111119975,2026-08-14,35.81,3417.35,27.2
,C-43-44737-21,2026-08-14,0.0,1939.14,0.6
,C-43-43244-21,2026-08-14,56.6,5401.34,124.23
,C-43-41454-21,2026-08-14,48.26,4605.45,52.34
,C-43-43832-21,2026-08-14,73.26,6991.2,100.53
,C-43-44704-21,2026-08-14,0.0,1939.14,5.4
,C-43-43957-21,2026-08-14,76.03,7255.54,81.9
,C-43-43338-21,2026-08-14,53.82,5136.04,50.41
,C-4123701636,2026-08-14,78.81,7520.84,137.51
,C-43-44757-21,2026-08-14,0.0,1939.14,3.6
,C-43-44606-21,2026-08-14,0.0,4010.92,68.13
,C-43-43285-21,2026-08-14,45.14,4307.71,91.86
,C-43-43640-21,2026-08-14,70.48,6725.91,96.7
,C-43-42307-21,2026-08-14,42.03,4010.92,110.26
,C-43-41789-21,2026-08-14,78.81,7421.76,101.74
,C-43-43897-21,2026-08-14,34.65,3306.65,40.11
,C-43-44089-21,2026-08-14,56.6,5401.34,52.76
,C-43-44170-21,2026-08-14,59.37,5665.68,40.76
,C-43-43185-21,2026-08-14,59.37,5665.68,47.95
,C-43-44302-21,2026-08-14,20.32,1939.14,5.4
,C-43-44680-21,2026-08-14,0.0,1939.14,5.0
,C-43-44630-21,2026-08-14,0.0,1939.14,6.0
,C-53-7871791-22,2026-08-14,110.74,10567.92,123.9
,C-43-43734-21,2026-08-14,64.93,6196.27,72.34
,C-43-44329-21,2026-08-14,0.0,4307.71,45.9
,C-43-44061-21,2026-08-14,53.82,5136.04,47.55
,C-43-43985-21,2026-08-14,56.6,5401.34,61.52
,C-43-43932-21,2026-08-14,62.15,5930.97,53.18
,C-43-44369-21,2026-08-14,0.0,1939.14,5.1
,C-43-44133-21,2026-08-14,42.03,4010.92,40.79
,C-43-43595-21,2026-08-14,59.37,5665.68,72.51
,C-43-44209-21,2026-08-14,73.26,6991.2,103.25
,C-43-44607-21,2026-08-14,0.0,1939.14,4.08
,C-43-44043-21,2026-08-14,53.82,5136.04,52.61
,C-43-44047-21,2026-08-14,27.44,2618.6,22.86
,C-43-44792-21,2026-08-14,0.0,1939.14,2.4
,C-43-44728-21,2026-08-14,0.0,1939.14,2.4
,C-43-41797-21,2026-08-14,53.82,5136.04,30.36
,C-43-44740-21,2026-08-14,0.0,,0.6
875795074001,C-4127831973,2026-08-14,35.81,3417.35,32.57
875795080040,C-43-43734-21,2026-08-14,64.93,6196.27,72.34
875795193661,C-43-44058-21,2026-08-14,56.6,5401.34,116.21
875795226005,C-43-44141-21,2026-08-14,31.05,2963.1,155.82
875795410940,C-43-44630-21,2026-08-14,20.32,1939.14,6.0
875795395670,C-43-44594-21,2026-08-14,20.32,1939.14,3.0
875795405930,C-43-44607-21,2026-08-14,20.32,1939.14,4.08
875795534685,C-43-44814-21,2026-08-14,20.32,1939.14,2.55
875795448509,C-43-44695-21,2026-08-14,20.32,1939.14,0.0
875795022611,C-43-43247-21,2026-08-14,56.6,5401.34,124.23
875795213038,C-43-44128-21,2026-08-14,53.82,5136.04,73.68
875795297475,C-43-44329-21,2026-08-14,45.14,4307.71,45.9
875795246831,C-43-44257-21,2026-08-14,48.26,4605.45,81.65
875795044112,C-4123701636,2026-08-14,78.81,7520.84,137.51
875795060840,C-43-43570-21,2026-08-14,76.03,7255.54,79.94
875795329739,C-43-44369-21,2026-08-14,20.32,1939.14,5.1
875795052121,C-43-43507-21,2026-08-14,53.82,5136.04,46.65
875795036320,C-53-7871794-22,2026-08-14,38.92,3714.14,34.43
875795423608,C-43-44656-21,2026-08-14,20.32,1939.14,2.4
875795267391,C-43-44311-21,2026-08-14,20.32,1939.14,2.55
875794960676,C-53-7871681-22,2026-08-14,31.05,2963.1,15.27
875794972051,C-53-7871683-22,2026-08-14,56.6,5401.34,59.66
875795040790,C-43-43338-21,2026-08-14,53.82,5136.04,50.41
875795416363,C-43-44644-21,2026-08-14,29.88,2851.45,0.0
875795371077,C-43-44455-21,2026-08-14,27.44,2618.6,44.36
875795478935,C-43-44739-21,2026-08-14,20.32,1939.14,2.4
875795502175,C-43-44756-21,2026-08-14,20.32,1939.14,1.53
875795098524,C-43-43825-21,2026-08-14,78.81,7520.84,61.91
875794979744,C-43-42173-21,2026-08-14,38.92,3714.14,44.91
875795437497,C-43-44680-21,2026-08-14,20.32,1939.14,5.0
875795457720,C-43-44710-21,2026-08-14,34.65,3306.65,29.26
875795047800,C-53-7871820-22,2026-08-14,64.93,6196.27,69.28
875795289385,C-43-44328-21,2026-08-14,45.14,4307.71,44.01
875794999985,C-4116112040,2026-08-14,38.92,3714.14,35.16
875795380586,C-43-44535-21,2026-08-14,20.32,1939.14,37.23
875795309119,C-43-44350-21,2026-08-14,27.44,2618.6,24.1
875795189934,C-43-44302-21,2026-08-14,20.32,1939.14,5.4
875795031822,C-53-7871791-22,2026-08-14,110.74,10567.92,123.9
875795097962,C-43-43832-21,2026-08-14,73.26,6991.2,100.53
875795121880,C-53-7871889-22,2026-08-14,38.92,3714.14,25.75
875795444672,C-43-44687-21,2026-08-14,20.32,1939.14,3.57
875795205408,C-43-44089-21,2026-08-14,56.6,5401.34,52.76
875795460451,C-43-44725-21,2026-08-14,20.32,1939.14,1.8
875795377454,C-43-44522-21,2026-08-14,42.03,4010.92,55.87
875795170524,C-53-7871903-22,2026-08-14,122.24,11665.36,131.2
875795091552,C-43-43764-21,2026-08-14,73.26,6991.2,58.68
875795180856,C-43-44043-21,2026-08-14,53.82,5136.04,52.61
875794945367,C-43-41660-21,2026-08-14,70.48,6725.91,170.15
875795104718,C-43-43875-21,2026-08-14,62.15,5930.97,54.57
875794943478,C-43-41454-21,2026-08-14,48.26,4605.45,52.34
875795516285,C-43-44792-21,2026-08-14,20.32,1939.14,2.4
875795109937,C-43-43877-21,2026-08-14,172.05,16418.73,389.68
875795275838,C-43-44313-21,2026-08-14,64.93,6196.27,40.94
875795058531,C-4126895948,2026-08-14,64.93,6196.27,89.98
875795505071,C-43-44757-21,2026-08-14,20.32,1939.14,3.6
875794949682,C-43-41797-21,2026-08-14,53.82,5136.04,30.36
875795144056,C-43-43985-21,2026-08-14,56.6,5401.34,61.52
875795523427,C-53-7872009-22,2026-08-14,20.32,1939.14,3.52
875795154610,C-43-44000-21,2026-08-14,48.26,4605.45,43.07
875795222455,C-43-44136-21,2026-08-14,48.26,4605.45,59.08
875795401599,C-43-44606-21,2026-08-14,42.03,4010.92,68.13
875795317139,C-43-44356-21,2026-08-14,38.92,3714.14,24.59
875795470393,C-43-44737-21,2026-08-14,20.32,1939.14,0.6
875795199155,C-43-44061-21,2026-08-14,53.82,5136.04,47.55
875795218740,C-43-44133-21,2026-08-14,42.03,4010.92,40.79
875794933775,C-43-39322-21,2026-08-14,34.65,3306.65,26.65
875795240053,C-43-44209-21,2026-08-14,73.26,6991.2,103.25
875795131928,C-43-43953-21,2026-08-14,73.26,6991.2,92.79
875795113859,C-43-43896-21,2026-08-14,56.6,5401.34,46.34
875795356607,C-43-44451-21,2026-08-14,31.05,2963.1,51.3
875795496452,C-43-44746-21,2026-08-14,20.32,1939.14,3.57
875795115336,C-43-43897-21,2026-08-14,34.65,3306.65,40.11
875795147710,C-43-43990-21,2026-08-14,59.37,5665.68,60.44
875795209848,C-43-44090-21,2026-08-14,45.14,4307.71,39.68
875795055245,C-43-43595-21,2026-08-14,59.37,5665.68,72.51
875795452122,C-43-44704-21,2026-08-14,20.32,1939.14,5.4
875794939291,C-53-7871545-22,2026-08-14,38.92,3714.14,27.65
875795420892,C-43-44645-21,2026-08-14,20.32,1939.14,3.6
875795385912,C-43-44552-21,2026-08-14,45.14,4307.71,50.41
875795346227,C-43-44402-21,2026-08-14,20.32,1939.14,3.57
875794986286,C-43-42307-21,2026-08-14,42.03,4010.92,110.26
875795512198,C-43-44777-21,2026-08-14,20.32,1939.14,1.2
875794996758,C-4111119975,2026-08-14,35.81,3417.35,27.2
875794990315,C-43-42468-21,2026-08-14,64.93,6196.27,83.77
875794974179,C-43-42022-21,2026-08-14,172.05,16418.73,421.2
875795233956,C-43-44170-21,2026-08-14,59.37,5665.68,40.76
875795389631,C-43-44577-21,2026-08-14,34.65,3306.65,43.12
875795473841,C-43-44738-21,2026-08-14,20.32,1939.14,3.0
875795094573,C-43-43776-21,2026-08-14,42.03,4010.92,27.47
875795127720,C-43-43932-21,2026-08-14,62.15,5930.97,53.18
875795013525,C-43-43223-21,2026-08-14,78.81,7520.84,83.86
875795008570,C-43-43216-21,2026-08-14,192.19,18340.69,226.26
875795074089,C-43-43640-21,2026-08-14,70.48,6725.91,96.7
875795338115,C-43-44374-21,2026-08-14,48.26,4605.45,59.96
875795186214,C-43-44047-21,2026-08-14,27.44,2618.6,22.86
875795492836,C-43-44742-21,2026-08-14,20.32,1939.14,0.6
875795018733,C-43-43244-21,2026-08-14,56.6,5401.34,124.23
875795136356,C-43-43957-21,2026-08-14,76.03,7255.54,81.9
875795465692,C-43-44728-21,2026-08-14,20.32,1939.14,2.4
875795165113,C-43-44008-21,2026-08-14,31.05,2963.1,22.0
875795483176,C-43-44740-21,2026-08-14,20.32,,0.6
875795284291,C-43-44314-21,2026-08-14,53.82,5136.04,53.37
875795428860,C-43-44676-21,2026-08-14,20.32,1939.14,4.08
875795026878,C-43-43285-21,2026-08-14,45.14,4307.71,91.86
875795159107,C-43-44003-21,2026-08-14,42.03,4010.92,39.58
875795005321,C-43-43185-21,2026-08-14,59.37,5665.68,47.95
875795517010,C-43-44796-21,2026-08-14,20.32,1939.14,1.2
875795140988,C-43-43973-21,2026-08-14,76.03,7255.54,78.51
875877864495,C-43-43278-21,2026-08-17,55.52,5329.92,83.32
875877937200,C-43-43712-21,2026-08-17,41.23,3958.08,67.85
875877903132,C-53-7871824-22,2026-08-17,192.68,18497.28,200.22
875877851278,C-43-43044-21,2026-08-17,41.23,3958.08,43.05
875877727281,C-43-41167-21,2026-08-17,97.36,0.0,167.59
875877826987,C-43-42773-21,2026-08-17,123.68,11873.28,264.42
875877896870,C-43-43476-21,2026-08-17,58.24,5591.04,125.06
875877885600,C-4123175090,2026-08-17,47.34,0.0,64.18
875877818338,C-53-7871725-22,2026-08-17,44.29,4251.84,26.53
875877773751,C-53-7871687-22,2026-08-17,63.69,6114.24,52.6
875877813472,C-4112266644,2026-08-17,55.52,0.0,120.48
875877734228,C-43-41670-21,2026-08-17,58.24,0.0,90.27
875877909645,C-43-43519-21,2026-08-17,44.29,4251.84,52.94
875877721240,C-53-7871515-22,2026-08-17,69.14,0.0,79.7
875877842825,C-4117722474,2026-08-17,108.64,0.0,226.57
875877783741,C-43-42404-21,2026-08-17,30.46,2924.16,6.9
875877874555,C-53-7871789-22,2026-08-17,38.18,3665.28,22.37
875877833496,C-43-42885-21,2026-08-17,74.59,7160.64,405.82
875877731398,C-43-41384-21,2026-08-17,38.18,0.0,241.51
875877761736,C-43-42034-21,2026-08-17,34.0,3264.0,43.93
875877919679,C-43-43589-21,2026-08-17,265.32,25470.72,202.94
875877856843,C-4118307040,2026-08-17,44.29,0.0,91.94
875877874989,C-43-43310-21,2026-08-17,55.52,5329.92,63.22
875877926832,C-53-7871836-22,2026-08-17,97.36,9346.56,83.98
875877840774,C-43-43020-21,2026-08-17,38.18,3665.28,39.81
875877753760,C-43-41851-21,2026-08-17,35.13,3372.48,87.02
875877822764,C-43-42722-21,2026-08-17,119.92,11512.32,166.46
875877931393,C-43-43697-21,2026-08-17,47.34,4544.64,60.4
875877861496,C-53-7871773-22,2026-08-17,74.59,7160.64,73.62
875877846831,C-43-43042-21,2026-08-17,32.72,3141.12,12.23
875877796400,C-4112605395,2026-08-17,60.97,0.0,12.18
875877745615,C-43-41789-21,2026-08-17,77.31,7421.76,101.74
875877740289,C-43-41708-21,2026-08-17,157.51,15120.96,131.3
875877914828,C-53-7871846-22,2026-08-17,60.97,5853.12,67.25
875877786394,C-53-7871711-22,2026-08-17,52.8,5068.8,60.89
875877868571,C-43-43291-21,2026-08-17,47.34,4544.64,138.52
875877806378,C-43-42589-21,2026-08-17,77.31,7421.76,145.47
875877836841,C-43-42960-21,2026-08-17,66.42,6376.32,88.57
875877889661,C-43-43460-21,2026-08-17,41.23,3958.08,30.78
875877759276,C-43-42004-21,2026-08-17,52.8,5068.8,56.33
875878287474,C-43-44937-21,2026-08-17,19.94,1914.24,2.4
875878100859,C-43-44308-21,2026-08-17,77.31,0.0,91.66
875878507626,C-43-44894-21,2026-08-17,19.94,1914.24,1.8
875878282370,C-43-44962-21,2026-08-17,19.94,1914.24,3.0
875878501775,C-43-44942-21,2026-08-17,19.94,1914.24,3.57
875878350322,C-43-44848-21,2026-08-17,19.94,1914.24,1.53
875878190971,C-43-44525-21,2026-08-17,52.8,5068.8,44.08
875878210164,C-43-44549-21,2026-08-17,63.69,6114.24,141.66
875878474160,C-43-44973-21,2026-08-17,19.94,1914.24,1.02
875878043528,C-43-44139-21,2026-08-17,55.52,5329.92,119.08
875878263113,C-43-44733-21,2026-08-17,47.34,4544.64,46.22
875878134824,C-43-44388-21,2026-08-17,44.29,4251.84,50.85
875878079448,C-43-44208-21,2026-08-17,38.18,3665.28,69.58
875878232710,C-43-44632-21,2026-08-17,58.24,5591.04,55.0
875878449858,C-43-44898-21,2026-08-17,19.94,1914.24,4.59
875878217629,C-43-44563-21,2026-08-17,52.8,5068.8,36.58
875878171185,C-43-44488-21,2026-08-17,47.34,4544.64,51.12
875878178937,C-43-44491-21,2026-08-17,52.8,5068.8,40.96
875878052588,C-43-44164-21,2026-08-17,38.18,3665.28,35.54
875878121353,C-43-44344-21,2026-08-17,55.52,5329.92,134.26
875878041238,C-53-7871912-22,2026-08-17,71.87,6899.52,46.31
875878073060,C-43-44192-21,2026-08-17,44.29,4251.84,70.2
875878394056,C-43-44755-21,2026-08-17,19.94,1914.24,2.89
875878560010,C-43-44224-21,2026-08-17,60.97,5853.12,86.74
875877944923,C-43-43731-21,2026-08-17,66.42,6376.32,97.42
875877956401,C-43-43799-21,2026-08-17,66.42,6376.32,132.76
875878487458,C-43-44977-21,2026-08-17,19.94,1914.24,1.7
875878386919,C-43-44817-21,2026-08-17,19.94,1914.24,3.06
875878467272,C-4145949672,2026-08-17,19.94,1914.24,8.06
875877997250,C-43-43919-21,2026-08-17,55.52,5329.92,54.65
875878301519,C-43-44885-21,2026-08-17,19.94,1914.24,2.04
875878326681,C-43-44896-21,2026-08-17,19.94,1914.24,3.0
875877967372,C-53-7871881-22,2026-08-17,41.23,3958.08,17.83
875878150740,C-43-44435-21,2026-08-17,58.24,5591.04,45.08
875878481060,C-43-44828-21,2026-08-17,19.94,1914.24,5.1
875878373470,C-43-44846-21,2026-08-17,19.94,1914.24,2.04
875878183627,C-43-44513-21,2026-08-17,30.46,2924.16,22.71
875878275610,C-43-44723-21,2026-08-17,19.94,1914.24,9.69
875878006832,C-53-7871900-22,2026-08-17,47.34,4544.64,32.29
875878113090,C-43-44336-21,2026-08-17,38.18,3665.28,31.38
875878421719,C-4142831272,2026-08-17,19.94,1914.24,1.2
875877989447,C-43-43901-21,2026-08-17,104.88,10068.48,73.31
875878407303,C-43-44782-21,2026-08-17,19.94,1914.24,1.53
875878527731,C-43-44968-21,2026-08-17,19.94,1914.24,4.2
875878411166,C-43-44881-21,2026-08-17,19.94,1914.24,0.51
875877962750,C-43-43873-21,2026-08-17,180.28,17306.88,306.31
875878093198,C-43-44279-21,2026-08-17,58.24,5591.04,108.05
875878440725,C-43-44730-21,2026-08-17,19.94,1914.24,4.8
875878003535,C-43-43948-21,2026-08-17,71.87,6899.52,99.09
875878314840,C-43-44936-21,2026-08-17,19.94,1914.24,2.55
875878427669,C-43-44778-21,2026-08-17,19.94,1914.24,0.0
875878196590,C-43-44536-21,2026-08-17,41.23,3958.08,44.07
875878028881,C-53-7871908-22,2026-08-17,35.13,3372.48,11.41
875878552022,C-43-43940-21,2026-08-17,90.63,8700.48,102.97
875878239299,C-43-44635-21,2026-08-17,52.8,5068.8,99.44
875877950388,C-43-43789-21,2026-08-17,44.29,4251.84,68.34
875878021133,C-43-44049-21,2026-08-17,58.24,5591.04,267.52
875878061700,C-43-44187-21,2026-08-17,41.23,3958.08,42.33
875878014944,C-43-44024-21,2026-08-17,74.59,7160.64,84.15
875878245412,C-43-44671-21,2026-08-17,47.34,4544.64,77.47
875878309542,C-43-45003-21,2026-08-17,19.94,1914.24,2.55
875878107614,C-43-44315-21,2026-08-17,34.0,3264.0,29.63
875878127178,C-43-44366-21,2026-08-17,119.92,11512.32,296.29
875878359672,C-43-44837-21,2026-08-17,19.94,1914.24,9.0
875878203508,C-43-44541-21,2026-08-17,38.18,3665.28,44.27
875878164161,C-43-44458-21,2026-08-17,30.46,2924.16,28.13
875878366354,C-43-44853-21,2026-08-17,19.94,1914.24,0.0
875878335080,C-43-44849-21,2026-08-17,19.94,1914.24,0.85
875878343066,C-43-44868-21,2026-08-17,19.94,1914.24,2.4
875878567492,C-43-41926-21,2026-08-17,258.81,24845.76,262.42
875877972500,C-43-43877-21,2026-08-17,157.51,16418.73,389.68
875878146953,C-43-44401-21,2026-08-17,108.64,10429.44,153.79
875878399139,C-43-44890-21,2026-08-17,19.94,1914.24,2.04
875878251407,C-43-44674-21,2026-08-17,34.0,3264.0,82.83
875878269409,C-43-44970-21,2026-08-17,19.94,1914.24,2.55
875878035298,C-4133381878,2026-08-17,60.97,0.0,79.19
875878294329,C-43-44988-21,2026-08-17,19.94,1914.24,1.2
875878224734,C-43-44599-21,2026-08-17,30.46,2924.16,32.64
875878158020,C-43-44443-21,2026-08-17,41.23,3958.08,92.47
875878378987,C-43-44831-21,2026-08-17,19.94,1914.24,2.04
875878432500,C-43-44768-21,2026-08-17,19.94,1914.24,4.8
875878453508,C-43-44900-21,2026-08-17,19.94,1914.24,1.53
875877979891,C-43-43892-21,2026-08-17,52.8,0.0,59.56
875878495294,C-43-44925-21,2026-08-17,19.94,1914.24,4.59
875878139918,C-43-44393-21,2026-08-17,44.29,4251.84,32.55
875878520586,C-43-44839-21,2026-08-17,19.94,1914.24,3.6
875878256589,C-43-44708-21,2026-08-17,38.18,3665.28,23.1
875878512420,C-43-44889-21,2026-08-17,19.94,1914.24,0.0
875878321896,C-43-44908-21,2026-08-17,19.94,1914.24,2.04
875878461311,C-43-44863-21,2026-08-17,19.94,1914.24,7.65
875878086299,C-43-44275-21,2026-08-17,44.29,4251.84,31.94
875920673432,C-43-45097-21,2026-08-18,69.14,,2.35
875921114686,C-43-45097-21,2026-08-18,69.14,,2.35
875925592140,C-43-45097-21,2026-08-18,69.14,,2.35
,C-53-7871646-22,2026-08-18,0.0,0.0,58.59
,C-4134123995,2026-08-18,0.0,0.0,31.88
,C-43-44823-21,2026-08-18,0.0,1912.32,2.04
,C-43-45088-21,2026-08-18,0.0,1912.32,1.8
,C-43-44998-21,2026-08-18,0.0,1912.32,3.6
,C-43-43555-21,2026-08-18,0.0,3662.4,31.25
,C-43-45073-21,2026-08-18,0.0,1912.32,6.0
,C-43-44611-21,2026-08-18,0.0,5848.32,57.29
,C-43-44352-21,2026-08-18,0.0,4540.8,46.33
,C-43-44518-21,2026-08-18,0.0,5326.08,59.89
,C-43-44539-21,2026-08-18,0.0,4540.8,31.4
,C-43-45049-21,2026-08-18,0.0,1912.32,3.0
,C-43-44307-21,2026-08-18,0.0,3955.2,44.88
,C-53-7871806-22,2026-08-18,0.0,3955.2,26.4
,C-43-45068-21,2026-08-18,0.0,0.0,3.6
,C-43-44516-21,2026-08-18,0.0,6893.76,80.93
,C-53-7871890-22,2026-08-18,0.0,2811.84,11.78
,C-43-44465-21,2026-08-18,0.0,6370.56,76.14
,C-43-43692-21,2026-08-18,0.0,9699.84,81.89
,C-53-7871837-22,2026-08-18,0.0,3261.12,22.6
,C-43-43466-21,2026-08-18,0.0,5326.08,90.88
,C-43-45070-21,2026-08-18,0.0,1912.32,2.4
,C-53-7871412-22,2026-08-18,0.0,0.0,36.26
,C-43-44561-21,2026-08-18,0.0,3662.4,28.89
,C-43-44287-21,2026-08-18,0.0,6893.76,93.04
,C-43-44521-21,2026-08-18,0.0,4248.0,36.25
,C-43-44116-21,2026-08-18,0.0,7154.88,87.13
,C-53-7871878-22,2026-08-18,0.0,2921.28,17.14
,C-43-43826-21,2026-08-18,0.0,2811.84,30.4
,C-43-43128-21,2026-08-18,0.0,4540.8,28.94
,C-43-44554-21,2026-08-18,0.0,5848.32,94.61
,C-4127924324,2026-08-18,0.0,0.0,30.98
,C-53-7871769-22,2026-08-18,0.0,3662.4,26.8
,C-43-45004-21,2026-08-18,0.0,1912.32,2.04
,C-43-43693-21,2026-08-18,0.0,5064.96,53.03
,C-43-43717-21,2026-08-18,0.0,5326.08,56.52
,C-43-43930-21,2026-08-18,0.0,4248.0,44.55
,C-43-44323-21,2026-08-18,0.0,2484.48,27.95
,C-53-7871931-22,2026-08-18,0.0,3139.2,10.91
,C-43-44359-21,2026-08-18,0.0,1912.32,0.0
,C-53-7871922-22,2026-08-18,0.0,7154.88,75.81
,C-43-44462-21,2026-08-18,0.0,5326.08,60.32
,C-43-44211-21,2026-08-18,0.0,7154.88,112.4
,C-43-44717-21,2026-08-18,0.0,3955.2,16.28
,C-53-7871938-22,2026-08-18,0.0,2811.84,18.95
,C-43-44086-21,2026-08-18,0.0,5064.96,388.13
,C-43-43955-21,2026-08-18,0.0,3955.2,38.74
,C-43-43497-21,2026-08-18,0.0,3139.2,83.48
,C-43-43991-21,2026-08-18,0.0,6370.56,70.05
,C-43-44337-21,2026-08-18,0.0,0.0,69.06
,C-53-7871797-22,2026-08-18,0.0,5587.2,28.22
,C-43-43881-21,2026-08-18,0.0,3662.4,35.96
,C-43-42506-21,2026-08-18,0.0,5848.32,86.38
,C-53-7871707-22,2026-08-18,0.0,3369.6,27.79
,C-43-44132-21,2026-08-18,0.0,5064.96,32.34
,C-53-7871949-22,2026-08-18,0.0,4540.8,43.06
,C-43-45051-21,2026-08-18,0.0,1912.32,3.06
,C-43-42503-21,2026-08-18,0.0,9338.88,207.57
,C-43-43779-21,2026-08-18,0.0,3662.4,17.77
,C-43-45092-21,2026-08-18,0.0,1912.32,1.53
,C-43-44347-21,2026-08-18,0.0,5848.32,41.07
,C-43-40821-21,2026-08-18,0.0,6889.92,326.13
,C-53-7871874-22,2026-08-18,0.0,5848.32,41.87
,C-43-44413-21,2026-08-18,0.0,6109.44,78.17
,C-43-44073-21,2026-08-18,0.0,10059.84,120.62
,C-43-43934-21,2026-08-18,0.0,5326.08,59.48
,C-43-44706-21,2026-08-18,0.0,4248.0,34.53
,C-43-44318-21,2026-08-18,0.0,7154.88,102.74
,C-43-45034-21,2026-08-18,0.0,1912.32,8.0
,C-53-7871465-22,2026-08-18,0.0,0.0,25.06
,C-53-7871470-22,2026-08-18,0.0,0.0,157.8
,C-43-44268-21,2026-08-18,0.0,5064.96,45.55
,C-43-44023-21,2026-08-18,0.0,5848.32,57.82
,C-43-44407-21,2026-08-18,0.0,2582.4,46.5
,C-43-43193-21,2026-08-18,0.0,6370.56,53.17
,C-53-7871866-22,2026-08-18,0.0,4540.8,28.5
,C-43-43885-21,2026-08-18,0.0,2811.84,27.79
,C-43-43933-21,2026-08-18,0.0,6109.44,49.27
,C-43-45042-21,2026-08-18,0.0,1912.32,0.85
,C-53-7871855-22,2026-08-18,0.0,4540.8,42.94
,C-43-44652-21,2026-08-18,0.0,1912.32,2.55
,C-43-44316-21,2026-08-18,0.0,3955.2,28.55
,C-43-44383-21,2026-08-18,0.0,5848.32,77.81
,C-53-7871583-22,2026-08-18,0.0,0.0,36.5
,C-43-44463-21,2026-08-18,0.0,6109.44,78.68
,C-43-44454-21,2026-08-18,0.0,4540.8,45.47
,C-43-44627-21,2026-08-18,0.0,5326.08,52.54
,C-43-44562-21,2026-08-18,0.0,3955.2,38.31
,C-53-7871686-22,2026-08-18,0.0,6631.68,94.98
,C-53-7871810-22,2026-08-18,0.0,3369.6,24.1
,C-43-45081-21,2026-08-18,0.0,1912.32,3.6
,C-43-43890-21,2026-08-18,0.0,5326.08,37.53
,C-43-44528-21,2026-08-18,0.0,9699.84,87.1
,C-43-44110-21,2026-08-18,0.0,4540.8,53.52
,C-43-45043-21,2026-08-18,0.0,1912.32,2.4
,C-43-43908-21,2026-08-18,0.0,6631.68,73.34
,C-53-7871749-22,2026-08-18,0.0,7154.88,63.83
,C-53-7871652-22,2026-08-18,0.0,0.0,34.27
,C-43-44709-21,2026-08-18,0.0,3955.2,45.49
,C-43-44129-21,2026-08-18,0.0,9699.84,126.95
,C-43-45040-21,2026-08-18,0.0,1912.32,4.4
,C-43-44396-21,2026-08-18,0.0,0.0,57.35
,C-43-45075-21,2026-08-18,0.0,1912.32,1.53
,C-43-44967-21,2026-08-18,0.0,1912.32,3.0
,C-43-44616-21,2026-08-18,0.0,6631.68,71.3
,C-43-45087-21,2026-08-18,0.0,1912.32,5.1
,C-43-44660-21,2026-08-18,0.0,6370.56,75.12
,C-53-7871930-22,2026-08-18,0.0,7416.0,87.15
,C-53-7871770-22,2026-08-18,0.0,3955.2,44.92
,C-43-43571-21,2026-08-18,0.0,5848.32,57.3
,C-43-44256-21,2026-08-18,0.0,6109.44,57.72
,C-43-42520-21,2026-08-18,0.0,15107.52,166.34
,C-43-43964-21,2026-08-18,0.0,5326.08,48.58
,C-43-44121-21,2026-08-18,0.0,5064.96,41.85
,C-43-43659-21,2026-08-18,0.0,4248.0,43.0
,C-43-44265-21,2026-08-18,0.0,4540.8,48.16
,C-43-42222-21,2026-08-18,0.0,5326.08,45.27
,C-53-7871829-22,2026-08-18,0.0,7154.88,0.0
,C-43-44219-21,2026-08-18,0.0,5064.96,63.74
,C-43-44398-21,2026-08-18,0.0,3955.2,30.87
,C-53-7872051-22,2026-08-18,0.0,1912.32,1.92
,C-43-44959-21,2026-08-18,0.0,,4.8
,C-43-44052-21,2026-08-18,0.0,4540.8,65.38
,C-4134249149,2026-08-18,0.0,0.0,56.01
,C-4132387195,2026-08-18,0.0,0.0,71.98
,C-43-44232-21,2026-08-18,0.0,4540.8,36.74
,C-43-41358-21,2026-08-18,0.0,0.0,78.2
,C-53-7871674-22,2026-08-18,0.0,3662.4,40.92
,C-43-43886-21,2026-08-18,0.0,10420.8,139.98
,C-43-45083-21,2026-08-18,0.0,1912.32,3.6
,C-43-43783-21,2026-08-18,0.0,11862.72,184.87
875939101920,C-43-44998-21,2026-08-18,19.92,1912.32,3.6
875938843459,C-43-44256-21,2026-08-18,63.64,6109.44,57.72
875938970834,C-43-44516-21,2026-08-18,71.81,6893.76,80.93
875938553017,C-43-42503-21,2026-08-18,97.28,9338.88,207.57
875939184982,C-43-45087-21,2026-08-18,19.92,1912.32,5.1
875938674794,C-43-43783-21,2026-08-18,123.57,11862.72,184.87
875939129213,C-43-45083-21,2026-08-18,19.92,1912.32,3.6
875938889211,C-43-44318-21,2026-08-18,74.53,7154.88,102.74
875938875730,C-43-44307-21,2026-08-18,41.2,3955.2,44.88
875938619106,C-53-7871829-22,2026-08-18,74.53,7154.88,0.0
875938463405,C-53-7871412-22,2026-08-18,47.3,0.0,36.26
875938631986,C-43-43659-21,2026-08-18,44.25,4248.0,43.0
875938853130,C-53-7871938-22,2026-08-18,29.29,2811.84,18.95
875939012785,C-43-44562-21,2026-08-18,41.2,3955.2,38.31
875938951405,C-43-44454-21,2026-08-18,47.3,4540.8,45.47
875938527720,C-53-7871674-22,2026-08-18,38.15,3662.4,40.92
875939106153,C-53-7872051-22,2026-08-18,19.92,1912.32,1.92
875939113372,C-43-44959-21,2026-08-18,19.92,,4.8
875939048606,C-43-44717-21,2026-08-18,41.2,3955.2,16.28
875938938544,C-43-44407-21,2026-08-18,26.9,2582.4,46.5
875938715000,C-43-43890-21,2026-08-18,55.48,5326.08,37.53
875938594110,C-53-7871770-22,2026-08-18,41.2,3955.2,44.92
875938516733,C-53-7871646-22,2026-08-18,63.64,0.0,58.59
875938990696,C-43-44528-21,2026-08-18,101.04,9699.84,87.1
875939170357,C-43-45088-21,2026-08-18,19.92,1912.32,1.8
875938685048,C-43-43826-21,2026-08-18,29.29,2811.84,30.4
875939097810,C-43-45004-21,2026-08-18,19.92,1912.32,2.04
875938767008,C-43-44052-21,2026-08-18,47.3,4540.8,65.38
875938738376,C-43-43933-21,2026-08-18,63.64,6109.44,49.27
875938557847,C-43-42506-21,2026-08-18,60.92,5848.32,86.38
875938749270,C-4132387195,2026-08-18,55.48,0.0,71.98
875938942797,C-43-44413-21,2026-08-18,63.64,6109.44,78.17
875938670711,C-43-43779-21,2026-08-18,38.15,3662.4,17.77
875939042398,C-43-44709-21,2026-08-18,41.2,3955.2,45.49
875938516126,C-53-7871652-22,2026-08-18,55.48,0.0,34.27
875938824556,C-53-7871931-22,2026-08-18,32.7,3139.2,10.91
875938788094,C-43-44110-21,2026-08-18,47.3,4540.8,53.52
875938641299,C-4127924324,2026-08-18,44.25,0.0,30.98
875939083067,C-43-45051-21,2026-08-18,19.92,1912.32,3.06
875938984668,C-43-44521-21,2026-08-18,44.25,4248.0,36.25
875938784240,C-4134249149,2026-08-18,60.92,0.0,56.01
875938764318,C-43-44023-21,2026-08-18,60.92,5848.32,57.82
875938473141,C-53-7871470-22,2026-08-18,97.28,0.0,157.8
875939164204,C-43-44967-21,2026-08-18,19.92,1912.32,3.0
875939174293,C-43-45073-21,2026-08-18,19.92,1912.32,6.0
875938637631,C-53-7871855-22,2026-08-18,47.3,4540.8,42.94
875938725696,C-53-7871890-22,2026-08-18,29.29,2811.84,11.78
875938599100,C-53-7871797-22,2026-08-18,58.2,5587.2,28.22
875938698953,C-43-43881-21,2026-08-18,38.15,3662.4,35.96
875938958980,C-43-44463-21,2026-08-18,63.64,6109.44,78.68
875938801923,C-43-44129-21,2026-08-18,101.04,9699.84,126.95
875938719451,C-43-43908-21,2026-08-18,69.08,6631.68,73.34
875939063640,C-43-45049-21,2026-08-18,19.92,1912.32,3.0
875938812092,C-53-7871922-22,2026-08-18,74.53,7154.88,75.81
875938728802,C-43-43930-21,2026-08-18,44.25,4248.0,44.55
875938894574,C-43-44323-21,2026-08-18,25.88,2484.48,27.95
875938548224,C-53-7871707-22,2026-08-18,35.1,3369.6,27.79
875939015144,C-43-44611-21,2026-08-18,60.92,5848.32,57.29
875938853380,C-43-44268-21,2026-08-18,52.76,5064.96,45.55
875939032055,C-43-44627-21,2026-08-18,55.48,5326.08,52.54
875938995080,C-43-44554-21,2026-08-18,60.92,5848.32,94.61
875938901433,C-43-44337-21,2026-08-18,69.08,0.0,69.06
875938483819,C-53-7871583-22,2026-08-18,44.25,0.0,36.5
875938538999,C-53-7871686-22,2026-08-18,69.08,6631.68,94.98
875938848347,C-43-44265-21,2026-08-18,47.3,4540.8,48.16
875938833024,C-43-44219-21,2026-08-18,52.76,5064.96,63.74
875939058180,C-43-44359-21,2026-08-18,19.92,1912.32,0.0
875938998528,C-43-44539-21,2026-08-18,47.3,4540.8,31.4
875938573030,C-43-43128-21,2026-08-18,47.3,4540.8,28.94
875938543174,C-43-42222-21,2026-08-18,55.48,5326.08,45.27
875938585230,C-53-7871769-22,2026-08-18,38.15,3662.4,26.8
875938753012,C-43-43955-21,2026-08-18,41.2,3955.2,38.74
875938654807,C-53-7871837-22,2026-08-18,33.97,3261.12,22.6
875939039954,C-43-44706-21,2026-08-18,44.25,4248.0,34.53
875938568605,C-53-7871749-22,2026-08-18,74.53,7154.88,63.83
875938701633,C-43-43885-21,2026-08-18,29.29,2811.84,27.79
875938628865,C-43-43555-21,2026-08-18,38.15,3662.4,31.25
875938917682,C-53-7871949-22,2026-08-18,47.3,4540.8,43.06
875938905299,C-43-44347-21,2026-08-18,60.92,5848.32,41.07
875938647209,C-43-43693-21,2026-08-18,52.76,5064.96,53.03
875938965787,C-43-44465-21,2026-08-18,66.36,6370.56,76.14
875938882802,C-43-44316-21,2026-08-18,41.2,3955.2,28.55
875938559839,C-43-42520-21,2026-08-18,157.37,15107.52,166.34
875939124531,C-43-45068-21,2026-08-18,19.92,0.0,3.6
875938695325,C-53-7871878-22,2026-08-18,30.43,2921.28,17.14
875938922188,C-43-44383-21,2026-08-18,60.92,5848.32,77.81
875939116669,C-43-44652-21,2026-08-18,19.92,1912.32,2.55
875939075985,C-43-45042-21,2026-08-18,19.92,1912.32,0.85
875939153490,C-43-45034-21,2026-08-18,19.92,1912.32,8.0
875938576809,C-43-43193-21,2026-08-18,66.36,6370.56,53.17
875939054049,C-43-44823-21,2026-08-18,19.92,1912.32,2.04
875938707572,C-43-43886-21,2026-08-18,108.55,10420.8,139.98
875938775110,C-43-44086-21,2026-08-18,52.76,5064.96,388.13
875939072162,C-43-45092-21,2026-08-18,19.92,1912.32,1.53
875938780391,C-4134123995,2026-08-18,38.15,0.0,31.88
875938817624,C-53-7871930-22,2026-08-18,77.25,7416.0,87.15
875938760665,C-43-43991-21,2026-08-18,66.36,6370.56,70.05
875939090665,C-43-45070-21,2026-08-18,19.92,1912.32,2.4
875938469138,C-53-7871465-22,2026-08-18,32.7,0.0,25.06
875938756375,C-43-43964-21,2026-08-18,55.48,5326.08,48.58
875939188554,C-43-45081-21,2026-08-18,19.92,1912.32,3.6
875938934788,C-43-44398-21,2026-08-18,41.2,3955.2,30.87
875938678388,C-53-7871874-22,2026-08-18,60.92,5848.32,41.87
875938623050,C-43-43571-21,2026-08-18,60.92,5848.32,57.3
875938828746,C-43-44211-21,2026-08-18,74.53,7154.88,112.4
875938837214,C-43-44232-21,2026-08-18,47.3,4540.8,36.74
875938955444,C-43-44462-21,2026-08-18,55.48,5326.08,60.32
875938665506,C-53-7871866-22,2026-08-18,47.3,4540.8,28.5
875939023429,C-43-44616-21,2026-08-18,69.08,6631.68,71.3
875938602523,C-53-7871806-22,2026-08-18,41.2,3955.2,26.4
875939008006,C-43-44561-21,2026-08-18,38.15,3662.4,28.89
875938792204,C-43-44116-21,2026-08-18,74.53,7154.88,87.13
875939145139,C-43-45075-21,2026-08-18,19.92,1912.32,1.53
875938976523,C-43-44518-21,2026-08-18,55.48,5326.08,59.89
875938909630,C-43-44352-21,2026-08-18,47.3,4540.8,46.33
875938770232,C-43-44073-21,2026-08-18,104.79,10059.84,120.62
875938659350,C-43-43717-21,2026-08-18,55.48,5326.08,56.52
875938493165,C-43-40821-21,2026-08-18,285.75,6889.92,326.13
875938646327,C-43-43692-21,2026-08-18,101.04,9699.84,81.89
875938608392,C-53-7871810-22,2026-08-18,35.1,3369.6,24.1
875938744280,C-43-43934-21,2026-08-18,55.48,5326.08,59.48
875939036109,C-43-44660-21,2026-08-18,66.36,6370.56,75.12
875938805296,C-43-44132-21,2026-08-18,52.76,5064.96,32.34
875938928315,C-43-44396-21,2026-08-18,52.76,0.0,57.35
875938610164,C-43-43466-21,2026-08-18,55.48,5326.08,90.88
875939135171,C-43-45040-21,2026-08-18,19.92,1912.32,4.4
875939179700,C-43-45043-21,2026-08-18,19.92,1912.32,2.4
875938507198,C-43-41358-21,2026-08-18,63.64,0.0,78.2
875938615589,C-43-43497-21,2026-08-18,32.7,3139.2,83.48
875938797515,C-43-44121-21,2026-08-18,52.76,5064.96,41.85
875938867456,C-43-44287-21,2026-08-18,71.81,6893.76,93.04
875971568968,C-4118850001,2026-08-18,38.15,0.0,35.84
875972309812,C-43-42777-21,2026-08-18,44.25,0.0,443.39
875977391064,C-43-39754-21,2026-08-19,200.78,1793.6,259.41
,C-43-44789-21,2026-08-19,0.0,2919.36,56.77
,C-43-44672-21,2026-08-19,0.0,2580.48,29.35
,C-43-44007-21,2026-08-19,293.79,28203.84,179.45
,C-43-44367-21,2026-08-19,0.0,3952.32,47.22
,C-43-44331-21,2026-08-19,52.72,5061.12,44.72
,C-43-44741-21,2026-08-19,0.0,3952.32,29.32
,C-53-7871950-22,2026-08-19,0.0,13656.0,95.31
,C-43-43950-21,2026-08-19,119.73,11494.08,114.23
,C-43-45120-21,2026-08-19,0.0,1911.36,1.53
,C-43-44711-21,2026-08-19,0.0,2580.48,31.13
,C-43-44681-21,2026-08-19,0.0,3366.72,22.32
,C-4115992362,2026-08-19,71.75,0.0,132.56
,C-43-44580-21,2026-08-19,0.0,5843.52,51.17
,C-43-45016-21,2026-08-19,0.0,1911.36,1.8
,C-43-45150-21,2026-08-19,0.0,1911.36,5.95
,C-43-44470-21,2026-08-19,0.0,3258.24,49.19
,C-43-42194-21,2026-08-19,153.51,14736.96,147.57
,C-43-45063-21,2026-08-19,0.0,1911.36,6.12
,C-43-44156-21,2026-08-19,47.27,4537.92,30.71
,C-43-44602-21,2026-08-19,0.0,5061.12,45.16
,C-4146979640,2026-08-19,0.0,7149.12,105.6
,C-43-44905-21,2026-08-19,0.0,2809.92,85.26
,C-43-44440-21,2026-08-19,0.0,3366.72,37.21
,C-43-43951-21,2026-08-19,30.41,2919.36,35.86
,C-43-43760-21,2026-08-19,38.12,3659.52,23.57
,C-43-44382-21,2026-08-19,0.0,10053.12,123.29
,C-43-40664-21,2026-08-19,58.15,0.0,65.89
,C-4133629222,2026-08-19,60.87,0.0,82.83
,C-43-45094-21,2026-08-19,0.0,1911.36,3.0
,C-4128100328,2026-08-19,0.0,0.0,44.04
,C-43-45084-21,2026-08-19,0.0,1911.36,2.4
,C-43-43992-21,2026-08-19,38.12,3659.52,22.96
,C-43-44365-21,2026-08-19,0.0,16537.92,137.06
,C-43-44293-21,2026-08-19,35.07,3366.72,43.21
,C-43-44500-21,2026-08-19,0.0,5061.12,61.74
,C-43-43277-21,2026-08-19,359.82,34542.72,199.22
,C-43-44346-21,2026-08-19,0.0,3952.32,40.6
,C-43-44980-21,2026-08-19,0.0,1911.36,3.0
,C-43-44620-21,2026-08-19,0.0,4537.92,53.65
,C-43-43966-21,2026-08-19,108.47,10413.12,115.88
,C-43-45099-21,2026-08-19,0.0,1911.36,4.2
,C-43-44508-21,2026-08-19,0.0,3659.52,48.29
,C-43-44724-21,2026-08-19,0.0,3952.32,41.91
,C-43-44144-21,2026-08-19,97.21,9332.16,103.59
,C-43-44108-21,2026-08-19,32.67,3136.32,22.46
,C-43-42884-21,2026-08-19,55.44,5322.24,88.83
,C-43-43686-21,2026-08-19,149.76,14376.96,263.96
,C-43-44537-21,2026-08-19,0.0,6104.64,43.89
,C-43-44994-21,2026-08-19,0.0,1911.36,3.06
,C-43-44411-21,2026-08-19,0.0,3136.32,2.01
,C-43-44038-21,2026-08-19,38.12,3659.52,28.64
,C-43-43101-21,2026-08-19,69.03,6626.88,70.47
,C-43-44354-21,2026-08-19,0.0,5582.4,73.68
,C-43-44495-21,2026-08-19,0.0,15817.92,215.8
,C-43-44638-21,2026-08-19,0.0,3258.24,27.1
,C-53-7871879-22,2026-08-19,0.0,0.0,940.68
,C-43-43336-21,2026-08-19,58.15,5582.4,74.03
,C-43-44651-21,2026-08-19,0.0,5061.12,50.66
,C-43-44342-21,2026-08-19,0.0,6626.88,136.23
,C-43-45098-21,2026-08-19,0.0,1911.36,2.0
,C-43-45103-21,2026-08-19,0.0,1911.36,2.04
,C-43-43984-21,2026-08-19,123.48,11854.08,146.82
,C-43-44053-21,2026-08-19,41.17,3952.32,48.72
,C-43-43296-21,2026-08-19,127.24,12215.04,154.56
,C-43-42054-21,2026-08-19,74.47,7149.12,70.0
,C-43-44149-21,2026-08-19,32.67,3136.32,95.39
,C-43-44235-21,2026-08-19,29.27,2809.92,55.11
,C-43-43617-21,2026-08-19,71.75,6888.0,105.37
,C-43-41872-21,2026-08-19,0.0,,390.79
,C-43-41329-21,2026-08-19,142.25,0.0,266.95
,C-43-45107-21,2026-08-19,0.0,1911.36,1.2
,C-43-45133-21,2026-08-19,0.0,1911.36,1.8
,C-43-43986-21,2026-08-19,47.27,4537.92,50.62
,C-43-43344-21,2026-08-19,77.19,7410.24,137.77
,C-43-44429-21,2026-08-19,0.0,6104.64,103.96
,C-43-42085-21,2026-08-19,100.96,9692.16,347.33
,C-43-42412-21,2026-08-19,63.59,6104.64,58.11
,C-43-43283-21,2026-08-19,69.03,6626.88,117.89
,C-43-44431-21,2026-08-19,0.0,5061.12,52.7
,C-43-43729-21,2026-08-19,149.76,14376.96,140.6
,C-43-44558-21,2026-08-19,0.0,16177.92,110.57
,C-43-44330-21,2026-08-19,47.27,0.0,35.98
,C-43-45115-21,2026-08-19,0.0,1911.36,3.06
,C-43-44421-21,2026-08-19,0.0,17675.52,138.42
,C-4132446285,2026-08-19,0.0,0.0,19.38
,C-43-44205-21,2026-08-19,47.27,4537.92,48.38
,C-43-43846-21,2026-08-19,74.47,7149.12,47.09
,C-4121333026,2026-08-19,63.59,0.0,60.08
,C-43-44493-21,2026-08-19,0.0,5582.4,57.13
,C-43-45140-21,2026-08-19,0.0,1911.36,6.0
,C-43-44636-21,2026-08-19,0.0,5322.24,44.52
,C-43-43253-21,2026-08-19,52.72,5061.12,60.1
,C-43-44434-21,2026-08-19,0.0,6104.64,114.15
,C-43-44304-21,2026-08-19,55.44,5322.24,49.1
,C-43-44085-21,2026-08-19,55.44,5322.24,80.67
,C-43-43866-21,2026-08-19,58.15,5582.4,31.15
,C-43-42731-21,2026-08-19,44.22,4245.12,34.38
,C-43-44540-21,2026-08-19,0.0,3136.32,31.42
,C-43-44479-21,2026-08-19,0.0,5843.52,64.91
,C-43-45138-21,2026-08-19,0.0,1911.36,1.0
,C-43-44156-21,2026-08-19,47.27,4537.92,30.71
,C-43-44330-21,2026-08-19,47.27,0.0,35.98
,C-43-45133-21,2026-08-19,0.0,1911.36,1.8
,C-43-44038-21,2026-08-19,38.12,3659.52,28.64
,C-43-40664-21,2026-08-19,58.15,0.0,65.89
,C-43-44479-21,2026-08-19,60.87,5843.52,64.91
,C-43-44558-21,2026-08-19,168.52,16177.92,110.57
,C-43-44620-21,2026-08-19,47.27,4537.92,53.65
,C-43-44470-21,2026-08-19,33.94,3258.24,49.19
,C-43-44994-21,2026-08-19,19.91,1911.36,3.06
,C-43-44149-21,2026-08-19,32.67,3136.32,95.39
,C-43-44980-21,2026-08-19,19.91,1911.36,3.0
,C-43-44905-21,2026-08-19,29.27,2809.92,85.26
,C-43-44293-21,2026-08-19,35.07,3366.72,43.21
,C-43-44144-21,2026-08-19,97.21,9332.16,103.59
,C-43-44421-21,2026-08-19,184.12,17675.52,138.42
,C-43-43283-21,2026-08-19,69.03,6626.88,117.89
,C-43-44672-21,2026-08-19,26.88,2580.48,29.35
,C-43-43846-21,2026-08-19,74.47,7149.12,47.09
,C-43-44508-21,2026-08-19,38.12,3659.52,48.29
,C-43-44431-21,2026-08-19,52.72,5061.12,52.7
,C-4133629222,2026-08-19,60.87,0.0,82.83
,C-43-44367-21,2026-08-19,41.17,3952.32,47.22
,C-43-43686-21,2026-08-19,149.76,14376.96,263.96
,C-43-43950-21,2026-08-19,119.73,11494.08,114.23
,C-43-45098-21,2026-08-19,0.0,1911.36,2.0
,C-43-45099-21,2026-08-19,0.0,1911.36,4.2
,C-43-45115-21,2026-08-19,0.0,1911.36,3.06
,C-43-42085-21,2026-08-19,100.96,9692.16,347.33
,C-43-44636-21,2026-08-19,55.44,5322.24,44.52
,C-43-43296-21,2026-08-19,127.24,12215.04,154.56
,C-43-44711-21,2026-08-19,26.88,2580.48,31.13
,C-43-44331-21,2026-08-19,52.72,5061.12,44.72
,C-43-44500-21,2026-08-19,52.72,5061.12,61.74
,C-43-45094-21,2026-08-19,0.0,1911.36,3.0
,C-43-44638-21,2026-08-19,33.94,3258.24,27.1
,C-43-44537-21,2026-08-19,63.59,6104.64,43.89
,C-43-44495-21,2026-08-19,164.77,15817.92,215.8
,C-43-45016-21,2026-08-19,19.91,1911.36,1.8
,C-43-44580-21,2026-08-19,60.87,5843.52,51.17
,C-43-43984-21,2026-08-19,123.48,11854.08,146.82
,C-43-43101-21,2026-08-19,69.03,6626.88,70.47
,C-43-43729-21,2026-08-19,149.76,14376.96,140.6
,C-43-42884-21,2026-08-19,55.44,5322.24,88.83
,C-43-44053-21,2026-08-19,41.17,3952.32,48.72
,C-43-44108-21,2026-08-19,32.67,3136.32,22.46
,C-43-41329-21,2026-08-19,142.25,0.0,266.95
,C-43-45103-21,2026-08-19,0.0,1911.36,2.04
,C-43-43866-21,2026-08-19,58.15,5582.4,31.15
,C-43-44346-21,2026-08-19,41.17,3952.32,40.6
,C-4146979640,2026-08-19,0.0,7149.12,105.6
,C-43-44354-21,2026-08-19,58.15,5582.4,73.68
,C-43-44789-21,2026-08-19,30.41,2919.36,56.77
,C-43-44681-21,2026-08-19,35.07,3366.72,22.32
,C-43-42412-21,2026-08-19,63.59,6104.64,58.11
,C-43-43760-21,2026-08-19,38.12,3659.52,23.57
,C-43-43951-21,2026-08-19,30.41,2919.36,35.86
,C-43-45063-21,2026-08-19,0.0,1911.36,6.12
,C-4121333026,2026-08-19,63.59,0.0,60.08
,C-43-42194-21,2026-08-19,153.51,14736.96,147.57
,C-43-43617-21,2026-08-19,71.75,6888.0,105.37
,C-43-44429-21,2026-08-19,63.59,6104.64,103.96
,C-43-44651-21,2026-08-19,52.72,5061.12,50.66
,C-43-44602-21,2026-08-19,52.72,5061.12,45.16
,C-43-45084-21,2026-08-19,0.0,1911.36,2.4
,C-43-44741-21,2026-08-19,41.17,3952.32,29.32
,C-43-43277-21,2026-08-19,359.82,34542.72,199.22
,C-43-44342-21,2026-08-19,69.03,6626.88,136.23
,C-43-42731-21,2026-08-19,44.22,4245.12,34.38
,C-43-44304-21,2026-08-19,55.44,5322.24,49.1
,C-43-43966-21,2026-08-19,108.47,10413.12,115.88
,C-43-43986-21,2026-08-19,47.27,4537.92,50.62
,C-43-44724-21,2026-08-19,41.17,3952.32,41.91
,C-43-44007-21,2026-08-19,293.79,28203.84,179.45
,C-43-45120-21,2026-08-19,0.0,1911.36,1.53
,C-43-44434-21,2026-08-19,63.59,6104.64,114.15
,C-43-44365-21,2026-08-19,172.27,16537.92,137.06
,C-43-44085-21,2026-08-19,55.44,5322.24,80.67
,C-43-45140-21,2026-08-19,0.0,1911.36,6.0
,C-43-44540-21,2026-08-19,32.67,3136.32,31.42
,C-43-43336-21,2026-08-19,58.15,5582.4,74.03
,C-4115992362,2026-08-19,71.75,0.0,132.56
,C-43-43253-21,2026-08-19,52.72,5061.12,60.1
,C-43-43344-21,2026-08-19,77.19,7410.24,137.77
,C-43-45150-21,2026-08-19,0.0,1911.36,5.95
,C-53-7871950-22,2026-08-19,142.25,13656.0,95.31
,C-43-44493-21,2026-08-19,58.15,5582.4,57.13
,C-43-44440-21,2026-08-19,35.07,3366.72,37.21
,C-43-44382-21,2026-08-19,104.72,10053.12,123.29
,C-43-43992-21,2026-08-19,38.12,3659.52,22.96
,C-43-44235-21,2026-08-19,29.27,2809.92,55.11
,C-43-44411-21,2026-08-19,32.67,3136.32,2.01
,C-43-42054-21,2026-08-19,74.47,7149.12,70.0
,C-43-44205-21,2026-08-19,47.27,4537.92,48.38
,C-43-45138-21,2026-08-19,0.0,1911.36,1.0
,C-43-45107-21,2026-08-19,0.0,1911.36,1.2
876002947355,C-53-7871879-22,2026-08-19,796.3,0.0,940.68
876002935190,C-4132446285,2026-08-19,35.17,0.0,19.38
876002942938,C-43-41872-21,2026-08-19,340.93,,390.79
876002925773,C-4128100328,2026-08-19,58.32,0.0,44.04
876004348553,C-43-43866-21,2026-08-19,58.15,5582.4,31.15
876004744136,C-43-45120-21,2026-08-19,19.91,1911.36,1.53
876004686563,C-43-45016-21,2026-08-19,19.91,1911.36,1.8
876004534140,C-43-44440-21,2026-08-19,35.07,3366.72,37.21
876004641384,C-43-44724-21,2026-08-19,41.17,3952.32,41.91
876004435556,C-43-44293-21,2026-08-19,35.07,3366.72,43.21
876004355110,C-43-43951-21,2026-08-19,30.41,2919.36,35.86
876004289080,C-43-43277-21,2026-08-19,359.82,34542.72,199.22
876004635389,C-43-44711-21,2026-08-19,26.88,2580.48,31.13
876004701464,C-43-45063-21,2026-08-19,19.91,1911.36,6.12
876004626616,C-43-44672-21,2026-08-19,26.88,2580.48,29.35
876004528362,C-43-44434-21,2026-08-19,63.59,6104.64,114.15
876004368555,C-43-43986-21,2026-08-19,47.27,4537.92,50.62
876004581227,C-43-44540-21,2026-08-19,32.67,3136.32,31.42
876004490424,C-53-7871950-22,2026-08-19,142.25,13656.0,95.31
876004610661,C-43-44638-21,2026-08-19,33.94,3258.24,27.1
876004321178,C-43-43617-21,2026-08-19,71.75,6888.0,105.37
876004706834,C-43-45084-21,2026-08-19,19.91,1911.36,2.4
876004748110,C-43-45133-21,2026-08-19,19.91,1911.36,1.8
876004339776,C-43-43760-21,2026-08-19,38.12,3659.52,23.57
876004725760,C-43-45103-21,2026-08-19,19.91,1911.36,2.04
876004305778,C-43-43336-21,2026-08-19,58.15,5582.4,74.03
876004514561,C-43-44429-21,2026-08-19,63.59,6104.64,103.96
876004754505,C-43-45138-21,2026-08-19,19.91,1911.36,1.0
876004739663,C-43-45115-21,2026-08-19,19.91,1911.36,3.06
876004562520,C-43-44500-21,2026-08-19,52.72,5061.12,61.74
876004259628,C-43-42194-21,2026-08-19,153.51,14736.96,147.57
876004673092,C-43-44980-21,2026-08-19,19.91,1911.36,3.0
876004663713,C-43-44905-21,2026-08-19,29.27,2809.92,85.26
876004373716,C-43-43992-21,2026-08-19,38.12,3659.52,22.96
876004771769,C-43-45150-21,2026-08-19,19.91,1911.36,5.95
876004238240,C-43-40664-21,2026-08-19,58.15,0.0,65.89
876004292903,C-43-43283-21,2026-08-19,69.03,6626.88,117.89
876004299779,C-4121333026,2026-08-19,63.59,0.0,60.08
876004693304,C-4146979640,2026-08-19,74.47,7149.12,105.6
876004715037,C-43-45098-21,2026-08-19,19.91,1911.36,2.0
876004332521,C-43-43729-21,2026-08-19,149.76,14376.96,140.6
876004720985,C-43-45099-21,2026-08-19,19.91,1911.36,4.2
876004401444,C-4133629222,2026-08-19,60.87,0.0,82.83
876004537838,C-43-44470-21,2026-08-19,33.94,3258.24,49.19
876004352567,C-43-43950-21,2026-08-19,119.73,11494.08,114.23
876004329960,C-43-43686-21,2026-08-19,149.76,14376.96,263.96
876004285029,C-43-43253-21,2026-08-19,52.72,5061.12,60.1
876004343070,C-43-43846-21,2026-08-19,74.47,7149.12,47.09
876004243949,C-43-41329-21,2026-08-19,142.25,0.0,266.95
876004481246,C-43-44367-21,2026-08-19,41.17,3952.32,47.22
876004508084,C-43-44421-21,2026-08-19,184.12,17675.52,138.42
876004477493,C-43-44365-21,2026-08-19,172.27,16537.92,137.06
876004462961,C-43-44342-21,2026-08-19,69.03,6626.88,136.23
876004280998,C-43-43101-21,2026-08-19,69.03,6626.88,70.47
876004255666,C-43-42085-21,2026-08-19,100.96,9692.16,347.33
876004631800,C-43-44681-21,2026-08-19,35.07,3366.72,22.32
876004654546,C-43-44789-21,2026-08-19,30.41,2919.36,56.77
876004678337,C-43-44994-21,2026-08-19,19.91,1911.36,3.06
876004391726,C-43-44085-21,2026-08-19,55.44,5322.24,80.67
876004426687,C-43-44235-21,2026-08-19,29.27,2809.92,55.11
876004501447,C-43-44411-21,2026-08-19,32.67,3136.32,2.01
876004602880,C-43-44636-21,2026-08-19,55.44,5322.24,44.52
876004378637,C-43-44007-21,2026-08-19,293.79,28203.84,179.45
876004572016,C-43-44508-21,2026-08-19,38.12,3659.52,48.29
876004272121,C-43-42884-21,2026-08-19,55.44,5322.24,88.83
876004521714,C-43-44431-21,2026-08-19,52.72,5061.12,52.7
876004412555,C-43-44149-21,2026-08-19,32.67,3136.32,95.39
876004711053,C-43-45094-21,2026-08-19,19.91,1911.36,3.0
876004407800,C-43-44144-21,2026-08-19,97.21,9332.16,103.59
876004594054,C-43-44602-21,2026-08-19,52.72,5061.12,45.16
876004387734,C-43-44053-21,2026-08-19,41.17,3952.32,48.72
876004649617,C-43-44741-21,2026-08-19,41.17,3952.32,29.32
876004295707,C-43-43296-21,2026-08-19,127.24,12215.04,154.56
876004422096,C-43-44205-21,2026-08-19,47.27,4537.92,48.38
876004575861,C-43-44537-21,2026-08-19,63.59,6104.64,43.89
876004404190,C-43-44108-21,2026-08-19,32.67,3136.32,22.46
876004585152,C-43-44558-21,2026-08-19,168.52,16177.92,110.57
876004275290,C-4115992362,2026-08-19,71.75,0.0,132.56
876004496591,C-43-44382-21,2026-08-19,104.72,10053.12,123.29
876004765215,C-43-45140-21,2026-08-19,19.91,1911.36,6.0
876004466441,C-43-44346-21,2026-08-19,41.17,3952.32,40.6
876004264097,C-43-42412-21,2026-08-19,63.59,6104.64,58.11
876004248930,C-43-42054-21,2026-08-19,74.47,7149.12,70.0
876004618607,C-43-44651-21,2026-08-19,52.72,5061.12,50.66
876004268287,C-43-42731-21,2026-08-19,44.22,4245.12,34.38
876004598472,C-43-44620-21,2026-08-19,47.27,4537.92,53.65
876004443738,C-43-44304-21,2026-08-19,55.44,5322.24,49.1
876004360782,C-43-43966-21,2026-08-19,108.47,10413.12,115.88
876004473097,C-43-44354-21,2026-08-19,58.15,5582.4,73.68
876004365111,C-43-43984-21,2026-08-19,123.48,11854.08,146.82
876004384595,C-43-44038-21,2026-08-19,38.12,3659.52,28.64
876004311074,C-43-43344-21,2026-08-19,77.19,7410.24,137.77
876004447755,C-43-44330-21,2026-08-19,47.27,0.0,35.98
876004722576,C-43-45107-21,2026-08-19,19.91,1911.36,1.2
876004455617,C-43-44331-21,2026-08-19,52.72,5061.12,44.72
876004418108,C-43-44156-21,2026-08-19,47.27,4537.92,30.71
876004549500,C-43-44493-21,2026-08-19,58.15,5582.4,57.13
876004557586,C-43-44495-21,2026-08-19,164.77,15817.92,215.8
876004546199,C-43-44479-21,2026-08-19,60.87,5843.52,64.91
876004589250,C-43-44580-21,2026-08-19,60.87,5843.52,51.17
876030392134,C-53-7871593-22,2026-08-20,58.15,0.0,34.49
,C-53-7871781-22,2026-08-20,38.14,3650.4,35.72
,C-43-43429-21,2026-08-20,97.26,9308.9,123.3
,C-43-44225-21,2026-08-20,26.89,2573.9,22.6
,C-43-44591-21,2026-08-20,74.51,7131.5,61.28
,C-43-44507-21,2026-08-20,19.92,1953.6,1.02
,C-43-44174-21,2026-08-20,58.18,5568.8,59.89
,C-53-7871887-22,2026-08-20,69.07,6610.6,54.51
,C-43-45095-21,2026-08-20,0.0,1906.2,3.57
,C-43-43309-21,2026-08-20,60.91,5829.3,140.98
,C-43-45108-21,2026-08-20,0.0,1906.2,2.4
,C-4128028166,2026-08-20,55.47,0.0,51.9
,C-4149929413,2026-08-20,0.0,1906.2,1.2
,C-43-45079-21,2026-08-20,19.92,1906.2,5.4
,C-43-43922-21,2026-08-20,44.24,4234.4,42.15
,C-43-42746-21,2026-08-20,101.02,9668.2,53.92
,C-43-44544-21,2026-08-20,63.63,6089.8,207.31
,C-43-44675-21,2026-08-20,41.19,3942.4,46.53
,C-43-42881-21,2026-08-20,63.63,6089.8,69.97
,C-43-42085-21,2026-08-20,97.26,9692.16,347.33
,C-43-44439-21,2026-08-20,44.24,4234.4,30.94
,C-43-44659-21,2026-08-20,47.29,4526.2,59.63
,C-43-44497-21,2026-08-20,58.18,5568.8,50.93
,C-43-44818-21,2026-08-20,19.92,1906.2,3.6
,C-53-7871925-22,2026-08-20,33.96,3250.4,24.49
,C-43-44294-21,2026-08-20,33.96,3250.4,27.01
,C-43-44400-21,2026-08-20,119.79,11465.4,106.42
,C-53-7871751-22,2026-08-20,74.51,7131.5,113.95
,C-53-7871848-22,2026-08-20,104.77,10027.7,91.91
,C-4141031622,2026-08-20,58.18,0.0,65.41
,C-43-45148-21,2026-08-20,0.0,1906.2,5.0
,C-43-41486-21,2026-08-20,44.24,0.0,39.19
,C-53-7871915-22,2026-08-20,32.69,3128.7,18.9
,C-53-7871941-22,2026-08-20,69.07,6610.6,58.07
,C-53-7871841-22,2026-08-20,33.96,3250.4,24.09
,C-43-43649-21,2026-08-20,30.43,2912.3,30.99
,C-43-44351-21,2026-08-20,269.17,25762.7,166.69
,C-43-44113-21,2026-08-20,38.14,3650.4,25.09
,C-43-44168-21,2026-08-20,47.29,4526.2,50.0
,C-53-7871825-22,2026-08-20,63.63,6089.8,58.81
,C-53-7872043-22,2026-08-20,33.96,3250.4,16.54
,C-43-44229-21,2026-08-20,47.29,4526.2,86.01
,C-43-43818-21,2026-08-20,55.47,5308.7,35.3
,C-4132437375,2026-08-20,44.24,0.0,41.34
,C-53-7871814-22,2026-08-20,47.29,4526.2,20.57
,C-43-45096-21,2026-08-20,0.0,1906.2,3.06
,C-4125314758,2026-08-20,149.83,0.0,53.51
,C-43-44697-21,2026-08-20,63.63,6089.8,61.61
,C-43-44098-21,2026-08-20,60.91,5829.3,97.14
,C-43-44702-21,2026-08-20,38.14,3650.4,40.43
,C-53-7871902-22,2026-08-20,101.02,9668.2,96.7
,C-43-43330-21,2026-08-20,44.24,4234.4,29.79
,C-4122535736,2026-08-20,119.79,0.0,184.66
,C-43-44453-21,2026-08-20,35.09,3358.6,43.7
,C-43-44610-21,2026-08-20,38.14,3650.4,35.71
,C-43-44767-21,2026-08-20,52.74,5048.2,43.33
,C-43-44425-21,2026-08-20,26.89,2573.9,23.49
876054925510,C-4132767777,2026-08-20,120.27,0.0,206.85
,C-43-44204-21,2026-08-20,55.47,5308.7,35.58
,C-53-7871812-22,2026-08-20,66.35,6350.1,51.37
,C-43-44162-21,2026-08-20,38.14,3650.4,28.33
,C-43-44578-21,2026-08-20,19.92,0.0,4.08
,C-43-44386-21,2026-08-20,47.29,4526.2,39.17
,C-43-44214-21,2026-08-20,60.91,5829.3,119.56
,C-43-40662-21,2026-08-20,44.24,0.0,44.62
,C-43-45114-21,2026-08-20,0.0,1906.2,3.57
,C-43-40465-21,2026-08-20,38.14,0.0,35.89
,C-43-44805-21,2026-08-20,38.14,3650.4,45.99
,C-43-44334-21,2026-08-20,52.74,5048.2,61.28
,C-53-7871919-22,2026-08-20,33.96,3250.4,15.51
,C-43-44802-21,2026-08-20,41.19,3942.4,31.66
,C-43-44530-21,2026-08-20,41.19,3942.4,33.53
,C-43-44391-21,2026-08-20,104.77,0.0,136.19
,C-53-7871657-22,2026-08-20,44.24,0.0,37.38
,C-43-45117-21,2026-08-20,0.0,1906.2,1.2
,C-43-44545-21,2026-08-20,74.51,7131.5,131.46
,C-43-44115-21,2026-08-20,47.29,4526.2,51.24
,C-43-44902-21,2026-08-20,58.18,5568.8,141.15
,C-53-7871745-22,2026-08-20,44.24,4234.4,39.35
,C-4130446579,2026-08-20,77.23,0.0,167.27
,C-53-7871871-22,2026-08-20,41.19,3942.4,34.19
,C-43-43340-21,2026-08-20,19.92,1760.64,4.59
,C-43-44441-21,2026-08-20,19.92,1906.2,3.57
,C-43-42971-21,2026-08-20,41.19,3942.4,47.76
,C-43-40683-21,2026-08-20,58.18,0.0,93.87
,C-4132745551,2026-08-20,47.29,0.0,41.34
,C-43-45032-21,2026-08-20,19.92,1906.2,4.8
876054940233,C-43-43970-21,2026-08-20,320.46,30671.7,627.78
,C-43-43402-21,2026-08-20,26.89,2573.9,0.0
,C-53-7871879-22,2026-08-20,273.31,0.0,940.68
,C-43-42496-21,2026-08-20,44.24,4234.4,45.68
,C-4130994177,2026-08-20,77.23,0.0,90.02
876054935521,C-43-43575-21,2026-08-20,221.38,21188.0,358.93
,C-43-44773-21,2026-08-20,19.92,1906.2,5.95
,C-53-7871961-22,2026-08-20,97.26,9308.9,76.41
,C-43-44650-21,2026-08-20,33.96,3250.4,32.92
,C-43-43333-21,2026-08-20,69.07,6610.6,69.62
,C-43-45086-21,2026-08-20,0.0,3128.7,0.0
,C-4118297767,2026-08-20,184.22,0.0,407.28
,C-4116849424,2026-08-20,33.96,0.0,37.15
876056098498,C-43-40465-21,2026-08-20,38.14,0.0,35.89
876056311439,C-53-7871887-22,2026-08-20,69.07,6610.6,54.51
876056516322,C-4141031622,2026-08-20,58.18,0.0,65.41
876056458484,C-43-44453-21,2026-08-20,35.09,3358.6,43.7
876056413022,C-43-44294-21,2026-08-20,33.96,3250.4,27.01
876056396975,C-43-44204-21,2026-08-20,55.47,5308.7,35.58
876056275919,C-53-7871871-22,2026-08-20,41.19,3942.4,34.19
876056139285,C-43-42496-21,2026-08-20,44.24,4234.4,45.68
876056129685,C-43-42085-21,2026-08-20,97.26,9692.16,347.33
876056323855,C-4132745551,2026-08-20,47.29,0.0,41.34
876056423284,C-43-44334-21,2026-08-20,52.74,5048.2,61.28
876056228773,C-53-7871812-22,2026-08-20,66.35,6350.1,51.37
876056560980,C-43-44802-21,2026-08-20,41.19,3942.4,31.66
876056335712,C-43-44098-21,2026-08-20,60.91,5829.3,97.14
876056473771,C-53-7871961-22,2026-08-20,97.26,9308.9,76.41
876056572892,C-43-44902-21,2026-08-20,58.18,5568.8,141.15
876056569359,C-43-44818-21,2026-08-20,19.92,1906.2,3.6
876056551287,C-43-44767-21,2026-08-20,52.74,5048.2,43.33
876056327861,C-53-7871902-22,2026-08-20,101.02,9668.2,96.7
876056487377,C-43-44578-21,2026-08-20,19.92,0.0,4.08
876056478420,C-43-44530-21,2026-08-20,41.19,3942.4,33.53
876056266156,C-53-7871841-22,2026-08-20,33.96,3250.4,24.09
876056444503,C-43-44425-21,2026-08-20,26.89,2573.9,23.49
876056319598,C-4132437375,2026-08-20,44.24,0.0,41.34
876056554183,C-43-44773-21,2026-08-20,19.92,1906.2,5.95
876056297247,C-4130994177,2026-08-20,77.23,0.0,90.02
876056634883,C-43-45148-21,2026-08-20,19.92,1906.2,5.0
876056546417,C-43-44702-21,2026-08-20,38.14,3650.4,40.43
876056198939,C-53-7871781-22,2026-08-20,38.14,3650.4,35.72
876056116961,C-43-41486-21,2026-08-20,44.24,0.0,39.19
876056154300,C-43-42881-21,2026-08-20,63.63,6089.8,69.97
876056343835,C-53-7871915-22,2026-08-20,32.69,3128.7,18.9
876056405399,C-43-44225-21,2026-08-20,26.89,2573.9,22.6
876056162732,C-4116849424,2026-08-20,33.96,0.0,37.15
876056511353,C-43-44610-21,2026-08-20,38.14,3650.4,35.71
876056363470,C-43-44115-21,2026-08-20,47.29,4526.2,51.24
876056213943,C-43-43330-21,2026-08-20,44.24,4234.4,29.79
876056238373,C-4125314758,2026-08-20,149.83,0.0,53.51
876056290507,C-4130446579,2026-08-20,77.23,0.0,167.27
876056221985,C-43-43340-21,2026-08-20,19.92,1760.64,4.59
876056543635,C-43-44697-21,2026-08-20,63.63,6089.8,61.61
876056257714,C-43-43649-21,2026-08-20,30.43,2912.3,30.99
876056436961,C-43-44391-21,2026-08-20,104.77,0.0,136.19
876056225340,C-43-43402-21,2026-08-20,26.89,2573.9,0.0
876056593868,C-43-45079-21,2026-08-20,19.92,1906.2,5.4
876056538420,C-43-44675-21,2026-08-20,41.19,3942.4,46.53
876056246327,C-53-7871848-22,2026-08-20,104.77,10027.7,91.91
876056175802,C-43-42971-21,2026-08-20,41.19,3942.4,47.76
876056584705,C-43-45032-21,2026-08-20,19.92,1906.2,4.8
876056524250,C-43-44650-21,2026-08-20,33.96,3250.4,32.92
876056316382,C-43-43922-21,2026-08-20,44.24,4234.4,42.15
876056110974,C-43-40683-21,2026-08-20,58.18,0.0,93.87
876056409291,C-43-44229-21,2026-08-20,47.29,4526.2,86.01
876056210028,C-43-43309-21,2026-08-20,60.91,5829.3,140.98
876056182745,C-53-7871745-22,2026-08-20,44.24,4234.4,39.35
876056466585,C-43-44497-21,2026-08-20,58.18,5568.8,50.93
876056564390,C-43-44805-21,2026-08-20,38.14,3650.4,45.99
876056352667,C-43-44113-21,2026-08-20,38.14,3650.4,25.09
876056624952,C-43-45114-21,2026-08-20,19.92,1906.2,3.57
876056431710,C-43-44386-21,2026-08-20,47.29,4526.2,39.17
876056621736,C-43-45108-21,2026-08-20,19.92,1906.2,2.4
876056369732,C-53-7871919-22,2026-08-20,33.96,3250.4,15.51
876056392101,C-43-44174-21,2026-08-20,58.18,5568.8,59.89
876056379001,C-43-44162-21,2026-08-20,38.14,3650.4,28.33
876056484643,C-43-44544-21,2026-08-20,63.63,6089.8,207.31
876056122500,C-53-7871657-22,2026-08-20,44.24,0.0,37.38
876056283490,C-43-43818-21,2026-08-20,55.47,5308.7,35.3
876056244368,C-53-7871825-22,2026-08-20,63.63,6089.8,58.81
876056304920,C-53-7871879-22,2026-08-20,273.31,0.0,940.68
876056449387,C-43-44441-21,2026-08-20,19.92,1906.2,3.57
876056490260,C-43-44545-21,2026-08-20,74.51,7131.5,131.46
876056448440,C-43-44439-21,2026-08-20,44.24,4234.4,30.94
876056598220,C-43-45095-21,2026-08-20,19.92,1906.2,3.57
876056643145,C-4149929413,2026-08-20,19.92,1906.2,1.2
876056630307,C-43-45117-21,2026-08-20,19.92,1906.2,1.2
876056103847,C-43-40662-21,2026-08-20,44.24,0.0,44.62
876056402209,C-43-44214-21,2026-08-20,60.91,5829.3,119.56
876056188857,C-53-7871751-22,2026-08-20,74.51,7131.5,113.95
876056417830,C-53-7871941-22,2026-08-20,69.07,6610.6,58.07
876056388360,C-53-7871925-22,2026-08-20,33.96,3250.4,24.49
876056427522,C-43-44351-21,2026-08-20,269.17,25762.7,166.69
876056271810,C-4128028166,2026-08-20,55.47,0.0,51.9
876056217375,C-43-43333-21,2026-08-20,69.07,6610.6,69.62
876056532708,C-43-44659-21,2026-08-20,47.29,4526.2,59.63
876056232169,C-53-7871814-22,2026-08-20,47.29,4526.2,20.57
876056169976,C-4118297767,2026-08-20,184.22,0.0,407.28
876056502315,C-43-44591-21,2026-08-20,74.51,7131.5,61.28
876056234849,C-43-43429-21,2026-08-20,97.26,9308.9,123.3
876056470566,C-43-44507-21,2026-08-20,19.92,1953.6,1.02
876056206437,C-4122535736,2026-08-20,119.79,0.0,184.66
876056440806,C-43-44400-21,2026-08-20,119.79,11465.4,106.42
876056612054,C-43-45096-21,2026-08-20,19.92,1906.2,3.06
876056384949,C-43-44168-21,2026-08-20,47.29,4526.2,50.0
876056147342,C-43-42746-21,2026-08-20,101.02,9668.2,53.92
876056580570,C-53-7872043-22,2026-08-20,33.96,3250.4,16.54
876110000868,C-43-44568-21,2026-08-21,60.91,5829.3,51.93
876109700109,C-43-42779-21,2026-08-21,77.24,7392.0,90.9
876109709654,C-53-7871740-22,2026-08-21,149.85,14340.6,127.46
876110071091,C-43-44928-21,2026-08-21,60.91,5829.3,88.31
876110097941,C-43-45022-21,2026-08-21,19.92,1906.2,4.0
876110082835,C-53-7872044-22,2026-08-21,38.14,3650.4,28.49
876109825804,C-53-7871934-22,2026-08-21,119.81,11465.4,101.03
876109906960,C-43-44371-21,2026-08-21,58.19,5568.8,123.25
876110079552,C-43-44950-21,2026-08-21,35.1,3358.6,41.55
876109746979,C-4127953355,2026-08-21,41.2,0.0,53.87
876110086083,C-53-7872047-22,2026-08-21,30.43,2912.3,18.06
876110194051,C-4108201436,2026-08-21,258.56,0.0,582.51
876110009340,C-4140291178,2026-08-21,77.24,0.0,96.68
876109661954,C-43-42071-21,2026-08-21,44.25,4234.4,30.02
876110090958,C-43-44979-21,2026-08-21,55.47,5308.7,77.97
876110113231,C-43-45086-21,2026-08-21,32.69,3128.7,0.0
876110034708,C-43-44669-21,2026-08-21,66.35,6350.1,87.41
876109783859,C-43-43999-21,2026-08-21,55.47,5308.7,55.41
876109961529,C-43-44477-21,2026-08-21,47.3,4526.2,48.48
876109668113,C-53-7871700-22,2026-08-21,134.83,12902.9,115.81
876109835404,C-53-7871935-22,2026-08-21,47.3,4526.2,25.63
876110140327,C-43-45211-21,2026-08-21,19.92,1906.2,1.53
876109839752,C-43-44261-21,2026-08-21,47.3,4526.2,40.59
876110115716,C-43-45164-21,2026-08-21,19.92,1906.2,1.2
876109978281,C-53-7871963-22,2026-08-21,35.1,3358.6,16.22
876110130234,C-43-45194-21,2026-08-21,19.92,1906.2,2.55
876109930460,C-43-44420-21,2026-08-21,55.47,5308.7,72.75
876110064321,C-43-44804-21,2026-08-21,55.47,5308.7,52.63
876109727150,C-43-43264-21,2026-08-21,213.14,20397.9,203.66
876109674601,C-4108236210,2026-08-21,55.47,0.0,79.0
876109870082,C-43-44305-21,2026-08-21,63.63,6089.8,60.35
876109756487,C-43-43680-21,2026-08-21,71.8,6871.1,79.65
876109973496,C-43-44515-21,2026-08-21,60.91,5829.3,125.39
876110136770,C-43-45201-21,2026-08-21,19.92,1906.2,4.2
876109803063,C-53-7871917-22,2026-08-21,60.91,5829.3,49.81
876110039250,C-43-44714-21,2026-08-21,60.91,5829.3,192.33
876110068305,C-43-44841-21,2026-08-21,44.25,4234.4,41.81
876110028069,C-43-44655-21,2026-08-21,66.35,6350.1,60.11
876110119192,C-43-45175-21,2026-08-21,19.92,,3.06
876109969357,C-4139201376,2026-08-21,44.25,0.0,46.48
876109763824,C-4131147893,2026-08-21,69.08,0.0,82.68
876110126768,C-43-45192-21,2026-08-21,19.92,1906.2,1.53
876109697223,C-43-42723-21,2026-08-21,188.37,18027.0,285.47
876109792901,C-43-44045-21,2026-08-21,55.47,5308.7,52.18
876109787317,C-4132750950,2026-08-21,77.24,0.0,141.52
876109921021,C-43-44419-21,2026-08-21,47.3,4526.2,76.5
876109955166,C-53-7871959-22,2026-08-21,33.96,3250.4,20.92
876110098293,C-43-45041-21,2026-08-21,44.25,4234.4,46.74
876109760181,C-43-43777-21,2026-08-21,60.91,5829.3,127.07
876109740683,C-43-43593-21,2026-08-21,52.75,5048.2,70.41
876110059907,C-43-44798-21,2026-08-21,44.25,4234.4,34.97
876109766981,C-43-43879-21,2026-08-21,112.29,10746.4,149.44
876110024534,C-53-7871989-22,2026-08-21,60.91,5829.3,49.41
876109718030,C-43-43120-21,2026-08-21,116.05,11105.9,109.95
876109843630,C-43-44263-21,2026-08-21,41.2,3942.4,40.56
876109715720,C-43-43143-21,2026-08-21,55.47,5308.7,22.49
876109914523,C-43-44389-21,2026-08-21,71.8,6871.1,82.26
876109997265,C-43-44560-21,2026-08-21,164.87,15778.0,246.9
876109993476,C-43-44559-21,2026-08-21,44.25,4234.4,43.36
876109800010,C-43-44093-21,2026-08-21,60.91,5829.3,43.99
876109857188,C-43-44290-21,2026-08-21,44.25,4234.4,25.41
876109846066,C-43-44269-21,2026-08-21,55.47,5308.7,59.87
876109817839,C-43-44171-21,2026-08-21,74.52,7131.5,50.46
876109829410,C-43-44234-21,2026-08-21,101.03,9668.2,156.5
876109821500,C-43-44180-21,2026-08-21,33.96,3250.4,28.29
876109694176,C-53-7871727-22,2026-08-21,47.3,4526.2,46.81
876110075708,C-43-44948-21,2026-08-21,19.92,1906.2,5.1
876110046425,C-43-44754-21,2026-08-21,58.19,5568.8,96.92
876109962433,C-43-44480-21,2026-08-21,41.2,3942.4,29.48
876109875441,C-53-7871945-22,2026-08-21,35.1,3358.6,24.53
876109775162,C-4132274022,2026-08-21,26.9,0.0,28.03
876110108254,C-43-45047-21,2026-08-21,19.92,1906.2,11.73
876109705442,C-43-42788-21,2026-08-21,30.43,2912.3,63.03
876110162490,C-43-45262-21,2026-08-21,19.92,1906.2,2.55
876109682790,C-53-7871717-22,2026-08-21,66.35,6350.1,63.86
876110014496,C-43-44609-21,2026-08-21,47.3,0.0,56.78
876110017407,C-43-44628-21,2026-08-21,58.19,5568.8,36.71
876109833489,C-43-44237-21,2026-08-21,52.75,5048.2,41.03
876110104410,C-43-45046-21,2026-08-21,19.92,1906.2,14.28
876109938211,C-43-44423-21,2026-08-21,44.25,4234.4,63.12
876109897733,C-43-44364-21,2026-08-21,97.27,9308.9,207.7
876110166187,C-43-45271-21,2026-08-21,19.92,1906.2,1.8
876109948197,C-53-7871956-22,2026-08-21,74.52,7131.5,71.74
876109662620,C-43-42257-21,2026-08-21,112.29,10746.4,264.63
876109752220,C-43-43634-21,2026-08-21,44.25,4234.4,38.37
876109780779,C-43-43998-21,2026-08-21,164.87,15778.0,421.64
876110021660,C-43-44633-21,2026-08-21,30.43,2912.3,16.67
876110043713,C-43-44715-21,2026-08-21,58.19,5568.8,60.78
876110010891,C-43-44595-21,2026-08-21,44.25,4234.4,43.38
876110149596,C-43-45238-21,2026-08-21,19.92,1906.2,1.7
876109807128,C-43-44135-21,2026-08-21,47.3,4526.2,56.15
876109890280,C-53-7871947-22,2026-08-21,35.1,3358.6,29.69
876109884354,C-43-44333-21,2026-08-21,108.54,10387.0,125.94
876109850139,C-43-44288-21,2026-08-21,265.08,25367.7,173.17
876109707489,C-4118601556,2026-08-21,108.54,0.0,109.59
876109809223,C-43-44161-21,2026-08-21,41.2,3942.4,50.3
876110056985,C-43-44775-21,2026-08-21,19.92,1906.2,10.2
876109728476,C-4123844816,2026-08-21,66.35,0.0,273.97
876109708912,C-43-42817-21,2026-08-21,188.37,18027.0,314.97
876109794558,C-43-44070-21,2026-08-21,127.32,12184.1,138.75
876110122350,C-4149586902,2026-08-21,19.92,1906.2,1.8
876109744358,C-43-43584-21,2026-08-21,157.36,15059.2,334.53
876109785120,C-4133178505,2026-08-21,71.8,0.0,84.93
876109773847,C-43-43979-21,2026-08-21,69.08,6610.6,136.83
876109814288,C-43-44167-21,2026-08-21,38.14,3650.4,19.35
876110049674,C-4143391387,2026-08-21,19.92,1906.2,4.03
876109771031,C-53-7871895-22,2026-08-21,30.43,2912.3,14.34
876109861310,C-43-44297-21,2026-08-21,58.19,5568.8,54.41
876109690310,C-53-7871723-22,2026-08-21,104.78,10027.7,86.7
876110031010,C-43-44663-21,2026-08-21,41.2,3942.4,0.0
876110189475,C-4127802292,2026-08-21,138.57,0.0,75.73
876110133288,C-43-45197-21,2026-08-21,19.92,1906.2,1.8
876109943725,C-4138996499,2026-08-21,184.24,0.0,68.0
876109652310,C-53-7871311-22,2026-08-21,66.35,0.0,57.1
876110158307,C-43-45261-21,2026-08-21,19.92,1906.2,1.8
876110053060,C-43-44769-21,2026-08-21,63.63,6089.8,90.92
876110153810,C-43-45248-21,2026-08-21,19.92,1906.2,6.0
876110145189,C-43-45213-21,2026-08-21,19.92,1906.2,2.4
876109656852,C-43-40611-21,2026-08-21,74.52,0.0,80.93
876109985765,C-43-44526-21,2026-08-21,60.91,5829.3,67.02
876109734530,C-4125091296,2026-08-21,30.43,0.0,37.56
876110093729,C-43-44986-21,2026-08-21,38.14,3650.4,48.85
876132957226,C-43-45355-21,2026-08-21,47.3,4558.0,3.45
876134408250,C-43-44824-21,2026-08-22,66.35,6875.6,0.01
876134407437,C-43-45355-21,2026-08-22,47.3,4558.0,3.45
876135600088,C-43-45355-21,2026-08-22,47.3,4558.0,3.45
876135601500,C-43-44824-21,2026-08-22,66.35,6875.6,0.01
876135794669,C-43-45355-21,2026-08-22,47.3,4558.0,3.45
876135794842,C-43-44824-21,2026-08-22,66.35,6875.6,0.01
876135855274,C-43-45355-21,2026-08-22,47.3,4558.0,3.45
876135855193,C-43-44824-21,2026-08-22,66.35,6875.6,0.01
876135966572,C-43-44824-21,2026-08-22,66.35,6875.6,0.01
876135966470,C-43-45355-21,2026-08-22,47.3,4558.0,3.45
876136381962,C-43-44824-21,2026-08-22,66.35,6875.6,0.01
876136381491,C-43-45355-21,2026-08-22,47.3,4558.0,3.45
876140305415,C-43-44871-21,2026-08-22,25.88,2476.3,40.84
876140286438,C-43-44276-21,2026-08-22,55.47,5308.7,42.02
876140302482,C-43-44816-21,2026-08-22,30.43,2912.3,46.13
876140324260,C-43-45237-21,2026-08-22,19.92,1906.2,6.6
876140337833,C-43-45311-21,2026-08-22,19.92,1906.2,2.4
876140307245,C-43-44918-21,2026-08-22,47.3,4526.2,46.7
876140279631,C-53-7871897-22,2026-08-22,60.91,5829.3,77.37
876140295877,C-43-44551-21,2026-08-22,55.47,5308.7,61.04
876140303879,C-4145213939,2026-08-22,60.91,5829.3,46.2
876140280186,C-43-44022-21,2026-08-22,44.25,4234.4,307.49
876140292205,C-43-44490-21,2026-08-22,41.2,3942.4,43.47
876140331890,C-43-45290-21,2026-08-22,19.92,1906.2,5.0
876140283667,C-43-44119-21,2026-08-22,52.75,5048.2,0.0
876140289367,C-53-7871957-22,2026-08-22,142.34,13621.9,126.17
876140294723,C-4139770700,2026-08-22,58.19,0.0,39.16
876140348613,C-4138467422,2026-08-22,222.08,0.0,352.56
876140350690,C-53-7871888-22,2026-08-22,266.82,25534.7,240.44
876140286769,C-53-7871948-22,2026-08-22,52.75,5048.2,33.6
876140284571,C-43-44178-21,2026-08-22,256.82,24577.4,206.78
876140332544,C-43-45301-21,2026-08-22,19.92,1906.2,3.0
876140318209,C-43-45153-21,2026-08-22,19.92,1906.2,17.4
876140269799,C-43-39477-21,2026-08-22,63.63,0.0,122.85
876140277570,C-43-43430-21,2026-08-22,314.62,30109.4,387.35
876140276404,C-43-43249-21,2026-08-22,63.63,6089.8,60.51
876140327810,C-43-45244-21,2026-08-22,19.92,1906.2,0.0
876140307750,C-43-44939-21,2026-08-22,58.19,5568.8,176.63
876140329993,C-43-45286-21,2026-08-22,19.92,1906.2,4.59
876140275176,C-43-43174-21,2026-08-22,69.08,6610.6,103.05
876140310675,C-43-45009-21,2026-08-22,55.47,5308.7,55.84
876140272258,C-43-41221-21,2026-08-22,97.27,0.0,291.33
876140266561,C-53-7871462-22,2026-08-22,101.03,0.0,85.39
876140279517,C-4129854680,2026-08-22,25.88,0.0,70.88
876140319731,C-43-45173-21,2026-08-22,19.92,1906.2,6.0
876140349756,C-53-7871780-22,2026-08-22,229.66,21978.3,282.05
876140290739,C-4139481351,2026-08-22,38.14,0.0,28.03
876140340807,C-43-45328-21,2026-08-22,19.92,1906.2,1.53
876140310219,C-4146632445,2026-08-22,58.19,5568.8,73.75
876140296358,C-43-44700-21,2026-08-22,63.63,6089.8,67.46
876140288371,C-43-44404-21,2026-08-22,25.88,2476.3,0.0
876140281105,C-53-7871898-22,2026-08-22,29.29,2802.7,52.86
876140338704,C-43-45313-21,2026-08-22,19.92,,3.6
876140295465,C-43-44619-21,2026-08-22,52.75,5048.2,42.19
876140292889,C-43-44529-21,2026-08-22,101.03,9668.2,115.52
876140319179,C-43-45161-21,2026-08-22,19.92,1906.2,2.4
876140321606,C-53-7872083-22,2026-08-22,35.1,3358.6,23.11
876140301957,C-43-44810-21,2026-08-22,41.2,3942.4,39.96
876140285100,C-43-44222-21,2026-08-22,77.24,7392.0,60.95
876140309190,C-43-44958-21,2026-08-22,38.14,3650.4,49.27
876140312141,C-43-45078-21,2026-08-22,41.2,3942.4,0.0
876140296851,C-53-7871985-22,2026-08-22,26.9,2573.9,0.0
876140323149,C-43-45234-21,2026-08-22,19.92,1906.2,5.4
876140323311,C-43-45231-21,2026-08-22,19.92,1906.2,2.4
876140271295,C-43-41024-21,2026-08-22,196.63,0.0,403.29
876140282351,C-43-44063-21,2026-08-22,119.81,11465.4,170.04
876140342578,C-43-45335-21,2026-08-22,19.92,1906.2,3.6
876140313836,C-43-45014-21,2026-08-22,29.29,2802.7,49.86
876140278109,C-43-43525-21,2026-08-22,74.52,7131.5,138.17
876140316581,C-43-45102-21,2026-08-22,44.25,4234.4,43.25
876140298236,C-43-44797-21,2026-08-22,19.92,1906.2,6.63
876140325483,C-43-45243-21,2026-08-22,19.92,1906.2,2.4
876140314085,C-43-45020-21,2026-08-22,38.14,3650.4,26.8
876140291459,C-43-44506-21,2026-08-22,44.25,4234.4,35.57
876140302806,C-43-44836-21,2026-08-22,168.62,16137.4,176.72
876140301270,C-43-44807-21,2026-08-22,29.29,2802.7,40.93
876140306672,C-43-44886-21,2026-08-22,29.29,2802.7,75.06
876140298810,C-53-7872002-22,2026-08-22,35.1,3358.6,22.56
876140333014,C-43-45307-21,2026-08-22,19.92,1906.2,0.51
876140281859,C-43-44025-21,2026-08-22,74.52,7131.5,70.06
876140271880,C-4115140551,2026-08-22,164.87,0.0,396.44
876140307576,C-43-44920-21,2026-08-22,30.43,2912.3,21.88
876140322602,C-43-45225-21,2026-08-22,19.92,1906.2,1.2
876140311822,C-43-45012-21,2026-08-22,41.2,3942.4,24.96
876140299346,C-43-44763-21,2026-08-22,58.19,5568.8,41.14
876140289850,C-43-44464-21,2026-08-22,41.2,3942.4,28.55
876140273997,C-43-43002-21,2026-08-22,66.35,6350.1,94.48
876140306076,C-43-44878-21,2026-08-22,44.25,4234.4,38.7
876140320654,C-43-45191-21,2026-08-22,35.1,3358.6,0.0
876140321683,C-43-45195-21,2026-08-22,19.92,1906.2,3.0
876140351425,C-43-44819-21,2026-08-22,4637.5,443809.2,6909.21
876140283781,C-43-44175-21,2026-08-22,71.8,6871.1,82.14
876140276632,C-53-7871802-22,2026-08-22,41.2,3942.4,32.58
876140317246,C-43-45104-21,2026-08-22,19.92,1906.2,5.4
876140324936,C-43-45240-21,2026-08-22,19.92,1906.2,2.4
876191058054,C-43-45510-21,2026-08-24,53.82,,3.15
876196129865,C-53-7872058-22,2026-08-24,35.81,3428.7,24.69
876196120787,C-43-45008-21,2026-08-24,38.92,3726.7,31.19
876196135665,C-53-7872065-22,2026-08-24,67.7,6483.0,81.67
876195987782,C-43-44646-21,2026-08-24,56.6,5419.7,53.91
876196062688,C-53-7872036-22,2026-08-24,29.88,2861.1,19.38
876196071833,C-53-7872037-22,2026-08-24,33.36,3194.1,18.07
876196000808,C-43-44729-21,2026-08-24,31.05,2973.3,26.32
876196167866,C-53-7872082-22,2026-08-24,118.4,11338.1,118.69
876196091250,C-43-44954-21,2026-08-24,45.14,4322.8,33.62
876195985595,C-43-44641-21,2026-08-24,34.65,3318.4,48.0
876195837557,C-43-43774-21,2026-08-24,110.74,10604.2,153.41
876196079720,C-43-44946-21,2026-08-24,38.92,3726.7,31.44
876195808057,C-43-43516-21,2026-08-24,56.6,5419.7,78.06
876196283924,C-43-45432-21,2026-08-24,20.32,1946.0,2.04
876196030627,C-43-44788-21,2026-08-24,76.03,7280.6,104.32
876195788280,C-53-7871763-22,2026-08-24,64.92,6217.1,75.67
876196158975,C-43-45160-21,2026-08-24,20.32,1946.0,5.1
876195721901,C-53-7871421-22,2026-08-24,31.05,0.0,22.17
876196097020,C-53-7872049-22,2026-08-24,114.57,10971.2,114.73
876195861790,C-53-7871946-22,2026-08-24,34.65,3318.4,41.32
876195766631,C-43-42542-21,2026-08-24,137.56,13172.7,153.05
876196068355,C-43-44910-21,2026-08-24,45.14,4322.8,52.22
876196382633,C-43-43369-21,2026-08-24,1022.22,97887.87,781.62
876195822532,C-4128009728,2026-08-24,64.92,0.0,54.88
876196212623,C-43-45321-21,2026-08-24,20.32,1946.0,10.2
876196139720,C-53-7872067-22,2026-08-24,59.37,5685.3,51.36
876196045869,C-4145389379,2026-08-24,67.7,6483.0,88.89
876195929356,C-43-44461-21,2026-08-24,62.15,5951.2,59.85
876195779848,C-53-7871759-22,2026-08-24,42.03,4024.8,26.97
876196177102,C-43-45291-21,2026-08-24,20.32,1946.0,8.4
876196200961,C-43-45319-21,2026-08-24,20.32,1946.0,2.0
876196317960,C-43-45461-21,2026-08-24,20.32,1946.0,1.2
876196292951,C-43-45440-21,2026-08-24,20.32,1946.0,1.53
876196387679,C-43-44432-21,2026-08-24,305.93,29295.7,428.82
876195980814,C-53-7871988-22,2026-08-24,34.65,3318.4,23.4
876196223528,C-43-45340-21,2026-08-24,20.32,1946.0,1.8
876195784295,C-43-43159-21,2026-08-24,48.25,4620.8,29.91
876195855980,C-43-44273-21,2026-08-24,29.88,2861.1,56.93
876195993994,C-43-44668-21,2026-08-24,114.57,10971.2,125.91
876196019162,C-43-44765-21,2026-08-24,45.14,4322.8,41.13
876195892778,C-43-44442-21,2026-08-24,67.7,6483.0,82.49
876195794506,C-43-43239-21,2026-08-24,200.61,19210.7,158.73
876196149801,C-43-45119-21,2026-08-24,34.65,3318.4,29.83
876196267560,C-4152371777,2026-08-24,20.32,1946.0,3.6
876195957805,C-53-7871969-22,2026-08-24,62.15,5951.2,73.59
876195966063,C-43-44565-21,2026-08-24,62.15,5951.2,56.15
876195935991,C-43-44476-21,2026-08-24,278.87,26705.0,222.47
876195873290,C-43-44345-21,2026-08-24,53.82,5153.8,65.67
876195912111,C-43-44449-21,2026-08-24,76.03,7280.6,100.29
876196036110,C-43-44822-21,2026-08-24,42.03,4024.8,33.9
876196014653,C-53-7872001-22,2026-08-24,42.03,4024.8,26.04
876196050765,C-43-44893-21,2026-08-24,99.24,9503.4,89.72
876196163047,C-43-45181-21,2026-08-24,20.32,1946.0,0.0
876195923358,C-43-44459-21,2026-08-24,114.57,10971.2,205.9
876196252248,C-43-45348-21,2026-08-24,20.32,1946.0,7.0
876196288363,C-43-45439-21,2026-08-24,20.32,1946.0,2.55
876195970170,C-4140327932,2026-08-24,64.92,0.0,79.38
876196229331,C-43-45341-21,2026-08-24,20.32,1946.0,4.08
876196257684,C-43-45356-21,2026-08-24,20.32,1946.0,1.2
876195752267,C-53-7871709-22,2026-08-24,35.81,3428.7,25.08
876196239674,C-43-45345-21,2026-08-24,20.32,1946.0,7.2
876195813251,C-43-43546-21,2026-08-24,38.92,3726.7,11.81
876196084502,C-43-44949-21,2026-08-24,48.25,4620.8,47.19
876195877837,C-43-44417-21,2026-08-24,114.57,10971.2,116.82
876196394188,C-43-44819-21,2026-08-24,3381.16,443809.2,6909.21
876196056226,C-53-7872034-22,2026-08-24,76.03,7280.6,104.07
876195734831,C-43-41377-21,2026-08-24,45.14,0.0,28.06
876196179583,C-43-45309-21,2026-08-24,20.32,1946.0,2.04
876196024106,C-4143215862,2026-08-24,31.05,2973.3,40.48
876195798810,C-4121485368,2026-08-24,53.82,0.0,44.28
876196191871,C-43-45318-21,2026-08-24,20.32,1946.0,6.63
876195841104,C-53-7871909-22,2026-08-24,70.48,6748.8,66.2
876195803309,C-53-7871798-22,2026-08-24,42.03,4024.8,27.4
876195846530,C-43-44150-21,2026-08-24,56.6,5419.7,61.92
876196110525,C-43-44999-21,2026-08-24,35.81,3428.7,31.64
876196218621,C-43-45325-21,2026-08-24,20.32,1946.0,7.2
876195962951,C-43-44555-21,2026-08-24,31.05,2973.3,35.28
876195946727,C-43-44502-21,2026-08-24,56.6,5419.7,76.03
876195741925,C-43-42012-21,2026-08-24,48.25,4620.8,238.4
876196007077,C-53-7871999-22,2026-08-24,110.74,10604.2,69.32
876195761640,C-4111518601,2026-08-24,31.05,0.0,22.77
876195940659,C-43-44484-21,2026-08-24,70.48,6748.8,66.57
876196305359,C-43-45443-21,2026-08-24,20.32,1946.0,1.02
876196103410,C-43-44966-21,2026-08-24,38.92,3726.7,33.42
876196206764,C-43-45320-21,2026-08-24,20.32,1946.0,3.6
876195881748,C-53-7871954-22,2026-08-24,99.24,9503.4,60.53
876196277642,C-4152820222,2026-08-24,20.32,1946.0,4.2
876196145254,C-43-45118-21,2026-08-24,149.05,14273.3,356.24
876195903849,C-53-7871955-22,2026-08-24,99.24,9503.4,113.92
876195726877,C-43-40838-21,2026-08-24,59.37,0.0,48.58
876195817224,C-53-7871851-22,2026-08-24,34.65,3318.4,21.98
876195951976,C-53-7871964-22,2026-08-24,110.74,10604.2,99.17
876195832853,C-43-43725-21,2026-08-24,187.97,18000.4,222.37
876196152771,C-43-45134-21,2026-08-24,45.14,4322.8,33.28
876196323520,C-43-45480-21,2026-08-24,20.32,1946.0,1.7
876196170211,C-43-45270-21,2026-08-24,20.32,1946.0,15.6
876195976237,C-4141559389,2026-08-24,31.05,0.0,26.98
876195774673,C-53-7871752-22,2026-08-24,42.03,4024.8,36.13
876196337620,C-4153563886,2026-08-24,20.32,1946.0,3.22
876240902356,C-43-45510-21,2026-08-25,27.44,,3.15
876259507642,C-43-45019-21,2026-08-25,65.16,6217.1,64.68
876259305769,C-43-44569-21,2026-08-25,59.58,5685.3,56.7
876259458261,C-4146141891,2026-08-25,65.16,6217.1,78.78
876259214999,C-43-44332-21,2026-08-25,118.82,11338.1,86.87
876259246300,C-4135054646,2026-08-25,62.37,0.0,72.23
876259378455,C-43-44815-21,2026-08-25,65.16,6217.1,127.25
876259286884,C-43-44514-21,2026-08-25,67.94,0.0,68.12
876259117734,C-43-43091-21,2026-08-25,138.05,13172.7,64.77
876259200834,C-43-44246-21,2026-08-25,48.43,4620.8,47.99
876259438260,C-43-44880-21,2026-08-25,42.18,4024.8,34.71
876259355741,C-43-44774-21,2026-08-25,42.18,4024.8,80.7
876259702050,C-43-45557-21,2026-08-25,20.39,1946.0,2.55
876259262887,C-43-44399-21,2026-08-25,65.16,6217.1,267.09
876259570265,C-43-45204-21,2026-08-25,20.39,1946.0,3.0
876259489823,C-43-44995-21,2026-08-25,54.01,5153.8,49.64
876259659116,C-43-45438-21,2026-08-25,20.39,1946.0,4.8
876259228697,C-43-44349-21,2026-08-25,27.54,2627.8,21.26
876259592774,C-43-45285-21,2026-08-25,48.43,4620.8,37.84
876259679313,C-43-45469-21,2026-08-25,20.39,1946.0,7.8
876259447069,C-43-44919-21,2026-08-25,54.01,5153.8,51.74
876259374920,C-4144275563,2026-08-25,48.43,4620.8,67.76
876259673852,C-43-45456-21,2026-08-25,20.39,1946.0,9.0
876259632782,C-43-45383-21,2026-08-25,20.39,1946.0,6.0
876259577660,C-43-45250-21,2026-08-25,20.39,1946.0,5.4
876259500074,C-43-45005-21,2026-08-25,56.8,5419.7,38.03
876259385696,C-43-44820-21,2026-08-25,42.18,4024.8,25.12
876259156536,C-43-44033-21,2026-08-25,118.82,11338.1,145.68
876259076969,C-43-40590-21,2026-08-25,67.94,0.0,38.41
876259418257,C-43-44875-21,2026-08-25,39.06,3726.7,25.91
876259529393,C-43-45089-21,2026-08-25,48.43,4620.8,54.18
876259258965,C-43-44387-21,2026-08-25,48.43,4620.8,63.47
876259103624,C-43-43013-21,2026-08-25,56.8,5419.7,58.37
876259685433,C-43-45509-21,2026-08-25,20.39,1946.0,1.02
876259443784,C-43-44895-21,2026-08-25,67.94,6483.0,76.46
876259138710,C-4132113343,2026-08-25,59.58,0.0,36.3
876259471420,C-43-44956-21,2026-08-25,76.3,7280.6,107.92
876259126279,C-43-43273-21,2026-08-25,70.73,6748.8,95.99
876259276861,C-43-44446-21,2026-08-25,67.94,6483.0,73.34
876259113614,C-43-43054-21,2026-08-25,118.82,11338.1,252.91
876259623240,C-43-45377-21,2026-08-25,20.39,1946.0,1.8
876259318265,C-43-44596-21,2026-08-25,134.2,12805.7,146.03
876259429633,C-43-44876-21,2026-08-25,39.06,3726.7,30.29
876259642463,C-43-45396-21,2026-08-25,20.39,1946.0,1.8
876259540159,C-43-45116-21,2026-08-25,65.16,6217.1,89.4
876259504140,C-43-45018-21,2026-08-25,62.37,5951.2,53.3
876259565840,C-43-45200-21,2026-08-25,54.01,5153.8,102.57
876259340771,C-4143610315,2026-08-25,54.01,5153.8,93.51
876259485162,C-43-44987-21,2026-08-25,20.39,1946.0,5.0
876259122387,C-43-43226-21,2026-08-25,45.3,4322.8,59.41
876259204370,C-43-44309-21,2026-08-25,56.8,5419.7,47.55
876259178346,C-4134534670,2026-08-25,67.94,0.0,56.01
876259389897,C-43-44835-21,2026-08-25,48.43,4620.8,50.28
876259435216,C-43-44877-21,2026-08-25,45.3,4322.8,34.84
876259152574,C-43-44013-21,2026-08-25,67.94,6483.0,49.31
876259547110,C-43-45125-21,2026-08-25,54.01,5153.8,80.63
876259165070,C-43-44120-21,2026-08-25,42.18,4024.8,3.29
876259653438,C-43-45400-21,2026-08-25,20.39,1946.0,3.57
876259290692,C-43-44519-21,2026-08-25,45.3,0.0,77.07
876259610170,C-43-45333-21,2026-08-25,20.39,1946.0,0.6
876259268473,C-43-44422-21,2026-08-25,56.8,5419.7,51.53
876259130260,C-43-43318-21,2026-08-25,54.01,5153.8,77.89
876259735730,C-53-7871726-22,2026-08-25,188.64,18000.4,217.75
876259554589,C-43-45176-21,2026-08-25,45.3,4322.8,60.7
876259234692,C-43-44358-21,2026-08-25,56.8,5419.7,40.44
876259689900,C-43-45531-21,2026-08-25,20.39,1946.0,4.08
876259464602,C-43-44941-21,2026-08-25,45.3,4322.8,30.99
876259603260,C-43-45293-21,2026-08-25,70.73,6748.8,100.83
876259326080,C-43-44753-21,2026-08-25,59.58,5685.3,67.37
876259195750,C-43-44231-21,2026-08-25,56.8,5419.7,84.62
876259495152,C-43-44996-21,2026-08-25,48.43,4620.8,46.03
876259296039,C-43-44538-21,2026-08-25,134.2,12805.7,218.6
876259517996,C-43-45031-21,2026-08-25,54.01,5153.8,48.01
876259551340,C-43-45143-21,2026-08-25,62.37,5951.2,67.76
876259639353,C-43-45449-21,2026-08-25,20.39,1946.0,3.57
876259534602,C-43-45091-21,2026-08-25,48.43,4620.8,53.0
876259280280,C-43-44460-21,2026-08-25,59.58,5685.3,71.13
876259559032,C-43-45189-21,2026-08-25,73.51,7014.7,61.12
876259168838,C-4134264808,2026-08-25,70.73,0.0,99.91
876259311157,C-43-44579-21,2026-08-25,39.06,3726.7,26.92
876259332660,C-43-44760-21,2026-08-25,54.01,5153.8,43.65
876259392367,C-43-44840-21,2026-08-25,31.16,2973.3,39.16
876259520948,C-43-45044-21,2026-08-25,39.06,3726.7,23.19
876259575153,C-53-7872089-22,2026-08-25,48.43,4620.8,42.89
876259250644,C-43-44384-21,2026-08-25,79.09,7546.5,136.74
876259358821,C-43-44787-21,2026-08-25,42.18,4024.8,42.98
876259614636,C-43-45360-21,2026-08-25,20.39,1946.0,3.0
876259301064,C-43-44566-21,2026-08-25,54.01,5153.8,73.21
876259087750,C-43-41385-21,2026-08-25,65.16,0.0,58.17
876259710004,C-43-45562-21,2026-08-25,20.39,1946.0,1.02
876259358751,C-43-44800-21,2026-08-25,157.28,15007.2,68.23
876259133190,C-43-43529-21,2026-08-25,107.29,10237.3,187.82
876259453638,C-43-44927-21,2026-08-25,54.01,5153.8,54.25
876259084599,C-4092464198,2026-08-25,42.18,0.0,39.61
876259455928,C-43-44931-21,2026-08-25,59.58,5685.3,63.48
876259242131,C-43-44362-21,2026-08-25,103.44,9870.3,123.96
876259647752,C-43-45398-21,2026-08-25,20.39,1946.0,2.55
876259416920,C-43-44857-21,2026-08-25,48.43,4620.8,36.88
876259584125,C-43-45279-21,2026-08-25,31.16,2973.3,30.8
876259187671,C-43-44215-21,2026-08-25,56.8,5419.7,61.65
876259253941,C-43-44385-21,2026-08-25,67.94,6483.0,77.55
876259402317,C-43-44843-21,2026-08-25,42.18,4024.8,40.49
876259480355,C-43-44975-21,2026-08-25,45.3,4322.8,38.82
876259094707,C-43-42066-21,2026-08-25,70.73,6748.8,54.43
876259513030,C-43-45030-21,2026-08-25,20.39,1946.0,3.6
876259322810,C-43-44735-21,2026-08-25,62.37,5951.2,51.86
876259694986,C-43-45541-21,2026-08-25,20.39,1946.0,0.6
876259476628,C-43-44969-21,2026-08-25,59.58,5685.3,63.14
876259409068,C-43-44845-21,2026-08-25,27.54,2627.8,25.81
876259271848,C-43-44428-21,2026-08-25,76.3,7280.6,159.97
876259159720,C-43-44111-21,2026-08-25,54.01,5153.8,33.82
876259412557,C-43-44854-21,2026-08-25,59.58,5685.3,29.54
876259181364,C-43-44182-21,2026-08-25,67.94,6483.0,102.44
876259147439,C-43-44012-21,2026-08-25,42.18,4024.8,0.0
876259740007,C-53-7871883-22,2026-08-25,273.2,,274.73
876292585017,C-43-44877-21,2026-08-26,45.3,4322.8,34.84
876292527643,C-43-44428-21,2026-08-26,76.3,7280.6,159.97
876292567533,C-43-44845-21,2026-08-26,27.54,2627.8,25.81
876292721570,C-43-45377-21,2026-08-26,20.39,1946.0,1.8
876292561741,C-43-44840-21,2026-08-26,31.16,2973.3,39.16
876292533178,C-43-44519-21,2026-08-26,45.3,0.0,77.07
876292515352,C-43-44349-21,2026-08-26,27.54,2627.8,21.26
876292551122,C-43-44787-21,2026-08-26,42.18,4024.8,42.98
876292657204,C-43-45089-21,2026-08-26,48.43,4620.8,54.18
876292470700,C-4092464198,2026-08-26,42.18,0.0,39.61
876292531820,C-43-44460-21,2026-08-26,59.58,5685.3,71.13
876292516267,C-43-44358-21,2026-08-26,56.8,5419.7,40.44
876292671002,C-43-45125-21,2026-08-26,54.01,5153.8,80.63
876292688203,C-43-45189-21,2026-08-26,73.51,7014.7,61.12
876292616844,C-43-44969-21,2026-08-26,59.58,5685.3,63.14
876292547060,C-4143610315,2026-08-26,54.01,5153.8,93.51
876292682926,C-43-45176-21,2026-08-26,45.3,4322.8,60.7
876292742410,C-43-45449-21,2026-08-26,20.39,1946.0,3.57
876292500577,C-4134534670,2026-08-26,67.94,0.0,56.01
876292543834,C-43-44735-21,2026-08-26,62.37,5951.2,51.86
876292756005,C-43-45541-21,2026-08-26,20.39,1946.0,0.6
876292549523,C-43-44774-21,2026-08-26,42.18,4024.8,80.7
876292578655,C-43-44875-21,2026-08-26,39.06,3726.7,25.91
876292746254,C-43-45469-21,2026-08-26,20.39,1946.0,7.8
876292508442,C-43-44246-21,2026-08-26,48.43,4620.8,47.99
876292694919,C-43-45204-21,2026-08-26,20.39,1946.0,3.0
876292555312,C-43-44815-21,2026-08-26,65.16,6217.1,127.25
876292536810,C-43-44579-21,2026-08-26,39.06,3726.7,26.92
876292612286,C-43-44956-21,2026-08-26,76.3,7280.6,107.92
876292761048,C-43-45557-21,2026-08-26,20.39,1946.0,2.55
876292719927,C-43-45360-21,2026-08-26,20.39,1946.0,3.0
876292484018,C-43-43273-21,2026-08-26,70.73,6748.8,95.99
876292498816,C-4134264808,2026-08-26,70.73,0.0,99.91
876292473617,C-4104568301,2026-08-26,45.3,0.0,51.56
876292486396,C-43-43529-21,2026-08-26,107.29,10237.3,187.82
876292510957,C-43-44309-21,2026-08-26,56.8,5419.7,47.55
876292528113,C-43-44514-21,2026-08-26,67.94,0.0,68.12
876292748084,C-43-45509-21,2026-08-26,20.39,1946.0,1.02
876292517756,C-43-44362-21,2026-08-26,103.44,9870.3,123.96
876292658818,C-43-45091-21,2026-08-26,48.43,4620.8,53.0
876292705265,C-43-45279-21,2026-08-26,31.16,2973.3,30.8
876292571650,C-43-44854-21,2026-08-26,59.58,5685.3,29.54
876292700263,C-43-45250-21,2026-08-26,20.39,1946.0,5.4
876292641904,C-43-45019-21,2026-08-26,65.16,6217.1,64.68
876292479648,C-43-43054-21,2026-08-26,118.82,11338.1,252.91
876292590277,C-43-44895-21,2026-08-26,67.94,6483.0,76.46
876292559638,C-43-44835-21,2026-08-26,48.43,4620.8,50.28
876292547255,C-43-44760-21,2026-08-26,54.01,5153.8,43.65
876292538206,C-43-44596-21,2026-08-26,134.2,12805.7,146.03
876292730071,C-43-45396-21,2026-08-26,20.39,1946.0,1.8
876292520097,C-4135054646,2026-08-26,62.37,0.0,72.23
876292487576,C-4132113343,2026-08-26,59.58,0.0,36.3
876292523383,C-43-44385-21,2026-08-26,67.94,6483.0,77.55
876292664938,C-43-45116-21,2026-08-26,65.16,6217.1,89.4
876292621177,C-43-44975-21,2026-08-26,45.3,4322.8,38.82
876292506597,C-43-44231-21,2026-08-26,56.8,5419.7,84.62
876292481096,C-43-43091-21,2026-08-26,138.05,13172.7,64.77
876292598006,C-43-44927-21,2026-08-26,54.01,5153.8,54.25
876292557598,C-43-44820-21,2026-08-26,42.18,4024.8,25.12
876292484614,C-43-43318-21,2026-08-26,54.01,5153.8,77.89
876292544576,C-43-44753-21,2026-08-26,59.58,5685.3,67.37
876292714855,C-43-45333-21,2026-08-26,20.39,1946.0,0.6
876292696955,C-53-7872089-22,2026-08-26,48.43,4620.8,42.89
876292601381,C-43-44931-21,2026-08-26,59.58,5685.3,63.48
876292651846,C-43-45044-21,2026-08-26,39.06,3726.7,23.19
876292537769,C-43-44569-21,2026-08-26,59.58,5685.3,56.7
876292733243,C-43-45400-21,2026-08-26,20.39,1946.0,3.57
876292536020,C-43-44566-21,2026-08-26,54.01,5153.8,73.21
876292482460,C-43-43226-21,2026-08-26,45.3,4322.8,59.41
876292731424,C-43-45398-21,2026-08-26,20.39,1946.0,2.55
876292496147,C-43-44111-21,2026-08-26,54.01,5153.8,33.82
876292575586,C-43-44857-21,2026-08-26,48.43,4620.8,36.88
876292534715,C-43-44538-21,2026-08-26,134.2,12805.7,218.6
876292649033,C-43-45031-21,2026-08-26,54.01,5153.8,48.01
876292603980,C-4146141891,2026-08-26,65.16,6217.1,78.78
876292691600,C-43-45200-21,2026-08-26,54.01,5153.8,102.57
876292708231,C-43-45285-21,2026-08-26,48.43,4620.8,37.84
876292512802,C-43-44332-21,2026-08-26,118.82,11338.1,86.87
876292520384,C-43-44384-21,2026-08-26,79.09,7546.5,136.74
876292609268,C-43-44941-21,2026-08-26,45.3,4322.8,30.99
876292564177,C-43-44843-21,2026-08-26,42.18,4024.8,40.49
876292639742,C-43-45018-21,2026-08-26,62.37,5951.2,53.3
876292529852,C-43-44446-21,2026-08-26,67.94,6483.0,73.34
876292504892,C-43-44215-21,2026-08-26,56.8,5419.7,61.65
876292593357,C-43-44919-21,2026-08-26,54.01,5153.8,51.74
876292744803,C-43-45456-21,2026-08-26,20.39,1946.0,9.0
876292493972,C-43-44033-21,2026-08-26,118.82,11338.1,145.68
876292678577,C-43-45143-21,2026-08-26,62.37,5951.2,67.76
876292553228,C-4144275563,2026-08-26,48.43,4620.8,67.76
876292712223,C-43-45293-21,2026-08-26,70.73,6748.8,100.83
876292526198,C-43-44399-21,2026-08-26,65.16,6217.1,267.09
876292738500,C-43-45438-21,2026-08-26,20.39,1946.0,4.8
876292477288,C-43-42066-21,2026-08-26,70.73,6748.8,54.43
876292497555,C-43-44120-21,2026-08-26,42.18,4024.8,3.29
876292526945,C-43-44422-21,2026-08-26,56.8,5419.7,51.53
876292763989,C-43-45562-21,2026-08-26,20.39,1946.0,1.02
876292581971,C-43-44876-21,2026-08-26,39.06,3726.7,30.29
876292725381,C-43-45383-21,2026-08-26,20.39,1946.0,6.0
876292634383,C-43-45005-21,2026-08-26,56.8,5419.7,38.03
876292502308,C-43-44182-21,2026-08-26,67.94,6483.0,102.44
876292493078,C-43-44013-21,2026-08-26,67.94,6483.0,49.31
876292524780,C-43-44387-21,2026-08-26,48.43,4620.8,63.47
876292587189,C-43-44880-21,2026-08-26,42.18,4024.8,34.71
876292552770,C-43-44800-21,2026-08-26,157.28,15007.2,68.23
876292627738,C-43-44995-21,2026-08-26,54.01,5153.8,49.64
876292477038,C-43-43013-21,2026-08-26,56.8,5419.7,58.37
876292623640,C-43-44987-21,2026-08-26,20.39,1946.0,5.0
876292767436,C-43-45571-21,2026-08-26,20.39,1946.0,0.66
876292646630,C-43-45030-21,2026-08-26,20.39,1946.0,3.6
876292752098,C-43-45531-21,2026-08-26,20.39,1946.0,4.08
876292630366,C-43-44996-21,2026-08-26,48.43,4620.8,46.03
876292490127,C-43-44012-21,2026-08-26,42.18,4024.8,0.0
876292475002,C-43-41385-21,2026-08-26,65.16,0.0,58.17
876317382693,C-43-45350-21,2026-08-26,65.16,6217.1,85.75
876316850283,C-4109725751,2026-08-26,54.01,0.0,79.71
876317351135,C-43-45221-21,2026-08-26,70.73,6748.8,55.98
876316950459,C-43-43841-21,2026-08-26,62.37,5951.2,65.31
876317071140,C-43-44592-21,2026-08-26,79.09,7546.5,80.47
876317087296,C-53-7871987-22,2026-08-26,26.49,2528.0,17.24
876316831781,C-43-42142-21,2026-08-26,126.51,12071.8,102.48
876316929795,C-43-43674-21,2026-08-26,39.06,3726.7,0.0
876316802833,C-43-40737-21,2026-08-26,26.49,0.0,72.64
876316811242,C-53-7871620-22,2026-08-26,39.06,0.0,26.12
876317310249,C-43-45132-21,2026-08-26,59.58,5685.3,54.11
876316941774,C-4129359062,2026-08-26,56.8,0.0,133.8
876317139128,C-43-44847-21,2026-08-26,56.8,5419.7,87.01
876317003488,C-43-44248-21,2026-08-26,73.51,0.0,120.36
876316963643,C-43-43982-21,2026-08-26,67.94,6483.0,56.69
876317343480,C-43-45162-21,2026-08-26,67.94,6483.0,78.04
876317273814,C-4148013057,2026-08-26,62.37,5951.2,75.41
876316921051,C-43-43434-21,2026-08-26,42.18,4024.8,34.38
876316815454,C-43-41150-21,2026-08-26,54.01,0.0,55.97
876317304703,C-43-45131-21,2026-08-26,65.16,6217.1,85.57
876316896241,C-43-43316-21,2026-08-26,533.22,50880.2,376.52
876317370428,C-43-45268-21,2026-08-26,29.98,2861.1,3.63
876317213760,C-43-44971-21,2026-08-26,103.44,9870.3,84.2
876316946905,C-43-43806-21,2026-08-26,54.01,5153.8,40.75
876317098043,C-43-44658-21,2026-08-26,31.16,2973.3,39.28
876317436572,C-43-45626-21,2026-08-26,20.39,1946.0,0.0
876316821699,C-43-41774-21,2026-08-26,54.01,5153.8,99.48
876317121424,C-43-44781-21,2026-08-26,56.8,5419.7,40.2
876317091222,C-43-44654-21,2026-08-26,31.16,2973.3,220.72
876316881580,C-53-7871786-22,2026-08-26,35.93,3428.7,26.96
876317226017,C-43-45017-21,2026-08-26,56.8,5419.7,66.67
876317347544,C-43-45185-21,2026-08-26,34.78,3318.4,18.43
876317322069,C-43-45142-21,2026-08-26,111.13,10604.2,102.89
876316835710,C-43-42245-21,2026-08-26,172.66,16474.9,365.52
876317011865,C-53-7871940-22,2026-08-26,34.78,3318.4,25.5
876317204295,C-43-44953-21,2026-08-26,48.43,4620.8,38.67
876316939042,C-53-7871858-22,2026-08-26,79.09,7546.5,84.94
876317199465,C-43-44952-21,2026-08-26,48.43,4620.8,90.29
876317190321,C-43-44945-21,2026-08-26,62.37,5951.2,76.7
876316988187,C-43-44118-21,2026-08-26,56.8,5419.7,47.29
876317414497,C-43-45539-21,2026-08-26,20.39,1946.0,2.4
876317402081,C-43-45431-21,2026-08-26,20.39,1946.0,7.65
876317335345,C-43-45159-21,2026-08-26,27.54,2627.8,33.97
876317159895,C-43-44899-21,2026-08-26,62.37,5951.2,100.84
876317356181,C-43-45235-21,2026-08-26,31.16,2973.3,22.94
876316980554,C-43-44039-21,2026-08-26,65.16,6217.1,149.49
876316990670,C-53-7871923-22,2026-08-26,26.49,2528.0,11.63
876316913524,C-43-43407-21,2026-08-26,161.12,15374.0,291.83
876317066302,C-43-44589-21,2026-08-26,56.8,5419.7,71.96
876316925940,C-53-7871844-22,2026-08-26,76.3,7280.6,88.88
876317028264,C-43-44410-21,2026-08-26,67.94,6483.0,97.3
876316862872,C-53-7871747-22,2026-08-26,27.54,2627.8,14.48
876317129366,C-43-44809-21,2026-08-26,42.18,4024.8,41.62
876317173969,C-43-44915-21,2026-08-26,54.01,5153.8,50.75
876317359938,C-43-45258-21,2026-08-26,34.78,3318.4,42.31
876317165170,C-43-44904-21,2026-08-26,34.78,3318.4,29.38
876317263857,C-43-45072-21,2026-08-26,56.8,5419.7,45.16
876316970884,C-43-43995-21,2026-08-26,34.78,3318.4,27.16
876317391996,C-43-45358-21,2026-08-26,20.39,1946.0,7.0
876317044488,C-43-44436-21,2026-08-26,45.3,4322.8,36.04
876317240282,C-43-45059-21,2026-08-26,54.01,5153.8,30.62
876317125095,C-43-44803-21,2026-08-26,39.06,3726.7,59.54
876317397619,C-43-45380-21,2026-08-26,59.58,5685.3,106.43
876317217538,C-43-44982-21,2026-08-26,45.3,4322.8,43.13
876317079677,C-43-44625-21,2026-08-26,42.18,4024.8,46.71
876316976600,C-43-44035-21,2026-08-26,284.1,27108.5,368.8
876317107133,C-43-44727-21,2026-08-26,26.49,2528.0,96.43
876317154540,C-4145297512,2026-08-26,62.37,5951.2,109.03
876316955461,C-43-43842-21,2026-08-26,59.58,5685.3,43.68
876317423892,C-43-45564-21,2026-08-26,20.39,1946.0,5.0
876317183102,C-43-44923-21,2026-08-26,56.8,5419.7,46.56
876317277614,C-43-45090-21,2026-08-26,29.98,2861.1,0.0
876316806585,C-43-40751-21,2026-08-26,48.43,0.0,61.11
876317149622,C-43-44870-21,2026-08-26,103.44,9870.3,119.48
876317411362,C-43-45508-21,2026-08-26,20.39,1946.0,3.57
876317111868,C-43-44772-21,2026-08-26,35.93,,22.11
876317236143,C-43-45058-21,2026-08-26,73.51,7014.7,159.11
876317144469,C-43-44859-21,2026-08-26,31.16,2973.3,30.78
876317379701,C-43-45297-21,2026-08-26,73.51,7014.7,130.72
876316797690,C-43-40590-21,2026-08-26,67.94,0.0,38.41
876317325815,C-43-45156-21,2026-08-26,153.43,14640.3,141.38
876316881102,C-53-7871754-22,2026-08-26,73.51,0.0,52.89
876316792574,C-53-7871514-22,2026-08-26,99.6,0.0,87.31
876317374272,C-43-45277-21,2026-08-26,29.98,2861.1,0.0
876317242907,C-43-45060-21,2026-08-26,73.51,7014.7,60.57
876317062042,C-4140302268,2026-08-26,48.43,0.0,121.93
876317419797,C-43-45547-21,2026-08-26,20.39,,1.8
876317299490,C-53-7872071-22,2026-08-26,45.3,4322.8,42.89
876317285093,C-43-45101-21,2026-08-26,39.06,3726.7,35.14
876317295234,C-53-7872070-22,2026-08-26,65.16,6217.1,49.25
876317209600,C-43-44964-21,2026-08-26,34.78,3318.4,31.59
876317429537,C-43-45572-21,2026-08-26,20.39,1946.0,1.8
876317103024,C-43-44698-21,2026-08-26,65.16,6217.1,57.88
876317194360,C-43-44947-21,2026-08-26,48.43,4620.8,36.78
876317186580,C-43-44934-21,2026-08-26,42.18,4024.8,40.84
876317259442,C-43-45069-21,2026-08-26,62.37,5951.2,74.0
876317169451,C-43-44912-21,2026-08-26,42.18,4024.8,34.58
876317133932,C-4144104794,2026-08-26,111.13,10604.2,288.77
876317017495,C-43-44406-21,2026-08-26,31.16,2973.3,47.58
876317055555,C-43-44547-21,2026-08-26,292.55,27915.2,482.06
876316907974,C-43-43341-21,2026-08-26,67.94,6483.0,96.08
876317049744,C-4140371539,2026-08-26,54.01,0.0,87.55
876317254863,C-43-45061-21,2026-08-26,48.43,4620.8,51.48
876316870609,C-53-7871750-22,2026-08-26,31.16,2973.3,25.3
876316857472,C-43-42948-21,2026-08-26,103.44,9870.3,153.25
876317291835,C-43-45112-21,2026-08-26,45.3,4322.8,54.33
876317219416,C-43-45006-21,2026-08-26,48.43,4620.8,65.5
876317076185,C-4140634032,2026-08-26,157.28,0.0,115.2
876317115841,C-43-44780-21,2026-08-26,56.8,5419.7,146.97
876317406433,C-43-45444-21,2026-08-26,20.39,1946.0,13.44
876317231303,C-43-45056-21,2026-08-26,59.58,5685.3,81.48
876317360471,C-43-45249-21,2026-08-26,54.01,5153.8,50.81
876317177585,C-43-44922-21,2026-08-26,45.3,4322.8,51.62
