order,ship_date,billable_kg,ups_fuel_pct,fedex_inr_gst,ups_saver_inr_gst,diff,oversize
C-43-46499-21,2026-09-18,7.0,49.75,6318.97,6400.86,81.89,0
C-4167843982,2026-09-18,9.0,49.75,9060.54,7944.04,-1116.5,0
C-43-46284-21,2026-09-18,6.5,49.75,6037.8,5999.63,-38.17,0
C-43-43616-21,2026-09-18,11.5,49.75,10876.11,9755.76,-1120.35,0
C-43-46655-21,2026-09-18,1.5,49.75,2692.64,2400.36,-292.28,0
C-43-46472-21,2026-09-18,4.5,49.75,4593.61,4468.13,-125.48,0
C-43-44903-21,2026-09-18,2.0,49.75,3045.77,2757.83,-287.94,0
C-43-46072-21,2026-09-18,11.5,49.75,10876.11,9755.76,-1120.35,0
C-53-7872398-22,2026-09-18,3.0,49.75,3647.44,3463.67,-183.77,0
C-43-45946-21,2026-09-18,6.0,49.75,5756.64,5600.98,-155.66,0
C-4167399665,2026-09-18,5.0,49.75,4909.31,4800.92,-108.4,0
C-43-46549-21,2026-09-18,6.5,49.75,6037.8,5999.63,-38.17,0
C-43-44487-21,2026-09-18,5.0,49.75,4909.31,4800.92,-108.4,0
C-43-46580-21,2026-09-18,5.5,49.75,5475.48,5200.92,-274.55,0
C-43-46441-21,2026-09-18,2.5,49.75,3531.33,3115.66,-415.67,0
C-43-46292-21,2026-09-18,4.5,49.75,4593.61,4468.13,-125.48,0
C-53-7872353-22,2026-09-18,8.5,49.75,7162.45,7599.39,436.94,0
C-43-42994-21,2026-09-18,8.0,49.75,6881.29,7198.5,317.21,0
C-43-46538-21,2026-09-18,11.0,49.75,10486.51,9394.7,-1091.81,0
C-43-43924-21,2026-09-18,4.0,49.75,4277.9,4131.75,-146.15,0
C-43-46563-21,2026-09-18,2.0,49.75,3165.72,2757.83,-407.89,0
C-43-43740-21,2026-09-18,5.0,49.75,4909.31,4800.92,-108.4,0
C-43-46656-21,2026-09-18,5.5,49.75,5475.48,5200.92,-274.55,0
C-43-46837-21,2026-09-18,2.5,49.75,3531.33,3115.66,-415.67,0
C-43-44177-21,2026-09-18,5.5,49.75,5475.48,5200.92,-274.55,0
C-43-46079-21,2026-09-18,6.0,49.75,5756.64,5600.98,-155.66,0
C-43-45762-21,2026-09-18,10.5,49.75,10096.91,9035.17,-1061.74,0
C-43-46181-21,2026-09-18,2.5,49.75,3398.9,3115.66,-283.24,0
C-43-46685-21,2026-09-18,6.0,49.75,5756.64,5600.98,-155.66,0
C-43-44327-21,2026-09-18,7.0,49.75,6318.97,6400.86,81.89,0
C-43-46693-21,2026-09-18,3.0,49.75,3531.33,3463.67,-67.66,0
C-4164806872,2026-09-18,5.5,49.75,5475.48,5200.92,-274.55,0
C-43-45726-21,2026-09-18,2.0,49.75,3165.72,2757.83,-407.89,0
C-43-46858-21,2026-09-18,2.5,49.75,3531.33,3115.66,-415.67,0
C-43-46402-21,2026-09-18,6.5,49.75,6037.8,5999.63,-38.17,0
C-43-46620-21,2026-09-18,6.0,49.75,5475.48,5600.98,125.51,0
C-43-44882-21,2026-09-18,1.5,49.75,2692.64,2400.36,-292.28,0
C-43-46582-21,2026-09-18,7.0,49.75,6318.97,6400.86,81.89,0
C-43-46658-21,2026-09-18,1.5,49.75,2692.64,2400.36,-292.28,0
C-43-46632-21,2026-09-18,3.0,49.75,3647.44,3463.67,-183.77,0
C-53-7872402-22,2026-09-18,12.5,49.75,11654.34,10476.8,-1177.54,0
C-43-44123-21,2026-09-18,1.5,49.75,2692.64,2400.36,-292.28,0
C-43-46677-21,2026-09-18,5.0,49.75,4909.31,4800.92,-108.4,0
C-43-44430-21,2026-09-18,7.0,49.75,6318.97,6400.86,81.89,0
C-43-46561-21,2026-09-18,3.0,49.75,3647.44,3463.67,-183.77,0
C-43-46481-21,2026-09-18,6.5,49.75,6037.8,5999.63,-38.17,0
C-43-46453-21,2026-09-18,7.5,49.75,6600.13,6799.38,199.25,0
C-43-45692-21,2026-09-18,5.5,49.75,5475.48,5200.92,-274.55,0
C-43-45141-21,2026-09-18,10.5,49.75,10096.91,9035.17,-1061.74,0
C-43-46688-21,2026-09-18,3.5,49.75,3963.15,3797.02,-166.13,0
C-43-46700-21,2026-09-18,5.5,49.75,5475.48,5200.92,-274.55,0
C-43-46806-21,2026-09-18,1.0,49.75,2433.55,2042.41,-391.14,0
C-53-7872245-22,2026-09-18,2.0,49.75,2799.15,2757.83,-41.32,0
C-53-7872304-22,2026-09-18,6.5,49.75,6037.8,5999.63,-38.17,0
C-43-46463-21,2026-09-18,10.0,49.75,8005.94,8584.47,578.53,0
C-43-46553-21,2026-09-18,8.0,49.75,6881.29,7198.5,317.21,0
C-4170734732,2026-09-18,4.5,49.75,4593.61,4468.13,-125.48,0
C-43-43994-21,2026-09-18,9.0,49.75,7443.62,7944.04,500.42,0
C-43-46081-21,2026-09-18,7.0,49.75,6318.97,6400.86,81.89,0
C-4169836370,2026-09-18,2.5,49.75,3531.33,3115.66,-415.67,0
C-43-46544-21,2026-09-18,10.5,49.75,8005.94,9035.17,1029.23,0
C-43-46608-21,2026-09-18,2.5,49.75,3531.33,3115.66,-415.67,0
C-43-41745-21,2026-09-17,6.5,49.75,5752.8,5999.63,246.83,0
C-43-46628-21,2026-09-17,2.0,49.75,3163.8,2757.83,-405.97,0
C-43-46370-21,2026-09-17,11.0,49.75,10479.79,9394.7,-1085.09,0
C-43-45947-21,2026-09-17,6.0,49.75,5752.8,5600.98,-151.82,0
C-4169212256,2026-09-17,1.5,49.75,2690.72,2400.36,-290.36,0
C-53-7871967-22,2026-09-17,6.5,49.75,6033.96,5999.63,-34.34,0
C-43-44485-21,2026-09-17,10.5,49.75,10091.15,9035.17,-1055.98,0
C-43-45595-21,2026-09-17,3.5,49.75,3960.27,3797.02,-163.25,0
C-4168177892,2026-09-17,7.5,49.75,6596.29,6799.38,203.09,0
C-43-46364-21,2026-09-17,6.5,49.75,6033.96,5999.63,-34.34,0
C-43-46362-21,2026-09-17,6.0,49.75,5752.8,5600.98,-151.82,0
C-53-7872248-22,2026-09-17,3.5,49.75,3960.27,3797.02,-163.25,0
C-43-46565-21,2026-09-17,4.0,49.75,4275.02,4131.75,-143.27,0
C-43-46278-21,2026-09-17,4.0,49.75,4275.02,4131.75,-143.27,0
C-43-46598-21,2026-09-17,6.5,49.75,6033.96,5999.63,-34.34,0
C-43-46512-21,2026-09-17,6.5,49.75,6033.96,5999.63,-34.34,0
C-4165998686,2026-09-17,12.0,49.75,11258.03,10115.83,-1142.2,0
C-43-46381-21,2026-09-17,5.5,49.75,5471.64,5200.92,-270.72,0
C-43-46253-21,2026-09-17,4.0,49.75,4275.02,4131.75,-143.27,0
C-43-44813-21,2026-09-17,5.0,49.75,4906.43,4800.92,-105.52,0
C-43-46545-21,2026-09-17,11.0,49.75,10479.79,9394.7,-1085.09,0
C-53-7872012-22,2026-09-17,7.0,49.75,6315.13,6400.86,85.73,0
C-43-46457-21,2026-09-17,5.5,49.75,5471.64,5200.92,-270.72,0
C-43-46568-21,2026-09-17,9.0,49.75,7438.82,7944.04,505.22,0
C-43-45190-21,2026-09-17,9.5,49.75,7719.98,8268.57,548.59,0
C-53-7872331-22,2026-09-17,2.0,49.75,3163.8,2757.83,-405.97,0
C-43-46562-21,2026-09-17,5.5,49.75,5471.64,5200.92,-270.72,0
C-43-45135-21,2026-09-17,26.5,49.75,27308.3,20726.49,-6581.81,0
C-53-7872408-22,2026-09-17,4.0,49.75,4275.02,4131.75,-143.27,0
C-43-45687-21,2026-09-17,18.0,49.75,15536.88,14175.82,-1361.06,0
C-43-46621-21,2026-09-17,3.0,49.75,3644.56,3463.67,-180.9,0
C-43-46367-21,2026-09-17,7.5,49.75,6596.29,6799.38,203.09,0
C-43-46152-21,2026-09-17,3.5,49.75,3960.27,3797.02,-163.25,0
C-43-46089-21,2026-09-17,8.5,49.75,6877.45,7599.39,721.94,0
C-43-46662-21,2026-09-17,7.0,49.75,6315.13,6400.86,85.73,0
C-43-46347-21,2026-09-17,9.5,49.75,7719.98,8268.57,548.59,0
C-43-45601-21,2026-09-17,2.0,49.75,3163.8,2757.83,-405.97,0
C-43-45593-21,2026-09-17,7.0,49.75,6315.13,6400.86,85.73,0
C-43-46454-21,2026-09-17,4.5,49.75,4590.73,4468.13,-122.6,0
C-43-46004-21,2026-09-17,7.0,49.75,6315.13,6400.86,85.73,0
C-53-7872309-22,2026-09-17,15.5,49.75,13981.37,12495.16,-1486.21,0
C-43-46375-21,2026-09-17,1.5,49.75,2690.72,2400.36,-290.36,0
C-43-46675-21,2026-09-17,3.5,49.75,3644.56,3797.02,152.46,0
C-43-44496-21,2026-09-17,11.0,49.75,10479.79,9394.7,-1085.09,0
C-53-7871822-22,2026-09-17,5.5,49.75,5471.64,5200.92,-270.72,0
C-53-7872187-22,2026-09-17,3.5,49.75,3960.27,3797.02,-163.25,0
C-53-7871785-22,2026-09-17,9.5,49.75,7719.98,8268.57,548.59,0
C-43-46614-21,2026-09-17,5.0,49.75,4906.43,4800.92,-105.52,0
C-43-46413-21,2026-09-17,6.0,49.75,5752.8,5600.98,-151.82,0
C-43-46035-21,2026-09-17,9.5,49.75,7719.98,8268.57,548.59,0
C-43-46567-21,2026-09-17,4.5,49.75,4590.73,4468.13,-122.6,0
C-43-45957-21,2026-09-17,11.5,49.75,10868.43,9755.76,-1112.67,0
C-43-46354-21,2026-09-17,2.5,49.75,3529.41,3115.66,-413.75,0
C-4169706078,2026-09-17,8.0,49.75,6877.45,7198.5,321.05,0
C-43-46525-21,2026-09-17,6.0,49.75,5752.8,5600.98,-151.82,0
C-43-46609-21,2026-09-17,8.5,49.75,7157.66,7599.39,441.74,0
C-43-46406-21,2026-09-17,2.0,49.75,3163.8,2757.83,-405.97,0
C-53-7872350-22,2026-09-17,6.5,49.75,6033.96,5999.63,-34.34,0
C-43-46169-21,2026-09-17,22.5,49.75,19954.88,17597.96,-2356.92,0
C-43-46145-21,2026-09-17,10.5,49.75,10091.15,9035.17,-1055.98,0
C-43-46509-21,2026-09-17,8.5,49.75,7157.66,7599.39,441.74,0
C-43-46198-21,2026-09-17,6.5,49.75,6033.96,5999.63,-34.34,0
C-53-7872339-22,2026-09-17,6.5,49.75,6033.96,5999.63,-34.34,0
C-43-46450-21,2026-09-17,3.0,49.75,3644.56,3463.67,-180.9,0
C-43-46377-21,2026-09-17,5.5,49.75,5471.64,5200.92,-270.72,0
C-43-45836-21,2026-09-17,3.0,49.75,3644.56,3463.67,-180.9,0
C-43-46437-21,2026-09-17,4.0,49.75,4275.02,4131.75,-143.27,0
C-43-43997-21,2026-09-17,23.0,49.75,20382.86,17989.03,-2393.84,0
C-53-7872288-22,2026-09-17,6.0,49.75,5752.8,5600.98,-151.82,0
C-53-7872407-22,2026-09-17,2.0,49.75,3163.8,2757.83,-405.97,0
C-53-7872348-22,2026-09-17,3.5,49.75,3644.56,3797.02,152.46,0
C-43-45804-21,2026-09-17,8.5,49.75,7157.66,7599.39,441.74,0
C-4171883688,2026-09-17,3.0,49.75,3644.56,3463.67,-180.9,0
C-43-46382-21,2026-09-17,6.5,49.75,6033.96,5999.63,-34.34,0
C-43-46431-21,2026-09-17,5.5,49.75,5471.64,5200.92,-270.72,0
C-43-46398-21,2026-09-17,8.5,49.75,7157.66,7599.39,441.74,0
C-53-7872237-22,2026-09-17,8.0,49.75,6877.45,7198.5,321.05,0
C-53-7872409-22,2026-09-17,3.0,49.75,3644.56,3463.67,-180.9,0
C-43-46279-21,2026-09-17,11.5,49.75,10868.43,9755.76,-1112.67,0
C-53-7872337-22,2026-09-17,5.0,49.75,4906.43,4800.92,-105.52,0
C-43-45188-21,2026-09-17,8.0,49.75,6877.45,7198.5,321.05,0
C-43-46257-21,2026-09-17,7.0,49.75,6315.13,6400.86,85.73,0
C-43-46500-21,2026-09-17,14.0,49.75,12813.54,11485.56,-1327.98,0
C-43-44285-21,2026-09-17,16.5,49.75,14759.61,13166.87,-1592.73,0
C-43-44795-21,2026-09-17,21.5,49.75,19098.92,16815.83,-2283.09,0
C-43-46317-21,2026-09-16,4.0,49.75,4275.02,4131.75,-143.27,0
C-53-7871924-22,2026-09-16,7.0,49.75,6314.17,6400.86,86.69,0
C-43-46590-21,2026-09-16,8.5,49.75,7156.7,7599.39,442.7,0
C-53-7872343-22,2026-09-16,3.5,49.75,3959.31,3797.02,-162.29,0
C-43-46651-21,2026-09-16,6.5,49.75,6033.01,5999.63,-33.38,0
C-43-46285-21,2026-09-16,6.5,49.75,6033.01,5999.63,-33.38,0
C-43-46421-21,2026-09-16,4.5,49.75,4589.77,4468.13,-121.64,0
C-43-46073-21,2026-09-16,22.5,49.75,19951.04,17597.96,-2353.08,0
C-43-45054-21,2026-09-16,5.5,49.75,5470.68,5200.92,-269.76,0
C-43-45610-21,2026-09-16,7.0,49.75,6314.17,6400.86,86.69,0
C-43-46361-21,2026-09-16,7.0,49.75,6033.01,6400.86,367.85,0
C-43-46642-21,2026-09-16,7.0,49.75,6314.17,6400.86,86.69,0
C-43-46177-21,2026-09-16,22.5,49.75,19951.04,17597.96,-2353.08,0
C-53-7872324-22,2026-09-16,8.5,49.75,7156.7,7599.39,442.7,0
C-43-46537-21,2026-09-16,2.0,49.75,3162.84,2757.83,-405.01,0
C-53-7872399-22,2026-09-16,9.5,49.75,7718.06,8268.57,550.51,0
C-43-46170-21,2026-09-16,13.0,49.75,12033.38,10814.49,-1218.9,0
C-43-44078-21,2026-09-16,7.5,49.75,6594.37,6799.38,205.01,0
C-43-45186-21,2026-09-16,8.5,49.75,7156.7,7599.39,442.7,0
C-43-45216-21,2026-09-16,6.0,49.75,5751.84,5600.98,-150.86,0
C-43-45728-21,2026-09-16,14.5,49.75,13200.26,11819.96,-1380.3,0
C-43-46619-21,2026-09-16,1.5,49.75,2797.23,2400.36,-396.87,0
C-53-7872400-22,2026-09-16,14.0,49.75,12811.62,11485.56,-1326.06,0
C-43-46513-21,2026-09-16,5.5,49.75,5470.68,5200.92,-269.76,0
C-43-45780-21,2026-09-16,23.0,49.75,20379.03,17989.03,-2390.0,0
C-43-46310-21,2026-09-16,12.0,49.75,11255.15,10115.83,-1139.32,0
C-43-44520-21,2026-09-16,9.0,49.75,7437.86,7944.04,506.18,0
C-43-45516-21,2026-09-16,9.5,49.75,7718.06,8268.57,550.51,0
C-43-44267-21,2026-09-16,19.5,49.75,17089.52,15189.47,-1900.04,0
C-4146660191,2026-09-16,9.5,49.75,7437.86,8268.57,830.72,0
C-43-45077-21,2026-09-16,5.0,49.75,4905.48,4800.92,-104.56,0
C-43-46090-21,2026-09-16,5.0,49.75,4905.48,4800.92,-104.56,0
C-53-7872364-22,2026-09-16,5.5,49.75,5470.68,5200.92,-269.76,0
C-43-46547-21,2026-09-16,6.0,49.75,5751.84,5600.98,-150.86,0
C-53-7872347-22,2026-09-16,3.0,49.75,3643.6,3463.67,-179.94,0
C-43-46137-21,2026-09-16,7.0,49.75,6314.17,6400.86,86.69,0
C-43-46550-21,2026-09-16,3.5,49.75,3959.31,3797.02,-162.29,0
C-43-45818-21,2026-09-16,9.5,49.75,7718.06,8268.57,550.51,0
C-43-46439-21,2026-09-16,1.5,49.75,2797.23,2400.36,-396.87,0
C-43-44503-21,2026-09-16,14.5,49.75,12811.62,11819.96,-991.66,0
C-43-46630-21,2026-09-16,5.0,49.75,4905.48,4800.92,-104.56,0
C-43-46462-21,2026-09-16,2.5,49.75,3528.45,3115.66,-412.79,0
C-53-7871994-22,2026-09-16,2.5,49.75,3528.45,3115.66,-412.79,0
C-43-46366-21,2026-09-16,17.5,49.75,15534.0,13842.54,-1691.47,0
C-43-46149-21,2026-09-16,8.0,49.75,6875.53,7198.5,322.97,0
C-43-44091-21,2026-09-16,18.5,49.75,16312.24,14512.5,-1799.74,0
C-4164561017,2026-09-16,21.0,49.75,17867.75,16424.77,-1442.99,0
C-43-46371-21,2026-09-16,9.5,49.75,7718.06,8268.57,550.51,0
C-43-45987-21,2026-09-16,27.5,49.75,28158.5,21508.62,-6649.88,0
C-43-42772-21,2026-09-16,6.5,49.75,5751.84,5999.63,247.79,0
C-43-46304-21,2026-09-16,25.5,49.75,26447.54,19944.36,-6503.18,0
C-53-7871658-22,2026-09-16,8.0,49.75,6875.53,7198.5,322.97,0
C-43-46329-21,2026-09-16,3.5,49.75,3959.31,3797.02,-162.29,0
C-43-46569-21,2026-09-16,4.5,49.75,4589.77,4468.13,-121.64,0
C-43-45784-21,2026-09-16,9.5,49.75,7718.06,8268.57,550.51,0
C-53-7872026-22,2026-09-16,9.0,49.75,7437.86,7944.04,506.18,0
C-43-46368-21,2026-09-16,6.0,49.75,5751.84,5600.98,-150.86,0
C-43-46173-21,2026-09-16,6.5,49.75,6033.01,5999.63,-33.38,0
C-43-43906-21,2026-09-16,13.0,49.75,12033.38,10814.49,-1218.9,0
C-53-7872152-22,2026-09-16,4.0,49.75,4275.02,4131.75,-143.27,0
C-43-45731-21,2026-09-15,7.5,49.75,6594.37,6799.38,205.01,0
C-53-7872269-22,2026-09-15,8.5,49.75,7156.7,7599.39,442.7,0
C-43-46444-21,2026-09-15,4.0,49.75,4275.02,4131.75,-143.27,0
C-43-46358-21,2026-09-15,1.5,49.75,2797.23,2400.36,-396.87,0
C-43-44821-21,2026-09-15,18.0,49.75,15922.64,14175.82,-1746.82,0
C-43-45978-21,2026-09-15,8.5,49.75,7156.7,7599.39,442.7,0
C-43-46240-21,2026-09-15,11.0,49.75,10477.87,9394.7,-1083.17,0
C-43-46299-21,2026-09-15,3.5,49.75,3959.31,3797.02,-162.29,0
C-43-45304-21,2026-09-15,13.5,49.75,12422.02,11148.64,-1273.39,0
C-43-44689-21,2026-09-15,2.5,49.75,3528.45,3115.66,-412.79,0
C-43-45422-21,2026-09-15,6.5,49.75,6033.01,5999.63,-33.38,0
C-53-7872272-22,2026-09-15,14.0,49.75,12811.62,11485.56,-1326.06,0
C-43-46111-21,2026-09-15,11.0,49.75,10477.87,9394.7,-1083.17,0
C-43-45217-21,2026-09-15,11.0,49.75,10477.87,9394.7,-1083.17,0
C-53-7872317-22,2026-09-15,4.5,49.75,4589.77,4468.13,-121.64,0
C-43-45167-21,2026-09-15,25.0,49.75,22089.99,19553.29,-2536.7,0
C-43-46380-21,2026-09-15,9.5,49.75,7718.06,8268.57,550.51,0
C-43-46294-21,2026-09-15,7.5,49.75,6594.37,6799.38,205.01,0
C-43-46427-21,2026-09-15,6.5,49.75,6033.01,5999.63,-33.38,0
C-43-46144-21,2026-09-15,15.5,49.75,13978.49,12495.16,-1483.33,0
C-43-46387-21,2026-09-15,3.0,49.75,3643.6,3463.67,-179.94,0
C-53-7872235-22,2026-09-15,3.0,49.75,3643.6,3463.67,-179.94,0
C-43-46446-21,2026-09-15,8.0,49.75,6875.53,7198.5,322.97,0
C-43-46420-21,2026-09-15,14.0,49.75,12811.62,11485.56,-1326.06,0
C-43-45245-21,2026-09-15,6.0,49.75,5751.84,5600.98,-150.86,0
C-43-45880-21,2026-09-15,4.0,49.75,4275.02,4131.75,-143.27,0
C-43-45777-21,2026-09-15,5.5,49.75,5470.68,5200.92,-269.76,0
C-43-45758-21,2026-09-15,5.5,49.75,5470.68,5200.92,-269.76,0
C-43-45941-21,2026-09-15,5.5,49.75,5470.68,5200.92,-269.76,0
C-53-7872285-22,2026-09-15,6.5,49.75,6033.01,5999.63,-33.38,0
C-43-45940-21,2026-09-15,15.5,49.75,13589.86,12495.16,-1094.69,0
C-53-7872177-22,2026-09-15,20.5,49.75,17867.75,16307.26,-1560.5,0
C-43-44615-21,2026-09-15,7.0,49.75,6314.17,6400.86,86.69,0
C-53-7872283-22,2026-09-15,4.0,49.75,3959.31,4131.75,172.44,0
C-43-46141-21,2026-09-15,2.0,49.75,2797.23,2757.83,-39.4,0
C-43-46197-21,2026-09-15,9.0,49.75,7437.86,7944.04,506.18,0
C-43-46389-21,2026-09-15,3.5,49.75,3643.6,3797.02,153.42,0
C-43-46344-21,2026-09-15,5.5,49.75,5470.68,5200.92,-269.76,0
C-53-7872268-22,2026-09-15,13.0,49.75,12033.38,10814.49,-1218.9,0
C-43-46192-21,2026-09-15,7.0,49.75,6314.17,6400.86,86.69,0
C-43-46392-21,2026-09-15,6.5,49.75,6033.01,5999.63,-33.38,0
C-43-46216-21,2026-09-15,5.0,49.75,4905.48,4800.92,-104.56,0
C-4164662251,2026-09-15,8.5,49.75,7156.7,7599.39,442.7,0
C-43-46124-21,2026-09-15,7.5,49.75,6594.37,6799.38,205.01,0
C-53-7872184-22,2026-09-15,4.5,49.75,4589.77,4468.13,-121.64,0
C-43-46360-21,2026-09-15,7.5,49.75,6594.37,6799.38,205.01,0
C-43-46369-21,2026-09-15,7.0,49.75,6314.17,6400.86,86.69,0
C-43-43798-21,2026-09-15,8.0,49.75,6875.53,7198.5,322.97,0
C-43-46220-21,2026-09-15,8.5,49.75,7156.7,7599.39,442.7,0
C-43-46423-21,2026-09-15,6.0,49.75,5470.68,5600.98,130.3,0
C-53-7872244-22,2026-09-15,5.0,49.75,4905.48,4800.92,-104.56,0
C-43-45821-21,2026-09-15,5.5,49.75,5470.68,5200.92,-269.76,0
C-53-7872323-22,2026-09-15,4.5,49.75,4589.77,4468.13,-121.64,0
C-43-45171-21,2026-09-15,7.5,49.75,6594.37,6799.38,205.01,0
C-43-46085-21,2026-09-15,5.0,49.75,4905.48,4800.92,-104.56,0
C-43-46174-21,2026-09-15,6.0,49.75,5751.84,5600.98,-150.86,0
C-53-7872286-22,2026-09-15,2.5,49.75,3528.45,3115.66,-412.79,0
C-43-46426-21,2026-09-15,8.0,49.75,6875.53,7198.5,322.97,0
C-43-45349-21,2026-09-15,5.0,49.75,4905.48,4800.92,-104.56,0
C-43-43535-21,2026-09-15,5.0,49.75,4905.48,4800.92,-104.56,0
C-43-46290-21,2026-09-15,4.0,49.75,4275.02,4131.75,-143.27,0
C-53-7872223-22,2026-09-15,6.5,49.75,6033.01,5999.63,-33.38,0
C-43-44296-21,2026-09-15,4.5,49.75,4589.77,4468.13,-121.64,0
C-43-46125-21,2026-09-15,12.5,49.75,11644.75,10476.8,-1167.94,0
C-43-46293-21,2026-09-15,8.5,49.75,7156.7,7599.39,442.7,0
C-43-46226-21,2026-09-15,9.0,49.75,7437.86,7944.04,506.18,0
C-43-46277-21,2026-09-15,6.0,49.75,5470.68,5600.98,130.3,0
C-43-46393-21,2026-09-15,4.0,49.75,4275.02,4131.75,-143.27,0
C-43-46401-21,2026-09-15,3.5,49.75,3959.31,3797.02,-162.29,0
C-53-7872306-22,2026-09-15,10.5,49.75,10089.23,9035.17,-1054.06,0
C-43-45832-21,2026-09-15,6.0,49.75,5751.84,5600.98,-150.86,0
C-53-7872258-22,2026-09-15,7.5,49.75,6594.37,6799.38,205.01,0
C-43-46067-21,2026-09-15,7.5,49.75,6594.37,6799.38,205.01,0
C-43-45528-21,2026-09-15,8.5,49.75,7156.7,7599.39,442.7,0
C-43-45887-21,2026-09-15,4.0,49.75,4275.02,4131.75,-143.27,0
C-43-45788-21,2026-09-15,6.0,49.75,5751.84,5600.98,-150.86,0
C-43-46077-21,2026-09-15,4.5,49.75,4589.77,4468.13,-121.64,0
C-43-46424-21,2026-09-15,3.5,49.75,3959.31,3797.02,-162.29,0
C-43-46161-21,2026-09-15,6.0,49.75,5470.68,5600.98,130.3,0
C-43-46274-21,2026-09-15,8.0,49.75,6875.53,7198.5,322.97,0
C-43-45707-21,2026-09-15,6.0,49.75,5751.84,5600.98,-150.86,0
C-43-46313-21,2026-09-15,7.0,49.75,6314.17,6400.86,86.69,0
C-43-45577-21,2026-09-15,6.5,49.75,6033.01,5999.63,-33.38,0
C-43-45883-21,2026-09-15,5.0,49.75,4589.77,4800.92,211.15,0
C-43-46309-21,2026-09-15,5.0,49.75,4905.48,4800.92,-104.56,0
C-43-46432-21,2026-09-15,13.0,49.75,12033.38,10814.49,-1218.9,0
C-43-46319-21,2026-09-15,4.0,49.75,4275.02,4131.75,-143.27,0
C-43-46048-21,2026-09-15,5.5,49.75,5470.68,5200.92,-269.76,0
C-43-46312-21,2026-09-15,11.5,49.75,10866.51,9755.76,-1110.75,0
C-43-45561-21,2026-09-15,7.0,49.75,6314.17,6400.86,86.69,0
C-43-46540-21,2026-09-15,10.0,49.75,7999.23,8584.47,585.24,0
C-43-46593-21,2026-09-15,4.5,49.75,4589.77,4468.13,-121.64,0
C-43-46455-21,2026-09-15,10.0,49.75,7999.23,8584.47,585.24,0
C-53-7872391-22,2026-09-15,2.5,49.75,3396.02,3115.66,-280.36,0
C-53-7872382-22,2026-09-15,5.5,49.75,5470.68,5200.92,-269.76,0
C-43-46488-21,2026-09-15,2.0,49.75,2690.72,2757.83,67.12,0
C-53-7872380-22,2026-09-15,2.0,49.75,3162.84,2757.83,-405.01,0
C-43-46467-21,2026-09-15,3.5,49.75,3959.31,3797.02,-162.29,0
C-43-46447-21,2026-09-15,7.0,49.75,6314.17,6400.86,86.69,0
C-53-7872392-22,2026-09-15,7.0,49.75,6314.17,6400.86,86.69,0
C-43-46474-21,2026-09-15,9.5,49.75,7718.06,8268.57,550.51,0
C-43-46458-21,2026-09-15,15.0,49.75,13589.86,12157.39,-1432.46,0
C-43-46560-21,2026-09-15,11.0,49.75,10477.87,9394.7,-1083.17,0
C-43-46519-21,2026-09-15,5.5,49.75,5470.68,5200.92,-269.76,0
C-43-46495-21,2026-09-15,5.5,49.75,5470.68,5200.92,-269.76,0
C-43-46555-21,2026-09-15,5.5,49.75,5470.68,5200.92,-269.76,0
C-53-7872389-22,2026-09-15,3.5,49.75,3959.31,3797.02,-162.29,0
C-43-46533-21,2026-09-15,4.5,49.75,4589.77,4468.13,-121.64,0
C-43-46604-21,2026-09-15,5.0,49.75,4905.48,4800.92,-104.56,0
C-43-46564-21,2026-09-15,7.5,49.75,6594.37,6799.38,205.01,0
C-43-46600-21,2026-09-15,3.5,49.75,3959.31,3797.02,-162.29,0
C-53-7872369-22,2026-09-15,5.5,49.75,5470.68,5200.92,-269.76,0
C-53-7872376-22,2026-09-15,4.5,49.75,4589.77,4468.13,-121.64,0
C-43-46551-21,2026-09-15,3.0,49.75,3643.6,3463.67,-179.94,0
C-43-44824-21,2026-09-15,8.0,49.75,6875.53,7198.5,322.97,0
C-43-46124-21,2026-09-15,7.5,49.75,6594.37,6799.38,205.01,0
C-43-45777-21,2026-09-15,5.5,49.75,5470.68,5200.92,-269.76,0
C-53-7872323-22,2026-09-15,4.5,49.75,4589.77,4468.13,-121.64,0
C-43-46312-21,2026-09-15,11.5,49.75,10866.51,9755.76,-1110.75,0
C-43-44689-21,2026-09-15,2.5,49.75,3528.45,3115.66,-412.79,0
C-43-46455-21,2026-09-15,10.0,49.75,7999.23,8584.47,585.24,0
C-43-46277-21,2026-09-15,6.0,49.75,5470.68,5600.98,130.3,0
C-53-7872376-22,2026-09-15,4.5,49.75,4589.77,4468.13,-121.64,0
C-53-7872184-22,2026-09-15,4.5,49.75,4589.77,4468.13,-121.64,0
C-43-46488-21,2026-09-15,2.0,49.75,2690.72,2757.83,67.12,0
C-43-45940-21,2026-09-15,15.5,49.75,13589.86,12495.16,-1094.69,0
C-53-7872272-22,2026-09-15,14.0,49.75,12811.62,11485.56,-1326.06,0
C-43-46423-21,2026-09-15,6.0,49.75,5470.68,5600.98,130.3,0
C-43-46392-21,2026-09-15,6.5,49.75,6033.01,5999.63,-33.38,0
C-43-46393-21,2026-09-15,4.0,49.75,4275.02,4131.75,-143.27,0
C-43-45422-21,2026-09-15,6.5,49.75,6033.01,5999.63,-33.38,0
C-53-7872285-22,2026-09-15,6.5,49.75,6033.01,5999.63,-33.38,0
C-43-45887-21,2026-09-15,4.0,49.75,4275.02,4131.75,-143.27,0
C-43-46085-21,2026-09-15,5.0,49.75,4905.48,4800.92,-104.56,0
C-43-46299-21,2026-09-15,3.5,49.75,3959.31,3797.02,-162.29,0
C-43-45561-21,2026-09-15,7.0,49.75,6314.17,6400.86,86.69,0
C-43-46389-21,2026-09-15,3.5,49.75,3643.6,3797.02,153.42,0
C-53-7872177-22,2026-09-15,20.5,49.75,17867.75,16307.26,-1560.5,0
C-53-7872283-22,2026-09-15,4.0,49.75,3959.31,4131.75,172.44,0
C-53-7872235-22,2026-09-15,3.0,49.75,3643.6,3463.67,-179.94,0
C-43-46174-21,2026-09-15,6.0,49.75,5751.84,5600.98,-150.86,0
C-4164662251,2026-09-15,8.5,49.75,7156.7,7599.39,442.7,0
C-43-46555-21,2026-09-15,5.5,49.75,5470.68,5200.92,-269.76,0
C-43-46444-21,2026-09-15,4.0,49.75,4275.02,4131.75,-143.27,0
C-43-46495-21,2026-09-15,5.5,49.75,5470.68,5200.92,-269.76,0
C-43-46141-21,2026-09-15,2.0,49.75,2797.23,2757.83,-39.4,0
C-43-46467-21,2026-09-15,3.5,49.75,3959.31,3797.02,-162.29,0
C-43-46344-21,2026-09-15,5.5,49.75,5470.68,5200.92,-269.76,0
C-43-45880-21,2026-09-15,4.0,49.75,4275.02,4131.75,-143.27,0
C-43-46319-21,2026-09-15,4.0,49.75,4275.02,4131.75,-143.27,0
C-43-46125-21,2026-09-15,12.5,49.75,11644.75,10476.8,-1167.94,0
C-43-45528-21,2026-09-15,8.5,49.75,7156.7,7599.39,442.7,0
C-43-46387-21,2026-09-15,3.0,49.75,3643.6,3463.67,-179.94,0
C-43-46290-21,2026-09-15,4.0,49.75,4275.02,4131.75,-143.27,0
C-43-46369-21,2026-09-15,7.0,49.75,6314.17,6400.86,86.69,0
C-43-46226-21,2026-09-15,9.0,49.75,7437.86,7944.04,506.18,0
C-43-45577-21,2026-09-15,6.5,49.75,6033.01,5999.63,-33.38,0
C-43-46560-21,2026-09-15,11.0,49.75,10477.87,9394.7,-1083.17,0
C-43-46564-21,2026-09-15,7.5,49.75,6594.37,6799.38,205.01,0
C-43-44615-21,2026-09-15,7.0,49.75,6314.17,6400.86,86.69,0
C-43-45707-21,2026-09-15,6.0,49.75,5751.84,5600.98,-150.86,0
C-43-46533-21,2026-09-15,4.5,49.75,4589.77,4468.13,-121.64,0
C-43-45941-21,2026-09-15,5.5,49.75,5470.68,5200.92,-269.76,0
C-43-45217-21,2026-09-15,11.0,49.75,10477.87,9394.7,-1083.17,0
C-53-7872269-22,2026-09-15,8.5,49.75,7156.7,7599.39,442.7,0
C-43-45788-21,2026-09-15,6.0,49.75,5751.84,5600.98,-150.86,0
C-53-7872268-22,2026-09-15,13.0,49.75,12033.38,10814.49,-1218.9,0
C-43-46401-21,2026-09-15,3.5,49.75,3959.31,3797.02,-162.29,0
C-43-46446-21,2026-09-15,8.0,49.75,6875.53,7198.5,322.97,0
C-43-45349-21,2026-09-15,5.0,49.75,4905.48,4800.92,-104.56,0
C-43-46447-21,2026-09-15,7.0,49.75,6314.17,6400.86,86.69,0
C-43-46313-21,2026-09-15,7.0,49.75,6314.17,6400.86,86.69,0
C-53-7872389-22,2026-09-15,3.5,49.75,3959.31,3797.02,-162.29,0
C-43-46540-21,2026-09-15,10.0,49.75,7999.23,8584.47,585.24,0
C-43-45304-21,2026-09-15,13.5,49.75,12422.02,11148.64,-1273.39,0
C-53-7872244-22,2026-09-15,5.0,49.75,4905.48,4800.92,-104.56,0
C-43-43535-21,2026-09-15,5.0,49.75,4905.48,4800.92,-104.56,0
C-43-46240-21,2026-09-15,11.0,49.75,10477.87,9394.7,-1083.17,0
C-43-45978-21,2026-09-15,8.5,49.75,7156.7,7599.39,442.7,0
C-53-7872382-22,2026-09-15,5.5,49.75,5470.68,5200.92,-269.76,0
C-43-46216-21,2026-09-15,5.0,49.75,4905.48,4800.92,-104.56,0
C-43-46309-21,2026-09-15,5.0,49.75,4905.48,4800.92,-104.56,0
C-43-45731-21,2026-09-15,7.5,49.75,6594.37,6799.38,205.01,0
C-43-46420-21,2026-09-15,14.0,49.75,12811.62,11485.56,-1326.06,0
C-43-46197-21,2026-09-15,9.0,49.75,7437.86,7944.04,506.18,0
C-43-46432-21,2026-09-15,13.0,49.75,12033.38,10814.49,-1218.9,0
C-43-46067-21,2026-09-15,7.5,49.75,6594.37,6799.38,205.01,0
C-43-46360-21,2026-09-15,7.5,49.75,6594.37,6799.38,205.01,0
C-53-7872286-22,2026-09-15,2.5,49.75,3528.45,3115.66,-412.79,0
C-43-44296-21,2026-09-15,4.5,49.75,4589.77,4468.13,-121.64,0
C-43-46220-21,2026-09-15,8.5,49.75,7156.7,7599.39,442.7,0
C-43-46192-21,2026-09-15,7.0,49.75,6314.17,6400.86,86.69,0
C-53-7872317-22,2026-09-15,4.5,49.75,4589.77,4468.13,-121.64,0
C-43-43798-21,2026-09-15,8.0,49.75,6875.53,7198.5,322.97,0
C-43-46274-21,2026-09-15,8.0,49.75,6875.53,7198.5,322.97,0
C-43-46358-21,2026-09-15,1.5,49.75,2797.23,2400.36,-396.87,0
C-43-46551-21,2026-09-15,3.0,49.75,3643.6,3463.67,-179.94,0
C-43-46380-21,2026-09-15,9.5,49.75,7718.06,8268.57,550.51,0
C-53-7872369-22,2026-09-15,5.5,49.75,5470.68,5200.92,-269.76,0
C-53-7872306-22,2026-09-15,10.5,49.75,10089.23,9035.17,-1054.06,0
C-43-46519-21,2026-09-15,5.5,49.75,5470.68,5200.92,-269.76,0
C-53-7872380-22,2026-09-15,2.0,49.75,3162.84,2757.83,-405.01,0
C-43-46458-21,2026-09-15,15.0,49.75,13589.86,12157.39,-1432.46,0
C-43-46144-21,2026-09-15,15.5,49.75,13978.49,12495.16,-1483.33,0
C-43-46426-21,2026-09-15,8.0,49.75,6875.53,7198.5,322.97,0
C-43-46427-21,2026-09-15,6.5,49.75,6033.01,5999.63,-33.38,0
C-43-45167-21,2026-09-15,25.0,49.75,22089.99,19553.29,-2536.7,0
C-43-46111-21,2026-09-15,11.0,49.75,10477.87,9394.7,-1083.17,0
C-43-46294-21,2026-09-15,7.5,49.75,6594.37,6799.38,205.01,0
C-43-46424-21,2026-09-15,3.5,49.75,3959.31,3797.02,-162.29,0
C-53-7872223-22,2026-09-15,6.5,49.75,6033.01,5999.63,-33.38,0
C-43-46077-21,2026-09-15,4.5,49.75,4589.77,4468.13,-121.64,0
C-43-44821-21,2026-09-15,18.0,49.75,15922.64,14175.82,-1746.82,0
C-43-45171-21,2026-09-15,7.5,49.75,6594.37,6799.38,205.01,0
C-43-46048-21,2026-09-15,5.5,49.75,5470.68,5200.92,-269.76,0
C-53-7872258-22,2026-09-15,7.5,49.75,6594.37,6799.38,205.01,0
C-43-46293-21,2026-09-15,8.5,49.75,7156.7,7599.39,442.7,0
C-43-44824-21,2026-09-15,8.0,49.75,6875.53,7198.5,322.97,0
C-43-46474-21,2026-09-15,9.5,49.75,7718.06,8268.57,550.51,0
C-43-45245-21,2026-09-15,6.0,49.75,5751.84,5600.98,-150.86,0
C-43-45821-21,2026-09-15,5.5,49.75,5470.68,5200.92,-269.76,0
C-43-45883-21,2026-09-15,5.0,49.75,4589.77,4800.92,211.15,0
C-43-45758-21,2026-09-15,5.5,49.75,5470.68,5200.92,-269.76,0
C-43-46161-21,2026-09-15,6.0,49.75,5470.68,5600.98,130.3,0
C-43-45832-21,2026-09-15,6.0,49.75,5751.84,5600.98,-150.86,0
C-43-46600-21,2026-09-15,3.5,49.75,3959.31,3797.02,-162.29,0
C-53-7872392-22,2026-09-15,7.0,49.75,6314.17,6400.86,86.69,0
C-53-7872391-22,2026-09-15,2.5,49.75,3396.02,3115.66,-280.36,0
C-43-46604-21,2026-09-15,5.0,49.75,4905.48,4800.92,-104.56,0
C-43-46593-21,2026-09-15,4.5,49.75,4589.77,4468.13,-121.64,0
C-43-44824-21,2026-09-15,8.0,49.75,6904.32,7198.5,294.18,0
C-43-46151-21,2026-09-12,6.0,46.75,5659.72,5488.78,-170.94,0
C-43-46522-21,2026-09-12,3.0,46.75,3586.03,3394.28,-191.75,0
C-43-44748-21,2026-09-12,6.5,46.75,5936.09,5879.44,-56.65,0
C-43-46308-21,2026-09-12,20.0,46.75,17198.91,15210.26,-1988.65,0
C-43-46157-21,2026-09-12,22.0,46.75,19210.23,16862.18,-2348.05,0
C-43-44292-21,2026-09-12,2.0,46.75,3111.98,2702.59,-409.4,0
C-43-46230-21,2026-09-12,7.0,46.75,6212.45,6272.63,60.17,0
C-43-46029-21,2026-09-12,2.0,46.75,3111.98,2702.59,-409.4,0
C-53-7872209-22,2026-09-12,3.5,46.75,3895.98,3720.95,-175.02,0
C-43-46259-21,2026-09-12,5.0,46.75,4516.84,4704.74,187.9,0
C-53-7872276-22,2026-09-12,2.0,46.75,2993.95,2702.59,-291.37,0
C-53-7872246-22,2026-09-12,5.0,46.75,4826.79,4704.74,-122.05,0
C-43-44867-21,2026-09-12,7.0,46.75,6212.45,6272.63,60.17,0
C-43-46183-21,2026-09-12,7.5,46.75,6488.82,6663.16,174.35,0
C-43-45158-21,2026-09-12,4.5,46.75,4516.84,4378.62,-138.22,0
C-4155595472,2026-09-12,5.5,46.75,5383.36,5096.73,-286.63,0
C-43-45654-21,2026-09-12,10.5,46.75,9927.06,8854.17,-1072.89,0
C-43-45649-21,2026-09-12,3.5,46.75,3895.98,3720.95,-175.02,0
C-43-41771-21,2026-09-12,6.0,46.75,5659.72,5488.78,-170.94,0
C-53-7872125-22,2026-09-12,4.0,46.75,4205.93,4048.98,-156.95,0
C-43-44926-21,2026-09-12,2.0,46.75,2647.54,2702.59,55.05,0
C-53-7872131-22,2026-09-12,5.0,46.75,4826.79,4704.74,-122.05,0
C-43-46409-21,2026-09-12,8.0,46.75,6765.18,7054.29,289.11,0
C-43-43931-21,2026-09-12,2.5,46.75,3471.83,3053.25,-418.59,0
C-43-46295-21,2026-09-12,2.5,46.75,3471.83,3053.25,-418.59,0
C-53-7872316-22,2026-09-12,3.0,46.75,3586.03,3394.28,-191.75,0
C-43-45376-21,2026-09-12,16.0,46.75,14136.83,12575.97,-1560.86,0
C-43-44929-21,2026-09-12,34.0,46.75,33180.09,26059.74,-7120.35,0
C-53-7872197-22,2026-09-12,12.5,46.75,11457.62,10266.92,-1190.71,0
C-43-46456-21,2026-09-12,8.5,46.75,7041.54,7447.15,405.61,0
C-53-7872008-22,2026-09-12,4.0,46.75,4205.93,4048.98,-156.95,0
C-53-7872168-22,2026-09-12,4.5,46.75,4516.84,4378.62,-138.22,0
C-43-45420-21,2026-09-12,8.0,46.75,6765.18,7054.29,289.11,0
C-43-45899-21,2026-09-12,5.5,46.75,5383.36,5096.73,-286.63,0
C-43-46351-21,2026-09-12,6.0,46.75,5659.72,5488.78,-170.94,0
C-43-46264-21,2026-09-12,6.0,46.75,5383.36,5488.78,105.42,0
C-53-7872359-22,2026-09-12,4.5,46.75,4516.84,4378.62,-138.22,0
C-53-7872236-22,2026-09-12,12.0,46.75,11074.74,9913.18,-1161.57,0
C-43-46270-21,2026-09-12,7.0,46.75,6212.45,6272.63,60.17,0
C-43-46357-21,2026-09-12,7.5,46.75,6488.82,6663.16,174.35,0
C-53-7872206-22,2026-09-12,14.5,46.75,12988.19,11583.16,-1405.02,0
C-43-46100-21,2026-09-12,2.5,46.75,3341.33,3053.25,-288.08,0
C-53-7872179-22,2026-09-12,3.0,46.75,3471.83,3394.28,-77.56,0
C-43-41273-21,2026-09-12,17.0,46.75,14519.71,13232.02,-1287.69,0
C-43-45696-21,2026-09-12,5.5,46.75,5383.36,5096.73,-286.63,0
C-53-7872183-22,2026-09-12,3.5,46.75,3895.98,3720.95,-175.02,0
C-43-46405-21,2026-09-12,5.5,46.75,5383.36,5096.73,-286.63,0
C-43-46479-21,2026-09-12,6.0,46.75,5659.72,5488.78,-170.94,0
C-43-42706-21,2026-09-12,6.5,46.75,5936.09,5879.44,-56.65,0
C-53-7872182-22,2026-09-12,6.5,46.75,5936.09,5879.44,-56.65,0
C-43-46034-21,2026-09-12,7.0,46.75,6212.45,6272.63,60.17,0
C-43-46460-21,2026-09-12,17.0,46.75,14902.59,13232.02,-1670.57,0
C-43-46256-21,2026-09-12,4.5,46.75,4516.84,4378.62,-138.22,0
C-53-7872106-22,2026-09-12,6.0,46.75,5659.72,5488.78,-170.94,0
C-53-7871199-22,2026-09-12,5.0,46.75,4826.79,4704.74,-122.05,0
C-4144917931,2026-09-12,6.5,46.75,5936.09,5879.44,-56.65,0
C-43-46397-21,2026-09-12,5.0,46.75,4826.79,4704.74,-122.05,0
C-43-46114-21,2026-09-12,3.0,46.75,3471.83,3394.28,-77.56,0
C-43-46466-21,2026-09-12,6.0,46.75,5659.72,5488.78,-170.94,0
C-43-45897-21,2026-09-12,7.0,46.75,6212.45,6272.63,60.17,0
C-43-46396-21,2026-09-12,38.5,46.75,36968.59,29508.82,-7459.77,0
C-43-44605-21,2026-09-12,5.5,46.75,5383.36,5096.73,-286.63,0
C-43-45369-21,2026-09-12,20.0,46.75,17198.91,15210.26,-1988.65,0
C-43-45584-21,2026-09-12,7.0,46.75,6212.45,6272.63,60.17,0
C-43-46281-21,2026-09-12,1.5,46.75,2647.54,2352.27,-295.26,0
C-43-45364-21,2026-09-12,4.0,46.75,4205.93,4048.98,-156.95,0
C-43-43439-21,2026-09-12,8.0,46.75,6765.18,7054.29,289.11,0
C-43-40039-21,2026-09-12,58.0,46.75,57718.02,43914.51,-13803.52,1
C-43-46245-21,2026-09-12,6.5,46.75,5936.09,5879.44,-56.65,0
C-43-44693-21,2026-09-12,2.5,46.75,3471.83,3053.25,-418.59,0
C-4164582155,2026-09-12,2.5,46.75,3471.83,3053.25,-418.59,0
C-53-7872039-22,2026-09-12,8.5,46.75,7041.54,7447.15,405.61,0
C-43-46229-21,2026-09-12,1.5,46.75,2647.54,2352.27,-295.26,0
C-53-7872242-22,2026-09-12,2.0,46.75,3111.98,2702.59,-409.4,0
C-53-7872312-22,2026-09-12,4.5,46.75,4516.84,4378.62,-138.22,0
C-43-45733-21,2026-09-12,7.0,46.75,6212.45,6272.63,60.17,0
C-43-45010-21,2026-09-12,7.5,46.75,6488.82,6663.16,174.35,0
C-53-7872203-22,2026-09-12,11.0,46.75,10309.94,9206.49,-1103.45,0
C-43-46288-21,2026-09-12,6.0,46.75,5659.72,5488.78,-170.94,0
C-53-7872397-22,2026-09-12,11.5,46.75,10691.86,9560.32,-1131.54,0
C-43-46201-21,2026-09-12,8.0,46.75,6765.18,7054.29,289.11,0
C-43-44292-21,2026-09-12,2.0,46.75,3111.98,2702.59,-409.4,0
C-53-7872106-22,2026-09-12,6.0,46.75,5659.72,5488.78,-170.94,0
C-43-46357-21,2026-09-12,7.5,46.75,6488.82,6663.16,174.35,0
C-43-46460-21,2026-09-12,17.0,46.75,14902.59,13232.02,-1670.57,0
C-43-42706-21,2026-09-12,6.5,46.75,5936.09,5879.44,-56.65,0
C-53-7872236-22,2026-09-12,12.0,46.75,11074.74,9913.18,-1161.57,0
C-53-7872131-22,2026-09-12,5.0,46.75,4826.79,4704.74,-122.05,0
C-43-46230-21,2026-09-12,7.0,46.75,6212.45,6272.63,60.17,0
C-53-7872316-22,2026-09-12,3.0,46.75,3586.03,3394.28,-191.75,0
C-43-43931-21,2026-09-12,2.5,46.75,3471.83,3053.25,-418.59,0
C-43-45899-21,2026-09-12,5.5,46.75,5383.36,5096.73,-286.63,0
C-43-46201-21,2026-09-12,8.0,46.75,6765.18,7054.29,289.11,0
C-4164582155,2026-09-12,2.5,46.75,3471.83,3053.25,-418.59,0
C-53-7872125-22,2026-09-12,4.0,46.75,4205.93,4048.98,-156.95,0
C-53-7872312-22,2026-09-12,4.5,46.75,4516.84,4378.62,-138.22,0
C-43-46183-21,2026-09-12,7.5,46.75,6488.82,6663.16,174.35,0
C-43-44867-21,2026-09-12,7.0,46.75,6212.45,6272.63,60.17,0
C-43-41273-21,2026-09-12,17.0,46.75,14519.71,13232.02,-1287.69,0
C-43-45733-21,2026-09-12,7.0,46.75,6212.45,6272.63,60.17,0
C-43-46466-21,2026-09-12,6.0,46.75,5659.72,5488.78,-170.94,0
C-43-46114-21,2026-09-12,3.0,46.75,3471.83,3394.28,-77.56,0
C-53-7872209-22,2026-09-12,3.5,46.75,3895.98,3720.95,-175.02,0
C-43-46245-21,2026-09-12,6.5,46.75,5936.09,5879.44,-56.65,0
C-53-7872203-22,2026-09-12,11.0,46.75,10309.94,9206.49,-1103.45,0
C-43-45369-21,2026-09-12,20.0,46.75,17198.91,15210.26,-1988.65,0
C-43-46351-21,2026-09-12,6.0,46.75,5659.72,5488.78,-170.94,0
C-43-45649-21,2026-09-12,3.5,46.75,3895.98,3720.95,-175.02,0
C-43-46397-21,2026-09-12,5.0,46.75,4826.79,4704.74,-122.05,0
C-43-45364-21,2026-09-12,4.0,46.75,4205.93,4048.98,-156.95,0
C-53-7872197-22,2026-09-12,12.5,46.75,11457.62,10266.92,-1190.71,0
C-43-44748-21,2026-09-12,6.5,46.75,5936.09,5879.44,-56.65,0
C-53-7872206-22,2026-09-12,14.5,46.75,12988.19,11583.16,-1405.02,0
C-43-46034-21,2026-09-12,7.0,46.75,6212.45,6272.63,60.17,0
C-43-46270-21,2026-09-12,7.0,46.75,6212.45,6272.63,60.17,0
C-43-45654-21,2026-09-12,10.5,46.75,9927.06,8854.17,-1072.89,0
C-43-46396-21,2026-09-12,38.5,46.75,36968.59,29508.82,-7459.77,0
C-43-44605-21,2026-09-12,5.5,46.75,5383.36,5096.73,-286.63,0
C-43-46456-21,2026-09-12,8.5,46.75,7041.54,7447.15,405.61,0
C-43-46256-21,2026-09-12,4.5,46.75,4516.84,4378.62,-138.22,0
C-43-46409-21,2026-09-12,8.0,46.75,6765.18,7054.29,289.11,0
C-43-46479-21,2026-09-12,6.0,46.75,5659.72,5488.78,-170.94,0
C-43-45010-21,2026-09-12,7.5,46.75,6488.82,6663.16,174.35,0
C-43-46264-21,2026-09-12,6.0,46.75,5383.36,5488.78,105.42,0
C-43-46100-21,2026-09-12,2.5,46.75,3341.33,3053.25,-288.08,0
C-43-44926-21,2026-09-12,2.0,46.75,2647.54,2702.59,55.05,0
C-53-7872039-22,2026-09-12,8.5,46.75,7041.54,7447.15,405.61,0
C-43-45696-21,2026-09-12,5.5,46.75,5383.36,5096.73,-286.63,0
C-53-7872246-22,2026-09-12,5.0,46.75,4826.79,4704.74,-122.05,0
C-43-43439-21,2026-09-12,8.0,46.75,6765.18,7054.29,289.11,0
C-53-7872397-22,2026-09-12,11.5,46.75,10691.86,9560.32,-1131.54,0
C-53-7871199-22,2026-09-12,5.0,46.75,4826.79,4704.74,-122.05,0
C-4144917931,2026-09-12,6.5,46.75,5936.09,5879.44,-56.65,0
C-53-7872168-22,2026-09-12,4.5,46.75,4516.84,4378.62,-138.22,0
C-53-7872183-22,2026-09-12,3.5,46.75,3895.98,3720.95,-175.02,0
C-43-46405-21,2026-09-12,5.5,46.75,5383.36,5096.73,-286.63,0
C-43-45376-21,2026-09-12,16.0,46.75,14136.83,12575.97,-1560.86,0
C-43-44693-21,2026-09-12,2.5,46.75,3471.83,3053.25,-418.59,0
C-53-7872008-22,2026-09-12,4.0,46.75,4205.93,4048.98,-156.95,0
C-43-46522-21,2026-09-12,3.0,46.75,3586.03,3394.28,-191.75,0
C-43-46308-21,2026-09-12,20.0,46.75,17198.91,15210.26,-1988.65,0
C-53-7872359-22,2026-09-12,4.5,46.75,4516.84,4378.62,-138.22,0
C-43-46288-21,2026-09-12,6.0,46.75,5659.72,5488.78,-170.94,0
C-43-46151-21,2026-09-12,6.0,46.75,5659.72,5488.78,-170.94,0
C-53-7872179-22,2026-09-12,3.0,46.75,3471.83,3394.28,-77.56,0
C-53-7872182-22,2026-09-12,6.5,46.75,5936.09,5879.44,-56.65,0
C-43-40039-21,2026-09-12,58.0,46.75,57718.02,43914.51,-13803.52,1
C-43-46029-21,2026-09-12,2.0,46.75,3111.98,2702.59,-409.4,0
C-43-44929-21,2026-09-12,34.0,46.75,33180.09,26059.74,-7120.35,0
C-53-7872242-22,2026-09-12,2.0,46.75,3111.98,2702.59,-409.4,0
C-43-46295-21,2026-09-12,2.5,46.75,3471.83,3053.25,-418.59,0
C-4155595472,2026-09-12,5.5,46.75,5383.36,5096.73,-286.63,0
C-43-45897-21,2026-09-12,7.0,46.75,6212.45,6272.63,60.17,0
C-53-7872276-22,2026-09-12,2.0,46.75,2993.95,2702.59,-291.37,0
C-43-45158-21,2026-09-12,4.5,46.75,4516.84,4378.62,-138.22,0
C-43-46157-21,2026-09-12,22.0,46.75,19210.23,16862.18,-2348.05,0
C-43-46259-21,2026-09-12,5.0,46.75,4516.84,4704.74,187.9,0
C-43-45584-21,2026-09-12,7.0,46.75,6212.45,6272.63,60.17,0
C-43-46229-21,2026-09-12,1.5,46.75,2647.54,2352.27,-295.26,0
C-43-45420-21,2026-09-12,8.0,46.75,6765.18,7054.29,289.11,0
C-43-41771-21,2026-09-12,6.0,46.75,5659.72,5488.78,-170.94,0
C-43-46281-21,2026-09-12,1.5,46.75,2647.54,2352.27,-295.26,0
C-43-46060-21,2026-09-11,4.5,46.75,4516.84,4378.62,-138.22,0
C-43-46330-21,2026-09-11,10.5,46.75,9927.06,8854.17,-1072.89,0
C-43-46291-21,2026-09-11,2.0,46.75,2993.95,2702.59,-291.37,0
C-43-45299-21,2026-09-11,3.5,46.75,3895.98,3720.95,-175.02,0
C-43-43889-21,2026-09-11,8.0,46.75,6765.18,7054.29,289.11,0
C-43-46452-21,2026-09-11,3.0,46.75,3586.03,3394.28,-191.75,0
C-43-45656-21,2026-09-11,8.0,46.75,6765.18,7054.29,289.11,0
C-53-7871863-22,2026-09-11,15.5,46.75,13371.07,12244.84,-1126.22,0
C-43-46131-21,2026-09-11,1.5,46.75,2752.13,2352.27,-399.86,0
C-53-7872267-22,2026-09-11,11.0,46.75,9927.06,9206.49,-720.57,0
C-43-45748-21,2026-09-11,7.5,46.75,6488.82,6663.16,174.35,0
C-43-46168-21,2026-09-11,6.0,46.75,5659.72,5488.78,-170.94,0
C-53-7871995-22,2026-09-11,7.5,46.75,6488.82,6663.16,174.35,0
C-53-7872318-22,2026-09-11,11.5,46.75,10691.86,9560.32,-1131.54,0
C-43-46399-21,2026-09-11,8.0,46.75,6765.18,7054.29,289.11,0
C-43-46112-21,2026-09-11,8.5,46.75,7041.54,7447.15,405.61,0
C-43-45651-21,2026-09-11,9.5,46.75,7594.27,8102.93,508.65,0
C-53-7872104-22,2026-09-11,1.5,46.75,2752.13,2352.27,-399.86,0
C-43-46337-21,2026-09-11,11.5,46.75,10691.86,9560.32,-1131.54,0
C-43-46552-21,2026-09-11,9.5,46.75,7317.91,8102.93,785.02,0
C-43-45839-21,2026-09-11,6.5,46.75,5936.09,5879.44,-56.65,0
C-43-44758-21,2026-09-11,11.5,46.75,10691.86,9560.32,-1131.54,0
C-53-7872041-22,2026-09-11,9.0,46.75,7317.91,7784.89,466.98,0
C-43-46175-21,2026-09-11,5.0,46.75,4826.79,4704.74,-122.05,0
C-43-44474-21,2026-09-11,8.0,46.75,6765.18,7054.29,289.11,0
C-43-46355-21,2026-09-11,6.0,46.75,5659.72,5488.78,-170.94,0
C-53-7872233-22,2026-09-11,8.0,46.75,6488.82,7054.29,565.48,0
C-43-45908-21,2026-09-11,5.0,46.75,4826.79,4704.74,-122.05,0
C-43-46541-21,2026-09-11,2.0,46.75,2993.95,2702.59,-291.37,0
C-43-43299-21,2026-09-11,13.5,46.75,12223.38,10925.29,-1298.09,0
C-43-46297-21,2026-09-11,4.5,46.75,4516.84,4378.62,-138.22,0
C-43-45823-21,2026-09-11,5.0,46.75,4826.79,4704.74,-122.05,0
C-43-44524-21,2026-09-11,5.5,46.75,5383.36,5096.73,-286.63,0
C-4164569623,2026-09-11,5.5,46.75,5383.36,5096.73,-286.63,0
C-4135620308,2026-09-11,10.5,46.75,9927.06,8854.17,-1072.89,0
C-43-46271-21,2026-09-11,2.5,46.75,3471.83,3053.25,-418.59,0
C-43-45778-21,2026-09-11,5.0,46.75,4826.79,4704.74,-122.05,0
C-43-45177-21,2026-09-11,5.5,46.75,5383.36,5096.73,-286.63,0
C-43-46159-21,2026-09-11,4.5,46.75,4516.84,4378.62,-138.22,0
C-53-7872241-22,2026-09-11,5.5,46.75,5383.36,5096.73,-286.63,0
C-43-46121-21,2026-09-11,5.0,46.75,4826.79,4704.74,-122.05,0
C-53-7872261-22,2026-09-11,7.5,46.75,6488.82,6663.16,174.35,0
C-43-44932-21,2026-09-11,11.0,46.75,10309.94,9206.49,-1103.45,0
C-53-7872144-22,2026-09-11,3.0,46.75,3586.03,3394.28,-191.75,0
C-53-7872163-22,2026-09-11,12.0,46.75,11074.74,9913.18,-1161.57,0
C-53-7872081-22,2026-09-11,2.0,46.75,3111.98,2702.59,-409.4,0
C-43-44281-21,2026-09-11,5.5,46.75,5383.36,5096.73,-286.63,0
C-43-45775-21,2026-09-11,5.5,46.75,5383.36,5096.73,-286.63,0
C-53-7872027-22,2026-09-11,10.0,46.75,7870.64,8412.49,541.86,0
C-43-45306-21,2026-09-11,5.5,46.75,5383.36,5096.73,-286.63,0
C-43-46251-21,2026-09-11,6.0,46.75,5659.72,5488.78,-170.94,0
C-43-45688-21,2026-09-11,11.5,46.75,10691.86,9560.32,-1131.54,0
C-43-45393-21,2026-09-11,5.0,46.75,4826.79,4704.74,-122.05,0
C-53-7872201-22,2026-09-11,3.0,46.75,3586.03,3394.28,-191.75,0
C-53-7872352-22,2026-09-11,3.5,46.75,3895.98,3720.95,-175.02,0
C-43-46517-21,2026-09-11,5.5,46.75,5383.36,5096.73,-286.63,0
C-4161902012,2026-09-11,14.5,46.75,12988.19,11583.16,-1405.02,0
C-53-7872262-22,2026-09-11,4.5,46.75,4516.84,4378.62,-138.22,0
C-53-7872072-22,2026-09-11,4.5,46.75,4516.84,4378.62,-138.22,0
C-53-7872282-22,2026-09-11,6.0,46.75,5659.72,5488.78,-170.94,0
C-43-46222-21,2026-09-11,21.5,46.75,18788.97,16478.95,-2310.02,0
C-4152514638,2026-09-11,10.0,46.75,7870.64,8412.49,541.86,0
C-43-46116-21,2026-09-11,7.0,46.75,6212.45,6272.63,60.17,0
C-53-7872219-22,2026-09-11,6.0,46.75,5659.72,5488.78,-170.94,0
C-43-45867-21,2026-09-11,4.5,46.75,4516.84,4378.62,-138.22,0
C-4148876059,2026-09-11,18.5,46.75,16050.27,14221.76,-1828.51,0
C-43-45910-21,2026-09-11,9.0,46.75,7317.91,7784.89,466.98,0
C-4132745886,2026-09-11,6.5,46.75,5936.09,5879.44,-56.65,0
C-53-7872307-22,2026-09-11,6.5,46.75,5936.09,5879.44,-56.65,0
C-43-45812-21,2026-09-11,2.5,46.75,2993.95,3053.25,59.29,0
C-43-45182-21,2026-09-11,8.0,46.75,6765.18,7054.29,289.11,0
C-53-7871991-22,2026-09-11,8.0,46.75,6765.18,7054.29,289.11,0
C-53-7872129-22,2026-09-11,10.0,46.75,7594.27,8412.49,818.22,0
C-43-46286-21,2026-09-11,6.0,46.75,5659.72,5488.78,-170.94,0
C-43-46185-21,2026-09-11,6.0,46.75,5659.72,5488.78,-170.94,0
C-43-45787-21,2026-09-11,4.5,46.75,4516.84,4378.62,-138.22,0
C-43-46527-21,2026-09-11,2.5,46.75,3341.33,3053.25,-288.08,0
C-43-45169-21,2026-09-11,7.5,46.75,6488.82,6663.16,174.35,0
C-43-46343-21,2026-09-11,4.5,46.75,4516.84,4378.62,-138.22,0
C-43-42957-21,2026-09-11,30.5,46.75,30233.16,23377.12,-6856.04,0
C-43-46086-21,2026-09-11,5.5,46.75,5383.36,5096.73,-286.63,0
C-43-46267-21,2026-09-11,4.0,46.75,4205.93,4048.98,-156.95,0
C-43-46172-21,2026-09-11,5.5,46.75,5383.36,5096.73,-286.63,0
C-43-45826-21,2026-09-10,2.0,46.75,2997.79,2702.59,-295.2,0
C-43-42892-21,2026-09-10,8.5,46.75,7051.14,7447.15,396.01,0
C-53-7872118-22,2026-09-10,2.5,46.75,3476.63,3053.25,-423.39,0
C-53-7872085-22,2026-09-10,11.0,46.75,9939.54,9206.49,-733.05,0
C-43-45697-21,2026-09-10,9.0,46.75,7327.51,7784.89,457.39,0
C-43-44985-21,2026-09-10,6.0,46.75,5666.44,5488.78,-177.66,0
C-43-44721-21,2026-09-10,10.0,46.75,7603.87,8412.49,808.62,0
C-43-44573-21,2026-09-10,8.5,46.75,7051.14,7447.15,396.01,0
C-53-7871894-22,2026-09-10,6.0,46.75,5666.44,5488.78,-177.66,0
C-43-45522-21,2026-09-10,6.0,46.75,5666.44,5488.78,-177.66,0
C-43-43816-21,2026-09-10,3.5,46.75,3589.86,3720.95,131.09,0
C-43-43225-21,2026-09-10,8.0,46.75,6773.82,7054.29,280.48,0
C-4144666513,2026-09-10,11.5,46.75,10705.3,9560.32,-1144.98,0
C-43-45365-21,2026-09-10,4.5,46.75,4521.64,4378.62,-143.02,0
C-43-45711-21,2026-09-10,6.5,46.75,5666.44,5879.44,213.0,0
C-43-45570-21,2026-09-10,7.5,46.75,6497.45,6663.16,165.71,0
C-43-45798-21,2026-09-10,24.5,46.75,21341.5,18778.34,-2563.16,0
C-43-45828-21,2026-09-10,8.5,46.75,7051.14,7447.15,396.01,0
C-53-7872066-22,2026-09-10,4.5,46.75,4521.64,4378.62,-143.02,0
C-53-7872130-22,2026-09-10,7.0,46.75,6220.13,6272.63,52.5,0
C-43-44472-21,2026-09-10,5.0,46.75,4832.55,4704.74,-127.81,0
C-43-45464-21,2026-09-10,32.5,46.75,31956.6,24910.04,-7046.55,0
C-43-43109-21,2026-09-10,6.5,46.75,5943.76,5879.44,-64.33,0
C-53-7871982-22,2026-09-10,10.0,46.75,7881.19,8412.49,531.3,0
C-43-43713-21,2026-09-10,10.5,46.75,9939.54,8854.17,-1085.37,0
C-43-42229-21,2026-09-10,36.0,46.75,34907.37,27592.67,-7314.7,0
C-43-43115-21,2026-09-10,6.0,46.75,5666.44,5488.78,-177.66,0
C-53-7872167-22,2026-09-10,11.5,46.75,10705.3,9560.32,-1144.98,0
C-43-45214-21,2026-09-10,7.0,46.75,6220.13,6272.63,52.5,0
C-43-45454-21,2026-09-10,8.0,46.75,6773.82,7054.29,280.48,0
C-53-7872139-22,2026-09-10,4.0,46.75,4211.68,4048.98,-162.71,0
C-43-44054-21,2026-09-10,1.5,46.75,2650.42,2352.27,-298.14,0
C-43-45409-21,2026-09-10,20.0,46.75,17220.02,15210.26,-2009.76,0
C-53-7872113-22,2026-09-10,7.5,46.75,6497.45,6663.16,165.71,0
C-43-45529-21,2026-09-10,8.0,46.75,6773.82,7054.29,280.48,0
C-53-7872141-22,2026-09-10,4.0,46.75,4211.68,4048.98,-162.71,0
C-43-44585-21,2026-09-10,5.5,46.75,5390.07,5096.73,-293.34,0
C-53-7872033-22,2026-09-10,2.0,46.75,3115.82,2702.59,-413.24,0
C-4155814300,2026-09-10,5.5,46.75,5390.07,5096.73,-293.34,0
C-43-44913-21,2026-09-10,10.5,46.75,7881.19,8854.17,972.97,0
C-43-44983-21,2026-09-10,14.5,46.75,13004.5,11583.16,-1421.34,0
C-4136981486,2026-09-10,6.5,46.75,5943.76,5879.44,-64.33,0
C-43-44634-21,2026-09-10,7.0,46.75,6220.13,6272.63,52.5,0
C-53-7872060-22,2026-09-10,12.0,46.75,11089.14,9913.18,-1175.96,0
C-4158024917,2026-09-10,7.0,46.75,6220.13,6272.63,52.5,0
C-43-40684-21,2026-09-10,15.0,46.75,13388.34,11913.84,-1474.5,0
C-43-44564-21,2026-09-10,13.0,46.75,11854.9,10597.84,-1257.06,0
C-43-44957-21,2026-09-10,19.5,46.75,16837.14,14885.18,-1951.96,0
C-43-43685-21,2026-09-10,4.0,46.75,4211.68,4048.98,-162.71,0
C-43-45495-21,2026-09-10,3.5,46.75,3900.77,3720.95,-179.82,0
C-43-45500-21,2026-09-10,6.5,46.75,5943.76,5879.44,-64.33,0
C-43-45130-21,2026-09-10,10.0,46.75,7603.87,8412.49,808.62,0
C-43-42680-21,2026-09-10,4.5,46.75,4521.64,4378.62,-143.02,0
C-43-45533-21,2026-09-10,2.0,46.75,2755.97,2702.59,-53.39,0
C-43-44397-21,2026-09-10,11.5,46.75,10705.3,9560.32,-1144.98,0
C-43-45452-21,2026-09-10,5.5,46.75,5390.07,5096.73,-293.34,0
C-43-41128-21,2026-09-10,1.5,46.75,2650.42,2352.27,-298.14,0
C-43-46326-21,2026-09-10,4.5,46.75,4521.64,4378.62,-143.02,0
C-43-46448-21,2026-09-10,13.0,46.75,11472.02,10597.84,-874.18,0
C-43-45945-21,2026-09-10,20.0,46.75,17220.02,15210.26,-2009.76,0
C-43-46208-21,2026-09-10,7.5,46.75,6497.45,6663.16,165.71,0
C-53-7872240-22,2026-09-10,3.0,46.75,3589.86,3394.28,-195.59,0
C-43-46156-21,2026-09-10,12.5,46.75,11472.02,10266.92,-1205.1,0
C-43-45977-21,2026-09-10,4.5,46.75,4521.64,4378.62,-143.02,0
C-43-46204-21,2026-09-10,8.0,46.75,6773.82,7054.29,280.48,0
C-53-7872186-22,2026-09-10,3.5,46.75,3900.77,3720.95,-179.82,0
C-43-45962-21,2026-09-10,11.0,46.75,10322.42,9206.49,-1115.93,0
C-43-46059-21,2026-09-10,6.0,46.75,5666.44,5488.78,-177.66,0
C-43-45861-21,2026-09-10,8.0,46.75,6773.82,7054.29,280.48,0
C-43-45841-21,2026-09-10,6.0,46.75,5666.44,5488.78,-177.66,0
C-43-45847-21,2026-09-10,1.5,46.75,2650.42,2352.27,-298.14,0
C-43-45844-21,2026-09-10,5.5,46.75,5390.07,5096.73,-293.34,0
C-53-7872239-22,2026-09-10,1.5,46.75,2755.97,2352.27,-403.7,0
C-53-7872270-22,2026-09-10,6.0,46.75,5666.44,5488.78,-177.66,0
C-53-7872238-22,2026-09-10,11.0,46.75,10322.42,9206.49,-1115.93,0
C-43-46134-21,2026-09-10,8.5,46.75,6773.82,7447.15,673.33,0
C-53-7872215-22,2026-09-10,15.0,46.75,13004.5,11913.84,-1090.66,0
C-53-7872273-22,2026-09-10,3.5,46.75,3900.77,3720.95,-179.82,0
C-43-46002-21,2026-09-10,22.0,46.75,19234.22,16862.18,-2372.04,0
C-43-46190-21,2026-09-10,3.5,46.75,3900.77,3720.95,-179.82,0
C-53-7872259-22,2026-09-10,9.5,46.75,7603.87,8102.93,499.06,0
C-53-7872271-22,2026-09-10,4.0,46.75,3900.77,4048.98,148.2,0
C-43-46167-21,2026-09-10,4.5,46.75,4521.64,4378.62,-143.02,0
C-4163393718,2026-09-10,7.0,46.75,6220.13,6272.63,52.5,0
C-43-45926-21,2026-09-10,15.0,46.75,13388.34,11913.84,-1474.5,0
C-43-46104-21,2026-09-10,4.0,46.75,3900.77,4048.98,148.2,0
C-43-45965-21,2026-09-10,6.0,46.75,5666.44,5488.78,-177.66,0
C-43-46054-21,2026-09-10,11.5,46.75,10705.3,9560.32,-1144.98,0
C-43-46318-21,2026-09-10,6.0,46.75,5666.44,5488.78,-177.66,0
C-43-45898-21,2026-09-10,6.0,46.75,5666.44,5488.78,-177.66,0
C-43-45997-21,2026-09-10,6.0,46.75,5666.44,5488.78,-177.66,0
C-43-45963-21,2026-09-10,5.5,46.75,5390.07,5096.73,-293.34,0
C-43-46203-21,2026-09-10,4.0,46.75,4211.68,4048.98,-162.71,0
C-43-46298-21,2026-09-10,2.0,46.75,3115.82,2702.59,-413.24,0
C-53-7872277-22,2026-09-10,4.0,46.75,4211.68,4048.98,-162.71,0
C-43-46193-21,2026-09-10,5.5,46.75,5390.07,5096.73,-293.34,0
C-43-46246-21,2026-09-10,6.0,46.75,5666.44,5488.78,-177.66,0
C-43-45896-21,2026-09-10,1.5,46.75,2755.97,2352.27,-403.7,0
C-43-46118-21,2026-09-10,8.5,46.75,7051.14,7447.15,396.01,0
C-43-46099-21,2026-09-10,6.5,46.75,5943.76,5879.44,-64.33,0
C-43-46262-21,2026-09-10,5.0,46.75,4521.64,4704.74,183.1,0
C-43-45966-21,2026-09-10,14.5,46.75,13004.5,11583.16,-1421.34,0
C-53-7872195-22,2026-09-10,6.0,46.75,5666.44,5488.78,-177.66,0
C-43-46106-21,2026-09-10,7.5,46.75,6497.45,6663.16,165.71,0
C-43-46303-21,2026-09-10,17.0,46.75,14920.82,13232.02,-1688.8,0
C-43-46232-21,2026-09-10,2.5,46.75,2997.79,3053.25,55.45,0
C-43-46123-21,2026-09-10,4.0,46.75,4211.68,4048.98,-162.71,0
C-53-7872274-22,2026-09-10,8.5,46.75,7051.14,7447.15,396.01,0
C-4161937133,2026-09-10,21.0,46.75,18390.73,16095.72,-2295.01,0
C-43-46132-21,2026-09-10,6.5,46.75,5943.76,5879.44,-64.33,0
C-43-45969-21,2026-09-10,8.5,46.75,7051.14,7447.15,396.01,0
C-53-7872185-22,2026-09-10,4.0,46.75,4211.68,4048.98,-162.71,0
C-43-46103-21,2026-09-10,5.0,46.75,4832.55,4704.74,-127.81,0
C-43-45951-21,2026-09-10,6.5,46.75,5943.76,5879.44,-64.33,0
C-43-46143-21,2026-09-10,3.5,46.75,3900.77,3720.95,-179.82,0
C-43-45948-21,2026-09-10,6.5,46.75,5943.76,5879.44,-64.33,0
C-53-7872196-22,2026-09-10,2.0,46.75,3115.82,2702.59,-413.24,0
C-43-46233-21,2026-09-10,6.5,46.75,5943.76,5879.44,-64.33,0
C-43-46096-21,2026-09-10,3.0,46.75,3589.86,3394.28,-195.59,0
C-53-7872265-22,2026-09-10,8.0,46.75,6773.82,7054.29,280.48,0
C-4163308396,2026-09-10,4.5,46.75,4521.64,4378.62,-143.02,0
C-53-7872263-22,2026-09-10,1.5,46.75,2650.42,2352.27,-298.14,0
C-53-7872204-22,2026-09-10,7.0,46.75,6220.13,6272.63,52.5,0
C-43-46127-21,2026-09-10,5.0,46.75,4832.55,4704.74,-127.81,0
C-43-46189-21,2026-09-10,4.5,46.75,4521.64,4378.62,-143.02,0
C-43-46142-21,2026-09-10,7.5,46.75,6497.45,6663.16,165.71,0
C-43-46228-21,2026-09-10,6.5,46.75,5943.76,5879.44,-64.33,0
C-43-46346-21,2026-09-10,8.0,46.75,6773.82,7054.29,280.48,0
C-53-7872193-22,2026-09-10,4.5,46.75,4521.64,4378.62,-143.02,0
C-43-45538-21,2026-09-10,2.5,46.75,3148.45,3053.25,-95.2,0
C-53-7872226-22,2026-09-09,12.0,46.75,11127.52,9913.18,-1214.34,0
C-43-45663-21,2026-09-09,8.0,46.75,6797.81,7054.29,256.49,0
C-53-7872192-22,2026-09-09,7.0,46.75,6242.2,6272.63,30.43,0
C-43-43909-21,2026-09-09,6.5,46.75,5963.91,5879.44,-84.48,0
C-43-45854-21,2026-09-09,5.0,46.75,4849.82,4704.74,-145.08,0
C-43-46098-21,2026-09-09,9.0,46.75,7352.46,7784.89,432.44,0
C-43-45931-21,2026-09-09,10.5,46.75,9974.08,8854.17,-1119.91,0
C-43-46084-21,2026-09-09,4.5,46.75,4537.95,4378.62,-159.33,0
C-43-45918-21,2026-09-09,9.5,46.75,7630.74,8102.93,472.19,0
C-43-46039-21,2026-09-09,12.0,46.75,11127.52,9913.18,-1214.34,0
C-43-45716-21,2026-09-09,2.0,46.75,3008.35,2702.59,-305.76,0
C-43-45972-21,2026-09-09,4.5,46.75,4537.95,4378.62,-159.33,0
C-43-46182-21,2026-09-09,10.5,46.75,9974.08,8854.17,-1119.91,0
C-43-45894-21,2026-09-09,5.5,46.75,5408.31,5096.73,-311.57,0
C-43-46212-21,2026-09-09,10.5,46.75,9974.08,8854.17,-1119.91,0
C-43-43031-21,2026-09-09,6.5,46.75,5963.91,5879.44,-84.48,0
C-43-45122-21,2026-09-09,20.5,46.75,17664.32,15980.57,-1683.75,0
C-4152457959,2026-09-09,6.0,46.75,5686.59,5488.78,-197.81,0
C-43-46147-21,2026-09-09,5.0,46.75,4849.82,4704.74,-145.08,0
C-43-45368-21,2026-09-09,7.0,46.75,6242.2,6272.63,30.43,0
C-43-44471-21,2026-09-09,7.5,46.75,6519.52,6663.16,143.64,0
C-53-7872249-22,2026-09-09,18.0,46.75,15741.28,13891.83,-1849.45,0
C-43-46016-21,2026-09-09,6.0,46.75,5686.59,5488.78,-197.81,0
C-43-46219-21,2026-09-09,7.5,46.75,6519.52,6663.16,143.64,0
C-43-45460-21,2026-09-09,1.5,46.75,2403.8,2352.27,-51.52,0
C-4154938065,2026-09-09,15.0,46.75,13434.4,11913.84,-1520.56,0
C-43-45973-21,2026-09-09,4.5,46.75,4537.95,4378.62,-159.33,0
C-43-46046-21,2026-09-09,5.0,46.75,4849.82,4704.74,-145.08,0
C-53-7871765-22,2026-09-09,10.5,46.75,9974.08,8854.17,-1119.91,0
C-43-45857-21,2026-09-09,4.5,46.75,4537.95,4378.62,-159.33,0
C-43-45824-21,2026-09-09,1.5,46.75,2765.57,2352.27,-413.29,0
C-43-46091-21,2026-09-09,10.0,46.75,7630.74,8412.49,781.76,0
C-53-7871828-22,2026-09-09,6.0,46.75,5686.59,5488.78,-197.81,0
C-43-46122-21,2026-09-09,5.5,46.75,5408.31,5096.73,-311.57,0
C-43-46088-21,2026-09-09,5.0,46.75,4849.82,4704.74,-145.08,0
C-43-46065-21,2026-09-09,7.5,46.75,6519.52,6663.16,143.64,0
C-53-7872097-22,2026-09-09,12.0,46.75,11127.52,9913.18,-1214.34,0
C-43-46205-21,2026-09-09,5.5,46.75,4849.82,5096.73,246.91,0
C-43-45822-21,2026-09-09,5.5,46.75,5408.31,5096.73,-311.57,0
C-43-46003-21,2026-09-09,7.0,46.75,6242.2,6272.63,30.43,0
C-43-45802-21,2026-09-09,3.5,46.75,3914.21,3720.95,-193.26,0
C-43-45028-21,2026-09-09,13.0,46.75,11896.16,10597.84,-1298.32,0
C-43-45968-21,2026-09-09,4.5,46.75,4537.95,4378.62,-159.33,0
C-53-7872111-22,2026-09-09,14.5,46.75,13049.6,11583.16,-1466.44,0
C-43-43871-21,2026-09-09,3.5,46.75,3914.21,3720.95,-193.26,0
C-43-45856-21,2026-09-09,4.0,46.75,4226.08,4048.98,-177.1,0
C-43-45971-21,2026-09-09,4.5,46.75,4537.95,4378.62,-159.33,0
C-43-45866-21,2026-09-09,6.5,46.75,5963.91,5879.44,-84.48,0
C-43-45673-21,2026-09-09,18.0,46.75,15741.28,13891.83,-1849.45,0
C-43-46194-21,2026-09-09,5.0,46.75,4849.82,4704.74,-145.08,0
C-43-46195-21,2026-09-09,3.5,46.75,3914.21,3720.95,-193.26,0
C-43-44143-21,2026-09-09,5.5,46.75,5408.31,5096.73,-311.57,0
C-43-45942-21,2026-09-09,17.5,46.75,15357.44,13565.23,-1792.21,0
C-53-7872059-22,2026-09-09,11.0,46.75,10358.88,9206.49,-1152.39,0
C-53-7872123-22,2026-09-08,2.0,46.75,3135.97,2702.59,-433.39,0
C-43-41901-21,2026-09-08,5.5,46.75,5424.62,5096.73,-327.89,0
C-43-45631-21,2026-09-08,5.5,46.75,5424.62,5096.73,-327.89,0
C-43-45542-21,2026-09-08,7.0,46.75,6260.43,6272.63,12.19,0
C-43-45316-21,2026-09-08,8.0,46.75,6817.96,7054.29,236.33,0
C-43-46207-21,2026-09-08,7.0,46.75,6260.43,6272.63,12.19,0
C-43-44212-21,2026-09-08,8.0,46.75,6538.71,7054.29,515.58,0
C-43-45446-21,2026-09-08,5.5,46.75,5424.62,5096.73,-327.89,0
C-43-43868-21,2026-09-08,2.5,46.75,3498.7,3053.25,-445.46,0
C-43-46165-21,2026-09-08,6.5,46.75,5982.15,5879.44,-102.71,0
C-43-40955-21,2026-09-08,2.0,46.75,3135.97,2702.59,-433.39,0
C-53-7872212-22,2026-09-08,3.5,46.75,3925.72,3720.95,-204.77,0
C-43-44252-21,2026-09-08,2.0,46.75,3135.97,2702.59,-433.39,0
C-43-45879-21,2026-09-08,7.0,46.75,6260.43,6272.63,12.19,0
C-43-40816-21,2026-09-08,19.5,46.75,16945.58,14885.18,-2060.4,0
C-43-45806-21,2026-09-08,6.0,46.75,5702.9,5488.78,-214.13,0
C-43-46021-21,2026-09-08,9.5,46.75,7652.81,8102.93,450.12,0
C-53-7872114-22,2026-09-08,3.0,46.75,3498.7,3394.28,-104.43,0
C-53-7872146-22,2026-09-08,4.0,46.75,3925.72,4048.98,123.26,0
C-53-7872120-22,2026-09-08,3.5,46.75,3925.72,3720.95,-204.77,0
C-53-7872222-22,2026-09-08,2.5,46.75,3498.7,3053.25,-445.46,0
C-53-7872132-22,2026-09-08,8.0,46.75,6817.96,7054.29,236.33,0
C-43-45996-21,2026-09-08,2.0,46.75,3016.98,2702.59,-314.4,0
C-43-46234-21,2026-09-08,5.0,46.75,4551.38,4704.74,153.35,0
C-43-46017-21,2026-09-08,4.5,46.75,4551.38,4378.62,-172.77,0
C-53-7872075-22,2026-09-08,1.5,46.75,2667.69,2352.27,-315.41,0
C-43-44989-21,2026-09-08,8.0,46.75,6817.96,7054.29,236.33,0
C-43-40558-21,2026-09-08,5.5,46.75,4864.21,5096.73,232.52,0
C-4151951930,2026-09-08,10.5,46.75,10003.83,8854.17,-1149.66,0
C-53-7872119-22,2026-09-08,4.0,46.75,4238.55,4048.98,-189.57,0
C-43-41841-21,2026-09-08,1.5,46.75,2667.69,2352.27,-315.41,0
C-43-42844-21,2026-09-08,6.0,46.75,5702.9,5488.78,-214.13,0
C-53-7872112-22,2026-09-08,10.5,46.75,7932.05,8854.17,922.12,0
C-43-46006-21,2026-09-08,7.0,46.75,6260.43,6272.63,12.19,0
C-53-7872142-22,2026-09-08,3.5,46.75,3925.72,3720.95,-204.77,0
C-53-7872217-22,2026-09-08,2.5,46.75,3498.7,3053.25,-445.46,0
C-43-45774-21,2026-09-08,4.0,46.75,4238.55,4048.98,-189.57,0
C-53-7872110-22,2026-09-08,8.5,46.75,7096.24,7447.15,350.91,0
C-43-44604-21,2026-09-08,8.0,46.75,6817.96,7054.29,236.33,0
C-43-46056-21,2026-09-08,6.5,46.75,5982.15,5879.44,-102.71,0
C-43-44997-21,2026-09-08,7.0,46.75,6260.43,6272.63,12.19,0
C-43-45757-21,2026-09-08,7.5,46.75,6538.71,6663.16,124.45,0
C-53-7872176-22,2026-09-08,3.0,46.75,3612.89,3394.28,-218.62,0
C-43-43346-21,2026-09-08,8.0,46.75,6817.96,7054.29,236.33,0
C-43-40426-21,2026-09-08,15.5,46.75,13860.46,12244.84,-1615.62,0
C-43-44298-21,2026-09-08,7.5,46.75,6538.71,6663.16,124.45,0
C-43-46036-21,2026-09-08,3.0,46.75,3612.89,3394.28,-218.62,0
C-53-7872127-22,2026-09-08,4.0,46.75,5248.05,4048.98,-1199.07,0
C-43-46164-21,2026-09-08,6.5,46.75,5982.15,5879.44,-102.71,0
C-43-45242-21,2026-09-08,10.5,46.75,10003.83,8854.17,-1149.66,0
C-43-46011-21,2026-09-08,3.5,46.75,3925.72,3720.95,-204.77,0
C-43-44872-21,2026-09-08,5.0,46.75,4551.38,4704.74,153.35,0
C-43-45337-21,2026-09-08,8.5,46.75,7096.24,7447.15,350.91,0
C-43-45397-21,2026-09-08,15.0,46.75,13474.7,11913.84,-1560.86,0
C-43-44456-21,2026-09-08,29.5,46.75,29617.09,22610.66,-7006.44,0
C-43-45835-21,2026-09-08,2.0,46.75,3016.98,2702.59,-314.4,0
C-43-45471-21,2026-09-08,9.5,46.75,7652.81,8102.93,450.12,0
C-43-46166-21,2026-09-08,2.5,46.75,3367.24,3053.25,-313.99,0
C-43-41661-21,2026-09-08,5.5,46.75,5424.62,5096.73,-327.89,0
C-43-46105-21,2026-09-08,2.0,46.75,3016.98,2702.59,-314.4,0
C-43-46070-21,2026-09-08,7.0,46.75,6260.43,6272.63,12.19,0
C-53-7872150-22,2026-09-08,2.5,46.75,3016.98,3053.25,36.26,0
C-4143763468,2026-09-08,5.5,46.75,5424.62,5096.73,-327.89,0
C-43-45981-21,2026-09-08,5.5,46.75,5424.62,5096.73,-327.89,0
C-43-45332-21,2026-09-08,26.0,46.75,26648.09,19928.04,-6720.06,0
C-53-7871975-22,2026-09-08,15.0,46.75,13474.7,11913.84,-1560.86,0
C-53-7872224-22,2026-09-08,12.0,46.75,11160.15,9913.18,-1246.97,0
C-4155920889,2026-09-08,8.5,46.75,6817.96,7447.15,629.19,0
C-43-45202-21,2026-09-08,7.0,46.75,6260.43,6272.63,12.19,0
C-4158276932,2026-09-08,6.5,46.75,5982.15,5879.44,-102.71,0
C-43-44692-21,2026-09-08,3.5,46.75,3925.72,3720.95,-204.77,0
C-43-45226-21,2026-09-08,7.0,46.75,6260.43,6272.63,12.19,0
C-43-45281-21,2026-09-08,14.5,46.75,13088.94,11583.16,-1505.78,0
C-53-7872056-22,2026-09-08,10.5,46.75,10003.83,8854.17,-1149.66,0
C-43-46020-21,2026-09-08,7.5,46.75,6538.71,6663.16,124.45,0
C-4158447259,2026-09-08,6.5,46.75,5982.15,5879.44,-102.71,0
C-43-45820-21,2026-09-08,5.5,46.75,5424.62,5096.73,-327.89,0
C-43-45776-21,2026-09-08,6.0,46.75,5702.9,5488.78,-214.13,0
C-43-45648-21,2026-09-08,7.0,46.75,5982.15,6272.63,290.48,0
C-53-7872211-22,2026-09-08,4.0,46.75,4238.55,4048.98,-189.57,0
C-43-45128-21,2026-09-08,5.5,46.75,5424.62,5096.73,-327.89,0
C-53-7872190-22,2026-09-08,5.5,46.75,5424.62,5096.73,-327.89,0
C-43-45548-21,2026-09-08,6.0,46.75,5702.9,5488.78,-214.13,0
C-43-46109-21,2026-09-07,5.0,46.75,4881.49,4704.74,-176.75,0
C-53-7871960-22,2026-09-07,9.5,46.75,7680.64,8102.93,422.29,0
C-43-46031-21,2026-09-07,7.0,46.75,6282.5,6272.63,-9.88,0
C-43-45851-21,2026-09-07,7.0,46.75,6003.26,6272.63,269.37,0
C-43-43954-21,2026-09-07,20.0,46.75,17006.03,15210.26,-1795.77,0
C-43-45791-21,2026-09-07,20.0,46.75,17393.71,15210.26,-2183.45,0
C-43-45958-21,2026-09-07,16.0,46.75,14297.08,12575.97,-1721.11,0
C-43-45935-21,2026-09-07,6.0,46.75,5443.81,5488.78,44.97,0
C-43-45870-21,2026-09-07,5.0,46.75,4881.49,4704.74,-176.75,0
C-43-45834-21,2026-09-07,6.5,46.75,6003.26,5879.44,-123.82,0
C-43-45239-21,2026-09-07,2.0,46.75,3147.49,2702.59,-444.9,0
C-43-46058-21,2026-09-07,6.0,46.75,5724.01,5488.78,-235.24,0
C-43-45985-21,2026-09-07,7.0,46.75,6282.5,6272.63,-9.88,0
C-43-45949-21,2026-09-07,9.5,46.75,7680.64,8102.93,422.29,0
C-43-45761-21,2026-09-07,5.0,46.75,4881.49,4704.74,-176.75,0
C-53-7871790-22,2026-09-07,5.0,46.75,4567.7,4704.74,137.04,0
C-43-45729-21,2026-09-07,8.0,46.75,6841.95,7054.29,212.34,0
C-43-46120-21,2026-09-07,3.5,46.75,3940.12,3720.95,-219.17,0
C-43-45727-21,2026-09-07,4.0,46.75,4253.91,4048.98,-204.93,0
C-43-45889-21,2026-09-07,8.0,46.75,6841.95,7054.29,212.34,0
C-43-45853-21,2026-09-07,5.5,46.75,5443.81,5096.73,-347.08,0
C-43-45283-21,2026-09-07,17.0,46.75,15070.52,13232.02,-1838.5,0
C-43-46028-21,2026-09-07,5.5,46.75,5443.81,5096.73,-347.08,0
C-43-44865-21,2026-09-07,4.0,46.75,4253.91,4048.98,-204.93,0
C-43-45085-21,2026-09-07,5.0,46.75,4881.49,4704.74,-176.75,0
C-43-45903-21,2026-09-07,2.5,46.75,3379.71,3053.25,-326.47,0
C-43-45521-21,2026-09-07,2.0,46.75,3028.5,2702.59,-325.91,0
C-43-46063-21,2026-09-07,7.5,46.75,6562.7,6663.16,100.46,0
C-43-45408-21,2026-09-07,2.0,46.75,3028.5,2702.59,-325.91,0
C-43-45230-21,2026-09-07,34.0,46.75,33555.29,26059.74,-7495.55,0
C-43-45154-21,2026-09-07,6.0,46.75,5724.01,5488.78,-235.24,0
C-43-45730-21,2026-09-07,8.0,46.75,6841.95,7054.29,212.34,0
C-43-46097-21,2026-09-07,5.0,46.75,4881.49,4704.74,-176.75,0
C-4159923187,2026-09-07,8.0,46.75,6562.7,7054.29,491.59,0
C-4153373097,2026-09-07,3.5,46.75,3940.12,3720.95,-219.17,0
C-43-45865-21,2026-09-07,2.5,46.75,3511.18,3053.25,-457.93,0
C-43-45914-21,2026-09-07,3.5,46.75,3940.12,3720.95,-219.17,0
C-53-7872136-22,2026-09-07,2.5,46.75,3379.71,3053.25,-326.47,0
C-43-45863-21,2026-09-07,9.0,46.75,7401.39,7784.89,383.5,0
C-43-44233-21,2026-09-07,8.0,46.75,6841.95,7054.29,212.34,0
C-53-7871408-22,2026-09-07,5.0,46.75,4881.49,4704.74,-176.75,0
C-53-7871990-22,2026-09-07,7.0,46.75,6003.26,6272.63,269.37,0
C-43-45924-21,2026-09-07,3.5,46.75,3940.12,3720.95,-219.17,0
C-4158922131,2026-09-07,6.0,46.75,5724.01,5488.78,-235.24,0
C-4157478222,2026-09-07,8.0,46.75,6841.95,7054.29,212.34,0
C-43-45139-21,2026-09-07,17.0,46.75,15070.52,13232.02,-1838.5,0
C-43-45868-21,2026-09-07,3.5,46.75,3940.12,3720.95,-219.17,0
C-43-45502-21,2026-09-07,4.0,46.75,4253.91,4048.98,-204.93,0
C-43-45710-21,2026-09-07,6.5,46.75,6003.26,5879.44,-123.82,0
C-43-45251-21,2026-09-07,7.0,46.75,6282.5,6272.63,-9.88,0
C-43-44159-21,2026-09-07,12.0,46.75,11200.45,9913.18,-1287.27,0
C-4143094998,2026-09-07,6.0,46.75,5724.01,5488.78,-235.24,0
C-43-45351-21,2026-09-07,8.5,46.75,7122.15,7447.15,325.0,0
C-43-45943-21,2026-09-07,4.5,46.75,4567.7,4378.62,-189.08,0
C-43-42274-21,2026-09-07,7.0,46.75,6282.5,6272.63,-9.88,0
C-43-45157-21,2026-09-07,6.5,46.75,6003.26,5879.44,-123.82,0
C-43-45905-21,2026-09-07,4.5,46.75,4567.7,4378.62,-189.08,0
C-43-45852-21,2026-09-07,6.5,46.75,5724.01,5879.44,155.42,0
C-43-45840-21,2026-09-07,5.0,46.75,4881.49,4704.74,-176.75,0
C-43-45671-21,2026-09-07,1.5,46.75,2677.28,2352.27,-325.01,0
C-43-46030-21,2026-09-07,6.0,46.75,5724.01,5488.78,-235.24,0
C-43-44517-21,2026-09-07,9.5,46.75,7680.64,8102.93,422.29,0
C-43-45858-21,2026-09-07,7.5,46.75,6562.7,6663.16,100.46,0
C-43-45229-21,2026-09-07,5.5,46.75,5443.81,5096.73,-347.08,0
C-43-45913-21,2026-09-07,4.5,46.75,4567.7,4378.62,-189.08,0
C-53-7872210-22,2026-09-07,2.0,46.75,3147.49,2702.59,-444.9,0
C-43-45830-21,2026-09-07,5.5,46.75,5443.81,5096.73,-347.08,0
C-4115197135,2026-09-07,6.5,46.75,6003.26,5879.44,-123.82,0
C-53-7871639-22,2026-09-07,4.5,46.75,4567.7,4378.62,-189.08,0
C-43-39649-21,2026-09-07,7.5,46.75,6562.7,6663.16,100.46,0
C-43-44860-21,2026-09-07,31.0,46.75,31000.84,23760.35,-7240.49,0
C-43-45550-21,2026-09-07,10.0,46.75,7959.88,8412.49,452.61,0
C-43-43241-21,2026-09-07,24.5,46.75,21556.45,18778.34,-2778.11,0
C-43-45062-21,2026-09-07,6.0,46.75,5724.01,5488.78,-235.24,0
C-43-44230-21,2026-09-07,7.0,46.75,6282.5,6272.63,-9.88,0
C-53-7872013-22,2026-09-07,10.0,46.75,7959.88,8412.49,452.61,0
C-43-44811-21,2026-09-07,5.0,46.75,4881.49,4704.74,-176.75,0
C-43-45807-21,2026-09-07,6.5,46.75,6003.26,5879.44,-123.82,0
C-53-7872202-22,2026-09-07,9.5,46.75,7680.64,8102.93,422.29,0
C-43-44965-21,2026-09-07,3.5,46.75,3626.33,3720.95,94.62,0
C-43-44665-21,2026-09-07,14.5,46.75,13135.96,11583.16,-1552.8,0
C-43-45933-21,2026-09-07,4.0,46.75,4253.91,4048.98,-204.93,0
C-4161461848,2026-09-07,6.5,46.75,6003.26,5879.44,-123.82,0
C-43-44916-21,2026-09-07,7.0,46.75,6282.5,6272.63,-9.88,0
C-43-45524-21,2026-09-07,7.5,46.75,6282.5,6663.16,380.66,0
C-43-46071-21,2026-09-07,4.5,46.75,4567.7,4378.62,-189.08,0
C-43-45882-21,2026-09-07,5.5,46.75,5443.81,5096.73,-347.08,0
C-43-43231-21,2026-09-07,16.5,46.75,14683.8,12903.1,-1780.7,0
C-43-46041-21,2026-09-07,8.5,46.75,7122.15,7447.15,325.0,0
C-43-46012-21,2026-09-07,6.0,46.75,5724.01,5488.78,-235.24,0
C-43-45402-21,2026-09-07,7.5,46.75,6562.7,6663.16,100.46,0
C-43-44437-21,2026-09-07,10.5,46.75,10039.34,8854.17,-1185.17,0
C-43-45478-21,2026-09-07,9.0,46.75,7401.39,7784.89,383.5,0
C-43-42681-21,2026-09-07,8.0,46.75,6841.95,7054.29,212.34,0
C-43-45950-21,2026-09-07,7.0,46.75,6282.5,6272.63,-9.88,0
C-43-46276-21,2026-09-07,4.5,46.75,2064.1,4378.62,2314.52,0
C-43-46146-21,2026-09-07,5.5,46.75,5443.81,5096.73,-347.08,0
C-4151878957,2026-09-07,4.0,46.75,4924.67,4048.98,-875.69,0
C-43-45794-21,2026-09-05,7.5,48.25,6641.39,6731.27,89.88,0
C-43-45980-21,2026-09-05,2.5,48.25,3553.4,3084.45,-468.94,0
C-43-45576-21,2026-09-05,1.5,48.25,2816.43,2376.32,-440.11,0
C-43-45549-21,2026-09-05,9.5,48.25,7772.76,8185.75,412.99,0
C-43-44082-21,2026-09-05,4.5,48.25,4622.39,4423.37,-199.02,0
C-43-45412-21,2026-09-05,1.5,48.25,2709.91,2376.32,-333.59,0
C-43-43105-21,2026-09-05,4.5,48.25,4622.39,4423.37,-199.02,0
C-4151406634,2026-09-05,4.0,48.25,4304.77,4090.37,-214.4,0
C-43-46047-21,2026-09-05,1.5,48.25,2816.43,2376.32,-440.11,0
C-43-45415-21,2026-09-05,5.5,48.25,5509.06,5148.83,-360.24,0
C-43-46209-21,2026-09-05,7.5,48.25,2089.05,6731.27,4642.22,0
C-43-46075-21,2026-09-05,8.0,48.25,6923.51,7126.4,202.88,0
C-43-45703-21,2026-09-05,12.0,48.25,11334.8,10014.5,-1320.29,0
C-43-45936-21,2026-09-05,9.0,48.25,7489.68,7864.47,374.79,0
C-43-45126-21,2026-09-05,8.0,48.25,6641.39,7126.4,485.01,0
C-43-45390-21,2026-09-05,2.0,48.25,3064.96,2730.21,-334.75,0
C-43-45653-21,2026-09-05,12.5,48.25,11726.31,10371.86,-1354.45,0
C-43-45919-21,2026-09-05,1.5,48.25,2709.91,2376.32,-333.59,0
C-4151555402,2026-09-05,7.0,48.25,6358.31,6336.74,-21.57,0
C-43-45803-21,2026-09-05,4.5,48.25,4304.77,4423.37,118.61,0
C-43-46013-21,2026-09-05,9.0,48.25,7489.68,7864.47,374.79,0
C-43-44475-21,2026-09-05,6.0,48.25,5792.15,5544.88,-247.27,0
C-43-45825-21,2026-09-05,2.0,48.25,3184.91,2730.21,-454.7,0
C-43-45652-21,2026-09-05,6.0,48.25,5792.15,5544.88,-247.27,0
C-43-44015-21,2026-09-05,5.5,48.25,5509.06,5148.83,-360.24,0
C-43-43588-21,2026-09-05,6.5,48.25,6075.23,5939.53,-135.69,0
C-43-45274-21,2026-09-05,6.0,48.25,5792.15,5544.88,-247.27,0
C-43-45893-21,2026-09-05,5.5,48.25,5509.06,5148.83,-360.24,0
C-43-45683-21,2026-09-05,6.0,48.25,5792.15,5544.88,-247.27,0
C-43-45920-21,2026-09-05,10.0,48.25,8055.84,8498.48,442.64,0
C-43-43690-21,2026-09-05,12.0,48.25,11334.8,10014.5,-1320.29,0
C-43-45282-21,2026-09-05,5.5,48.25,4940.02,5148.83,208.81,0
C-43-45975-21,2026-09-05,8.5,48.25,7206.6,7523.27,316.68,0
C-43-45496-21,2026-09-05,11.0,48.25,10551.76,9300.59,-1251.17,0
C-43-45756-21,2026-09-05,4.5,48.25,4622.39,4423.37,-199.02,0
C-53-7872095-22,2026-09-05,17.5,48.25,15643.4,13703.88,-1939.52,0
C-43-45837-21,2026-09-05,1.5,48.25,2709.91,2376.32,-333.59,0
C-43-45892-21,2026-09-05,5.0,48.25,4940.02,4752.83,-187.19,0
C-43-45567-21,2026-09-05,10.0,48.25,7772.76,8498.48,725.72,0
C-43-45960-21,2026-09-05,7.5,48.25,6358.31,6731.27,372.96,0
C-43-45902-21,2026-09-05,5.5,48.25,5509.06,5148.83,-360.24,0
C-43-44370-21,2026-09-05,8.0,48.25,6923.51,7126.4,202.88,0
C-4132968173,2026-09-04,8.5,48.25,7206.6,7523.27,316.68,0
C-43-45606-21,2026-09-04,5.0,48.25,4940.02,4752.83,-187.19,0
C-43-45690-21,2026-09-04,5.0,48.25,4940.02,4752.83,-187.19,0
C-43-44146-21,2026-09-04,27.0,48.25,27925.32,20906.03,-7019.29,0
C-43-45954-21,2026-09-04,2.0,48.25,3064.96,2730.21,-334.75,0
C-43-43224-21,2026-09-04,13.0,48.25,12117.83,10706.16,-1411.67,0
C-43-44694-21,2026-09-04,11.0,48.25,10551.76,9300.59,-1251.17,0
C-43-45891-21,2026-09-04,5.5,48.25,12901.82,5148.83,-7753.0,0
C-43-45625-21,2026-09-04,9.0,48.25,7489.68,7864.47,374.79,0
C-53-7871436-22,2026-09-04,8.0,48.25,6923.51,7126.4,202.88,0
C-43-43049-21,2026-09-04,5.0,48.25,4940.02,4752.83,-187.19,0
C-53-7871801-22,2026-09-04,10.0,48.25,8055.84,8498.48,442.64,0
C-43-44571-21,2026-09-04,29.0,48.25,29648.76,22454.62,-7194.14,0
C-43-46093-21,2026-09-04,6.5,48.25,6075.23,5939.53,-135.69,0
C-43-45184-21,2026-09-04,5.0,48.25,4940.02,4752.83,-187.19,0
C-43-45709-21,2026-09-04,5.5,48.25,5509.06,5148.83,-360.24,0
C-53-7872214-22,2026-09-04,7.0,48.25,6358.31,6336.74,-21.57,0
C-53-7872188-22,2026-09-04,2.5,48.25,3553.4,3084.45,-468.94,0
C-43-45682-21,2026-09-04,5.5,48.25,5509.06,5148.83,-360.24,0
C-4141002617,2026-09-04,4.5,48.25,5626.13,4423.37,-1202.76,0
C-43-45742-21,2026-09-04,7.0,48.25,6358.31,6336.74,-21.57,0
C-43-45811-21,2026-09-04,18.5,48.25,16426.43,14367.13,-2059.3,0
C-43-45871-21,2026-09-04,8.0,48.25,6923.51,7126.4,202.88,0
C-43-44812-21,2026-09-04,14.5,48.25,13293.34,11701.56,-1591.78,0
C-43-44691-21,2026-09-04,11.0,48.25,10551.76,9300.59,-1251.17,0
C-43-45907-21,2026-09-04,6.0,48.25,5792.15,5544.88,-247.27,0
C-43-45850-21,2026-09-04,4.5,48.25,4622.39,4423.37,-199.02,0
C-43-45520-21,2026-09-04,5.5,48.25,5509.06,5148.83,-360.24,0
C-43-45646-21,2026-09-04,8.0,48.25,6923.51,7126.4,202.88,0
C-43-45674-21,2026-09-04,7.5,48.25,6641.39,6731.27,89.88,0
C-43-45886-21,2026-09-04,5.5,48.25,5509.06,5148.83,-360.24,0
C-43-41129-21,2026-09-04,3.5,48.25,3987.14,3758.99,-228.15,0
C-43-45862-21,2026-09-04,26.0,48.25,27064.56,20131.73,-6932.83,0
C-53-7872157-22,2026-09-04,8.0,48.25,6923.51,7126.4,202.88,0
C-43-45269-21,2026-09-04,5.0,48.25,4940.02,4752.83,-187.19,0
C-43-45375-21,2026-09-04,10.0,48.25,8055.84,8498.48,442.64,0
C-43-45342-21,2026-09-04,5.0,48.25,4940.02,4752.83,-187.19,0
C-43-45829-21,2026-09-04,5.0,48.25,4940.02,4752.83,-187.19,0
C-43-45714-21,2026-09-04,3.5,48.25,3669.51,3758.99,89.48,0
C-43-46119-21,2026-09-04,11.5,48.25,10943.28,9658.04,-1285.24,0
C-53-7872080-22,2026-09-04,6.5,48.25,6075.23,5939.53,-135.69,0
C-43-44553-21,2026-09-04,15.0,48.25,13684.86,12035.62,-1649.24,0
C-43-45900-21,2026-09-04,4.0,48.25,4304.77,4090.37,-214.4,0
C-43-44858-21,2026-09-04,9.0,48.25,7489.68,7864.47,374.79,0
C-53-7871971-22,2026-09-04,8.0,48.25,6923.51,7126.4,202.88,0
C-43-45764-21,2026-09-04,4.0,48.25,4304.77,4090.37,-214.4,0
C-43-44583-21,2026-09-04,3.0,48.25,3669.51,3428.97,-240.54,0
C-53-7872050-22,2026-09-04,14.0,48.25,12901.82,11370.51,-1531.31,0
C-43-43142-21,2026-09-04,5.0,48.25,4940.02,4752.83,-187.19,0
C-43-45878-21,2026-09-04,6.0,48.25,5792.15,5544.88,-247.27,0
C-43-45923-21,2026-09-04,8.0,48.25,6923.51,7126.4,202.88,0
C-43-42192-21,2026-09-04,7.0,48.25,6358.31,6336.74,-21.57,0
C-43-44944-21,2026-09-04,1.0,48.25,2447.94,2021.95,-425.99,0
C-43-45904-21,2026-09-04,5.5,48.25,5509.06,5148.83,-360.24,0
C-43-45002-21,2026-09-04,13.5,48.25,12509.35,11036.96,-1472.38,0
C-43-45410-21,2026-09-04,5.0,48.25,4940.02,4752.83,-187.19,0
C-43-45082-21,2026-09-04,24.0,48.25,21383.73,18583.14,-2800.59,0
C-43-45535-21,2026-09-04,5.0,48.25,4940.02,4752.83,-187.19,0
C-43-45759-21,2026-09-04,4.5,48.25,4622.39,4423.37,-199.02,0
C-43-45819-21,2026-09-04,22.0,48.25,19660.28,17034.54,-2625.74,0
C-53-7872164-22,2026-09-04,9.5,48.25,7772.76,8185.75,412.99,0
C-43-46040-21,2026-09-04,14.0,48.25,12901.82,11370.51,-1531.31,0
C-43-44963-21,2026-09-04,6.5,48.25,6075.23,5939.53,-135.69,0
C-53-7871965-22,2026-09-04,8.0,48.25,6923.51,7126.4,202.88,0
C-43-45912-21,2026-09-04,12.5,48.25,11726.31,10371.86,-1354.45,0
C-43-45640-21,2026-09-04,5.0,48.25,4940.02,4752.83,-187.19,0
C-43-41616-21,2026-09-04,9.5,48.25,7772.76,8185.75,412.99,0
C-43-45254-21,2026-09-04,3.5,48.25,3987.14,3758.99,-228.15,0
C-43-45642-21,2026-09-04,6.0,48.25,5792.15,5544.88,-247.27,0
C-43-45872-21,2026-09-04,2.5,48.25,3553.4,3084.45,-468.94,0
C-43-45934-21,2026-09-04,4.0,48.25,4304.77,4090.37,-214.4,0
C-43-45720-21,2026-09-04,8.0,48.25,6923.51,7126.4,202.88,0
C-43-45721-21,2026-09-04,5.5,48.25,5509.06,5148.83,-360.24,0
C-53-7871973-22,2026-09-04,13.0,48.25,11726.31,10706.16,-1020.15,0
C-43-45458-21,2026-09-04,12.5,48.25,11726.31,10371.86,-1354.45,0
C-43-45760-21,2026-09-04,2.5,48.25,3553.4,3084.45,-468.94,0
C-43-42400-21,2026-09-04,13.5,48.25,12509.35,11036.96,-1472.38,0
C-43-44272-21,2026-09-04,5.0,48.25,4940.02,4752.83,-187.19,0
C-43-45670-21,2026-09-04,6.0,48.25,5792.15,5544.88,-247.27,0
C-43-45864-21,2026-09-04,7.5,48.25,6641.39,6731.27,89.88,0
C-43-43335-21,2026-09-04,6.0,48.25,5792.15,5544.88,-247.27,0
C-53-7871929-22,2026-09-04,17.5,48.25,15643.4,13703.88,-1939.52,0
C-43-46001-21,2026-09-04,10.5,48.25,10159.29,8944.67,-1214.61,0
C-43-45989-21,2026-09-04,10.0,48.25,8055.84,8498.48,442.64,0
C-43-42901-21,2026-09-04,16.5,48.25,14859.41,13034.98,-1824.42,0
C-43-45885-21,2026-09-04,2.5,48.25,3420.01,3084.45,-335.56,0
C-43-46005-21,2026-09-04,5.0,48.25,4940.02,4752.83,-187.19,0
C-43-42984-21,2026-09-04,8.0,48.25,6923.51,7126.4,202.88,0
C-43-45927-21,2026-09-04,12.5,48.25,11334.8,10371.86,-962.93,0
C-43-45327-21,2026-09-04,4.0,48.25,4304.77,4090.37,-214.4,0
C-53-7872221-22,2026-09-04,7.0,48.25,6358.31,6336.74,-21.57,0
C-43-44466-21,2026-09-04,11.5,48.25,10943.28,9658.04,-1285.24,0
C-53-7872138-22,2026-09-03,9.5,48.25,7772.76,8185.75,412.99,0
C-43-45722-21,2026-09-03,6.5,48.25,6075.23,5939.53,-135.69,0
C-43-45417-21,2026-09-03,6.5,48.25,6075.23,5939.53,-135.69,0
C-43-45645-21,2026-09-03,7.0,48.25,6358.31,6336.74,-21.57,0
C-53-7871852-22,2026-09-03,2.0,48.25,3064.96,2730.21,-334.75,0
C-43-44888-21,2026-09-03,4.5,48.25,4304.77,4423.37,118.61,0
C-43-45429-21,2026-09-03,6.5,48.25,6075.23,5939.53,-135.69,0
C-43-43126-21,2026-09-03,8.0,48.25,6923.51,7126.4,202.88,0
C-43-45619-21,2026-09-03,3.5,48.25,3987.14,3758.99,-228.15,0
C-53-7871986-22,2026-09-03,11.0,48.25,10551.76,9300.59,-1251.17,0
C-43-43014-21,2026-09-03,2.0,48.25,3064.96,2730.21,-334.75,0
C-53-7871927-22,2026-09-03,5.0,48.25,4940.02,4752.83,-187.19,0
C-53-7872088-22,2026-09-03,6.5,48.25,6075.23,5939.53,-135.69,0
C-4143858822,2026-09-03,7.5,48.25,7529.98,6731.27,-798.71,0
C-43-45632-21,2026-09-03,6.5,48.25,5792.15,5939.53,147.39,0
C-43-44943-21,2026-09-03,26.0,48.25,27064.56,20131.73,-6932.83,0
C-43-45575-21,2026-09-03,13.0,48.25,12117.83,10706.16,-1411.67,0
C-43-45621-21,2026-09-03,7.5,48.25,6641.39,6731.27,89.88,0
C-53-7872007-22,2026-09-03,9.0,48.25,7489.68,7864.47,374.79,0
C-53-7871788-22,2026-09-03,8.5,48.25,7206.6,7523.27,316.68,0
C-43-44829-21,2026-09-03,30.5,48.25,30941.34,23616.07,-7325.27,0
C-43-41601-21,2026-09-03,6.0,48.25,5792.15,5544.88,-247.27,0
C-53-7872153-22,2026-09-03,3.0,48.25,3669.51,3428.97,-240.54,0
C-43-45736-21,2026-09-03,6.5,48.25,6075.23,5939.53,-135.69,0
C-43-45724-21,2026-09-03,6.0,48.25,5792.15,5544.88,-247.27,0
C-43-44784-21,2026-09-03,8.0,48.25,6923.51,7126.4,202.88,0
C-43-45025-21,2026-09-03,7.0,48.25,6358.31,6336.74,-21.57,0
C-43-44169-21,2026-09-03,21.5,48.25,19229.42,16647.39,-2582.03,0
C-43-45411-21,2026-09-03,8.0,48.25,6923.51,7126.4,202.88,0
C-43-44670-21,2026-09-03,11.5,48.25,10943.28,9658.04,-1285.24,0
C-43-45890-21,2026-09-03,11.5,48.25,10943.28,9658.04,-1285.24,0
C-43-45441-21,2026-09-03,6.5,48.25,6075.23,5939.53,-135.69,0
C-4154956852,2026-09-03,15.0,48.25,13684.86,12035.62,-1649.24,0
C-4152025839,2026-09-03,4.0,48.25,4304.77,4090.37,-214.4,0
C-43-45712-21,2026-09-03,7.0,48.25,6358.31,6336.74,-21.57,0
C-53-7872172-22,2026-09-03,4.0,48.25,4304.77,4090.37,-214.4,0
C-53-7872154-22,2026-09-03,9.0,48.25,7489.68,7864.47,374.79,0
C-43-43782-21,2026-09-03,5.5,48.25,5509.06,5148.83,-360.24,0
C-43-39340-21,2026-09-03,5.5,48.25,5509.06,5148.83,-360.24,0
C-43-45147-21,2026-09-03,12.5,48.25,11726.31,10371.86,-1354.45,0
C-53-7871490-22,2026-09-03,4.5,48.25,4622.39,4423.37,-199.02,0
C-43-45155-21,2026-09-03,6.5,48.25,6075.23,5939.53,-135.69,0
C-53-7872200-22,2026-09-03,2.5,48.25,3553.4,3084.45,-468.94,0
C-53-7872175-22,2026-09-03,11.0,48.25,10551.76,9300.59,-1251.17,0
C-43-43455-21,2026-09-03,11.0,48.25,10551.76,9300.59,-1251.17,0
C-43-45498-21,2026-09-03,3.5,48.25,3987.14,3758.99,-228.15,0
C-53-7872159-22,2026-09-03,10.5,48.25,8055.84,8944.67,888.83,0
C-43-45704-21,2026-09-03,8.5,48.25,7206.6,7523.27,316.68,0
C-43-44447-21,2026-09-03,10.0,48.25,8055.84,8498.48,442.64,0
C-43-45767-21,2026-09-03,10.0,48.25,8055.84,8498.48,442.64,0
C-43-45768-21,2026-09-03,16.0,48.25,14467.89,12704.51,-1763.37,0
C-43-45793-21,2026-09-03,8.5,48.25,6923.51,7523.27,599.76,0
C-43-37972-21,2026-09-03,3.5,48.25,3987.14,3758.99,-228.15,0
C-43-44887-21,2026-09-03,9.5,48.25,7489.68,8185.75,696.07,0
C-43-45735-21,2026-09-03,6.0,48.25,5792.15,5544.88,-247.27,0
C-43-45755-21,2026-09-03,8.5,48.25,7206.6,7523.27,316.68,0
C-43-44897-21,2026-09-03,2.0,48.25,3064.96,2730.21,-334.75,0
C-43-45752-21,2026-09-03,7.0,48.25,6358.31,6336.74,-21.57,0
C-53-7872038-22,2026-09-03,3.0,48.25,3669.51,3428.97,-240.54,0
C-43-41208-21,2026-09-03,15.5,48.25,13684.86,12370.0,-1314.85,0
C-43-43242-21,2026-09-03,8.5,48.25,7206.6,7523.27,316.68,0
C-43-45372-21,2026-09-03,2.0,48.25,3184.91,2730.21,-454.7,0
C-43-44642-21,2026-09-03,7.0,48.25,6358.31,6336.74,-21.57,0
C-43-42384-21,2026-09-03,6.5,48.25,6075.23,5939.53,-135.69,0
C-43-43936-21,2026-09-03,5.5,48.25,5509.06,5148.83,-360.24,0
C-43-44198-21,2026-09-03,10.0,48.25,8055.84,8498.48,442.64,0
C-43-44409-21,2026-09-03,6.0,48.25,5792.15,5544.88,-247.27,0
C-53-7872079-22,2026-09-03,11.5,48.25,10943.28,9658.04,-1285.24,0
C-53-7872220-22,2026-09-03,12.0,48.25,11334.8,10014.5,-1320.29,0
C-43-41239-21,2026-09-03,6.0,48.25,5792.15,5544.88,-247.27,0
C-43-42889-21,2026-09-03,18.0,48.25,16034.92,14033.83,-2001.09,0
C-43-45770-21,2026-09-03,8.0,48.25,6923.51,7126.4,202.88,0
C-43-44134-21,2026-09-03,3.0,48.25,3669.51,3428.97,-240.54,0
C-43-45737-21,2026-09-03,1.5,48.25,2709.91,2376.32,-333.59,0
C-43-44662-21,2026-09-03,6.0,48.25,5792.15,5544.88,-247.27,0
C-43-45021-21,2026-09-03,19.5,48.25,17209.47,15037.33,-2172.14,0
C-43-44762-21,2026-09-03,11.5,48.25,10943.28,9658.04,-1285.24,0
C-43-41137-21,2026-09-03,10.5,48.25,10159.29,8944.67,-1214.61,0
C-4123079742,2026-09-03,1.5,48.25,2709.91,2376.32,-333.59,0
C-43-44505-21,2026-09-03,5.0,48.25,4940.02,4752.83,-187.19,0
C-53-7871942-22,2026-09-03,9.0,48.25,7489.68,7864.47,374.79,0
C-53-7872170-22,2026-09-03,7.0,48.25,6358.31,6336.74,-21.57,0
C-43-44134-21,2026-09-03,3.0,48.25,3168.6,3428.97,260.37,0
C-53-7871551-22,2026-09-02,4.5,48.25,4599.36,4423.37,-175.99,0
C-43-41858-21,2026-09-02,2.0,48.25,3049.61,2730.21,-319.4,0
C-43-43870-21,2026-09-02,5.0,48.25,4915.07,4752.83,-162.24,0
C-43-42517-21,2026-09-02,3.5,48.25,4282.69,3758.99,-523.71,0
C-43-43773-21,2026-09-02,11.5,48.25,10887.62,9658.04,-1229.58,0
C-53-7871479-22,2026-09-02,6.0,48.25,5763.36,5544.88,-218.48,0
C-53-7872189-22,2026-09-02,8.0,48.25,6888.97,7126.4,237.43,0
C-43-45347-21,2026-09-02,9.5,48.25,9409.84,8185.75,-1224.09,0
C-43-43397-21,2026-09-02,34.5,48.25,34214.54,26713.26,-7501.28,0
C-43-45772-21,2026-09-02,10.0,48.25,8014.58,8498.48,483.9,0
C-43-45814-21,2026-09-02,5.0,48.25,4915.07,4752.83,-162.24,0
C-43-43788-21,2026-09-02,4.0,48.25,4282.69,4090.37,-192.33,0
C-43-45553-21,2026-09-02,7.0,48.25,6325.68,6336.74,11.06,0
C-53-7872020-22,2026-09-02,5.5,48.25,5481.24,5148.83,-332.41,0
C-43-45515-21,2026-09-02,5.5,48.25,5481.24,5148.83,-332.41,0
C-43-45199-21,2026-09-02,3.0,48.25,3651.28,3428.97,-222.31,0
C-53-7872074-22,2026-09-02,4.0,48.25,4282.69,4090.37,-192.33,0
C-43-45591-21,2026-09-02,5.0,48.25,4599.36,4752.83,153.46,0
C-43-45739-21,2026-09-02,4.0,48.25,4282.69,4090.37,-192.33,0
C-43-45336-21,2026-09-02,1.0,48.25,2436.42,2021.95,-414.47,0
C-43-45647-21,2026-09-02,8.0,48.25,6888.97,7126.4,237.43,0
C-43-45569-21,2026-09-02,6.5,48.25,6044.52,5939.53,-104.99,0
C-43-44284-21,2026-09-02,1.5,48.25,2802.03,2376.32,-425.71,0
C-43-45523-21,2026-09-02,3.0,48.25,3651.28,3428.97,-222.31,0
C-53-7872169-22,2026-09-02,8.5,48.25,7170.13,7523.27,353.14,0
C-43-45675-21,2026-09-02,5.5,48.25,5481.24,5148.83,-332.41,0
C-43-45425-21,2026-09-02,7.5,48.25,6607.81,6731.27,123.47,0
C-53-7872076-22,2026-09-02,3.5,48.25,3966.99,3758.99,-208.0,0
C-43-45473-21,2026-09-02,2.0,48.25,3168.6,2730.21,-438.39,0
C-53-7872017-22,2026-09-02,3.5,48.25,3966.99,3758.99,-208.0,0
C-53-7872073-22,2026-09-02,3.0,48.25,3651.28,3428.97,-222.31,0
C-53-7871981-22,2026-09-02,3.5,48.25,3966.99,3758.99,-208.0,0
C-43-45257-21,2026-09-02,4.0,48.25,4282.69,4090.37,-192.33,0
C-43-45511-21,2026-09-02,18.0,48.25,15954.31,14033.83,-1920.48,0
C-53-7871972-22,2026-09-02,3.5,48.25,3966.99,3758.99,-208.0,0
C-43-45717-21,2026-09-02,9.0,48.25,7452.25,7864.47,412.21,0
C-53-7872062-22,2026-09-02,7.0,48.25,6325.68,6336.74,11.06,0
C-43-45137-21,2026-09-02,8.0,48.25,6888.97,7126.4,237.43,0
C-43-44838-21,2026-09-02,2.0,48.25,3049.61,2730.21,-319.4,0
C-53-7872133-22,2026-09-02,3.0,48.25,3651.28,3428.97,-222.31,0
C-53-7872031-22,2026-09-02,5.0,48.25,4915.07,4752.83,-162.24,0
C-43-45329-21,2026-09-02,7.5,48.25,6607.81,6731.27,123.47,0
C-53-7871953-22,2026-09-02,11.0,48.25,10498.02,9300.59,-1197.43,0
C-43-45607-21,2026-09-02,6.5,48.25,6044.52,5939.53,-104.99,0
C-43-45544-21,2026-09-02,8.0,48.25,6888.97,7126.4,237.43,0
C-53-7872135-22,2026-09-02,2.0,48.25,3049.61,2730.21,-319.4,0
C-53-7872023-22,2026-09-02,2.0,48.25,2695.52,2730.21,34.69,0
C-43-43438-21,2026-09-02,7.5,48.25,6325.68,6731.27,405.59,0
C-53-7872018-22,2026-09-02,2.0,48.25,3168.6,2730.21,-438.39,0
C-43-44341-21,2026-09-02,12.5,48.25,11666.82,10371.86,-1294.96,0
C-43-44786-21,2026-09-02,13.5,48.25,12056.41,11036.96,-1019.45,0
C-43-45172-21,2026-09-02,5.5,48.25,5481.24,5148.83,-332.41,0
C-43-45779-21,2026-09-02,8.5,48.25,7170.13,7523.27,353.14,0
C-43-45055-21,2026-09-02,3.5,48.25,3966.99,3758.99,-208.0,0
C-43-45470-21,2026-09-02,7.0,48.25,6325.68,6336.74,11.06,0
C-43-45534-21,2026-09-02,7.0,48.25,6325.68,6336.74,11.06,0
C-43-44050-21,2026-09-02,23.5,48.25,20847.31,18195.99,-2651.32,0
C-43-45639-21,2026-09-02,7.5,48.25,6607.81,6731.27,123.47,0
C-43-44172-21,2026-09-02,4.5,48.25,4599.36,4423.37,-175.99,0
C-43-45655-21,2026-09-02,4.5,48.25,4599.36,4423.37,-175.99,0
C-43-45662-21,2026-09-02,5.5,48.25,5481.24,5148.83,-332.41,0
C-43-45766-21,2026-09-02,9.0,48.25,7452.25,7864.47,412.21,0
C-53-7872155-22,2026-09-02,3.0,48.25,3651.28,3428.97,-222.31,0
C-43-44186-21,2026-09-02,2.0,48.25,3168.6,2730.21,-438.39,0
C-43-44543-21,2026-09-02,5.5,48.25,5481.24,5148.83,-332.41,0
C-43-45370-21,2026-09-02,5.0,48.25,4915.07,4752.83,-162.24,0
C-53-7871826-22,2026-09-02,3.5,48.25,3966.99,3758.99,-208.0,0
C-53-7871977-22,2026-09-02,2.5,48.25,3535.17,3084.45,-450.71,0
C-43-44909-21,2026-09-02,20.0,48.25,17512.7,15365.73,-2146.97,0
C-43-45308-21,2026-09-02,4.5,48.25,4599.36,4423.37,-175.99,0
C-43-43079-21,2026-09-02,6.0,48.25,5763.36,5544.88,-218.48,0
C-43-45546-21,2026-09-02,2.0,48.25,3049.61,2730.21,-319.4,0
C-53-7872137-22,2026-09-02,4.5,48.25,4599.36,4423.37,-175.99,0
C-43-45666-21,2026-09-02,8.5,48.25,7170.13,7523.27,353.14,0
C-43-44576-21,2026-09-02,5.0,48.25,4915.07,4752.83,-162.24,0
C-43-45618-21,2026-09-02,5.5,48.25,5481.24,5148.83,-332.41,0
C-43-41701-21,2026-09-02,20.5,48.25,17512.7,16143.91,-1368.79,0
C-43-45929-21,2026-09-02,1.5,48.25,2802.03,2376.32,-425.71,0
C-43-43882-21,2026-09-02,7.5,48.25,6607.81,6731.27,123.47,0
C-43-45467-21,2026-09-02,7.0,48.25,6325.68,6336.74,11.06,0
C-53-7871936-22,2026-09-02,2.0,48.25,3049.61,2730.21,-319.4,0
C-43-45105-21,2026-09-02,6.5,48.25,6044.52,5939.53,-104.99,0
C-53-7872134-22,2026-09-02,3.5,48.25,3966.99,3758.99,-208.0,0
C-43-45588-21,2026-09-02,8.5,48.25,7170.13,7523.27,353.14,0
C-53-7871976-22,2026-09-02,11.5,48.25,10887.62,9658.04,-1229.58,0
C-53-7871187-22,2026-09-02,4.0,48.25,4282.69,4090.37,-192.33,0
C-43-45357-21,2026-09-02,9.5,48.25,7733.42,8185.75,452.33,0
C-53-7872032-22,2026-09-02,5.5,48.25,5481.24,5148.83,-332.41,0
C-43-40163-21,2026-09-02,8.5,48.25,7170.13,7523.27,353.14,0
C-4152616871,2026-09-02,5.5,48.25,5481.24,5148.83,-332.41,0
C-43-45501-21,2026-09-02,22.0,48.25,19560.49,17034.54,-2525.95,0
C-53-7872028-22,2026-09-02,3.5,48.25,3966.99,3758.99,-208.0,0
C-43-45066-21,2026-09-02,11.0,48.25,10498.02,9300.59,-1197.43,0
C-53-7871979-22,2026-09-02,2.5,48.25,3535.17,3084.45,-450.71,0
C-43-43963-21,2026-09-02,9.5,48.25,7733.42,8185.75,452.33,0
C-43-45765-21,2026-09-02,2.5,48.25,3535.17,3084.45,-450.71,0
C-53-7871974-22,2026-09-02,2.0,48.25,3168.6,2730.21,-438.39,0
C-43-43059-21,2026-09-02,32.0,48.25,32071.75,24777.51,-7294.24,0
C-43-45901-21,2026-09-02,5.5,48.25,5481.24,5148.83,-332.41,0
C-43-42973-21,2026-09-02,20.5,48.25,17512.7,16143.91,-1368.79,0
C-43-44363-21,2026-09-02,14.5,48.25,13226.17,11701.56,-1524.61,0
C-43-45450-21,2026-09-02,7.0,48.25,6325.68,6336.74,11.06,0
C-53-7872053-22,2026-09-02,8.5,48.25,7170.13,7523.27,353.14,0
C-43-43176-21,2026-09-02,13.5,48.25,12446.97,11036.96,-1410.01,0
C-43-44381-21,2026-09-02,4.5,48.25,4599.36,4423.37,-175.99,0
C-43-45038-21,2026-09-02,7.5,48.25,6325.68,6731.27,405.59,0
C-53-7872078-22,2026-09-02,12.5,48.25,11666.82,10371.86,-1294.96,0
C-43-45874-21,2026-09-02,6.5,48.25,6044.52,5939.53,-104.99,0
C-43-45705-21,2026-09-02,6.0,48.25,5763.36,5544.88,-218.48,0
C-43-43252-21,2026-09-02,11.0,48.25,10498.02,9300.59,-1197.43,0
C-4154078979,2026-09-02,7.5,48.25,6607.81,6731.27,123.47,0
C-43-45713-21,2026-09-02,8.0,48.25,6888.97,7126.4,237.43,0
C-53-7872025-22,2026-09-02,8.5,48.25,6888.97,7523.27,634.3,0
C-43-45023-21,2026-09-02,6.0,48.25,5763.36,5544.88,-218.48,0
C-43-43152-21,2026-09-02,2.0,48.25,3168.6,2730.21,-438.39,0
C-4153726354,2026-09-02,4.0,48.25,4282.69,4090.37,-192.33,0
C-43-45545-21,2026-09-01,10.0,48.25,8016.5,8498.48,481.98,0
C-43-45566-21,2026-09-01,3.5,48.25,3967.95,3758.99,-208.96,0
C-43-45507-21,2026-09-01,4.5,48.25,4600.32,4423.37,-176.95,0
C-43-44600-21,2026-09-01,8.5,48.25,7172.05,7523.27,351.22,0
C-43-45395-21,2026-09-01,13.0,48.25,11669.7,10706.16,-963.53,0
C-43-45384-21,2026-09-01,5.0,48.25,4916.03,4752.83,-163.2,0
C-43-45145-21,2026-09-01,3.0,48.25,3652.24,3428.97,-223.27,0
C-43-44188-21,2026-09-01,1.5,48.25,2696.48,2376.32,-320.16,0
C-43-45354-21,2026-09-01,1.5,48.25,2696.48,2376.32,-320.16,0
C-43-45484-21,2026-09-01,6.0,48.25,5764.32,5544.88,-219.44,0
C-43-45526-21,2026-09-01,6.5,48.25,5764.32,5939.53,175.22,0
C-43-45641-21,2026-09-01,5.5,48.25,5483.15,5148.83,-334.33,0
C-43-45504-21,2026-09-01,15.5,48.25,14008.24,12370.0,-1638.24,0
C-43-44343-21,2026-09-01,6.5,48.25,6045.48,5939.53,-105.95,0
C-43-44664-21,2026-09-01,20.5,48.25,17906.14,16143.91,-1762.22,0
C-43-45418-21,2026-09-01,8.5,48.25,6890.89,7523.27,632.38,0
C-43-45586-21,2026-09-01,5.0,48.25,4916.03,4752.83,-163.2,0
C-43-45483-21,2026-09-01,4.0,48.25,4283.65,4090.37,-193.29,0
C-43-43967-21,2026-09-01,5.5,48.25,5483.15,5148.83,-334.33,0
C-43-44427-21,2026-09-01,11.5,48.25,10890.5,9658.04,-1232.46,0
C-43-45036-21,2026-09-01,3.5,48.25,3967.95,3758.99,-208.96,0
C-43-45455-21,2026-09-01,15.5,48.25,14008.24,12370.0,-1638.24,0
C-43-43667-21,2026-09-01,5.5,48.25,4916.03,5148.83,232.8,0
C-43-43573-21,2026-09-01,6.5,48.25,6045.48,5939.53,-105.95,0
C-43-45782-21,2026-09-01,4.5,48.25,4600.32,4423.37,-176.95,0
C-43-45048-21,2026-09-01,6.5,48.25,6045.48,5939.53,-105.95,0
C-43-42336-21,2026-09-01,11.5,48.25,10890.5,9658.04,-1232.46,0
C-53-7872022-22,2026-09-01,6.5,48.25,6045.48,5939.53,-105.95,0
C-43-44184-21,2026-09-01,8.5,48.25,7172.05,7523.27,351.22,0
C-43-45178-21,2026-09-01,10.0,48.25,8016.5,8498.48,481.98,0
C-43-45462-21,2026-09-01,9.0,48.25,7453.21,7864.47,411.25,0
C-53-7871952-22,2026-09-01,6.5,48.25,6045.48,5939.53,-105.95,0
C-43-45363-21,2026-09-01,10.0,48.25,8016.5,8498.48,481.98,0
C-53-7872064-22,2026-09-01,8.0,48.25,6890.89,7126.4,235.51,0
C-53-7871860-22,2026-09-01,15.0,48.25,13618.64,12035.62,-1583.03,0
C-43-41830-21,2026-09-01,8.0,48.25,6890.89,7126.4,235.51,0
C-43-45694-21,2026-09-01,12.0,48.25,11280.1,10014.5,-1265.59,0
C-43-43785-21,2026-09-01,8.0,48.25,6890.89,7126.4,235.51,0
C-43-45298-21,2026-09-01,5.5,48.25,5483.15,5148.83,-334.33,0
C-43-44242-21,2026-09-01,6.0,48.25,5764.32,5544.88,-219.44,0
C-43-44961-21,2026-09-01,6.5,48.25,6045.48,5939.53,-105.95,0
C-43-44764-21,2026-09-01,7.0,48.25,6327.6,6336.74,9.14,0
C-53-7872016-22,2026-09-01,2.0,48.25,3169.56,2730.21,-439.35,0
C-43-43426-21,2026-09-01,10.0,48.25,8016.5,8498.48,481.98,0
C-43-45530-21,2026-09-01,4.0,48.25,3967.95,4090.37,122.42,0
C-43-45265-21,2026-09-01,5.5,48.25,5483.15,5148.83,-334.33,0
C-43-43138-21,2026-09-01,5.0,48.25,4916.03,4752.83,-163.2,0
C-4152828792,2026-09-01,7.5,48.25,6608.77,6731.27,122.51,0
C-43-45665-21,2026-09-01,3.5,48.25,3967.95,3758.99,-208.96,0
C-43-41418-21,2026-09-01,4.0,48.25,4283.65,4090.37,-193.29,0
C-43-45633-21,2026-09-01,13.0,48.25,12059.29,10706.16,-1353.13,0
C-43-44445-21,2026-09-01,6.0,48.25,5764.32,5544.88,-219.44,0
C-43-45706-21,2026-09-01,5.0,48.25,4916.03,4752.83,-163.2,0
C-43-43462-21,2026-09-01,4.0,48.25,4283.65,4090.37,-193.29,0
C-43-44492-21,2026-09-01,4.5,48.25,4600.32,4423.37,-176.95,0
C-43-44852-21,2026-09-01,8.5,48.25,7172.05,7523.27,351.22,0
C-43-43598-21,2026-09-01,12.5,48.25,11669.7,10371.86,-1297.83,0
C-43-45492-21,2026-09-01,12.0,48.25,11280.1,10014.5,-1265.59,0
C-43-44783-21,2026-09-01,6.0,48.25,5764.32,5544.88,-219.44,0
C-43-44648-21,2026-09-01,3.5,48.25,3967.95,3758.99,-208.96,0
C-43-45037-21,2026-09-01,9.0,48.25,7453.21,7864.47,411.25,0
C-43-45474-21,2026-09-01,6.5,48.25,6045.48,5939.53,-105.95,0
C-53-7872015-22,2026-09-01,5.0,48.25,4916.03,4752.83,-163.2,0
C-53-7871884-22,2026-09-01,2.5,48.25,3536.13,3084.45,-451.67,0
C-43-45628-21,2026-09-01,8.5,48.25,7172.05,7523.27,351.22,0
C-53-7872156-22,2026-09-01,7.0,48.25,6327.6,6336.74,9.14,0
C-4153179242,2026-09-01,5.5,48.25,6223.97,5148.83,-1075.14,0
C-43-45317-21,2026-09-01,1.5,48.25,2802.99,2376.32,-426.67,0
C-43-45296-21,2026-09-01,5.0,48.25,4916.03,4752.83,-163.2,0
C-43-45379-21,2026-09-01,7.5,48.25,6608.77,6731.27,122.51,0
C-53-7872021-22,2026-09-01,5.0,48.25,4916.03,4752.83,-163.2,0
C-43-45331-21,2026-09-01,7.0,48.25,6327.6,6336.74,9.14,0
C-43-45592-21,2026-09-01,7.5,48.25,6327.6,6731.27,403.67,0
C-43-45183-21,2026-09-01,5.0,48.25,4916.03,4752.83,-163.2,0
C-43-45100-21,2026-09-01,5.0,48.25,4916.03,4752.83,-163.2,0
C-43-44379-21,2026-09-01,4.0,48.25,4283.65,4090.37,-193.29,0
C-43-44842-21,2026-09-01,12.0,48.25,11280.1,10014.5,-1265.59,0
C-43-45590-21,2026-09-01,9.0,48.25,7453.21,7864.47,411.25,0
C-43-45689-21,2026-09-01,11.0,48.25,10110.35,9300.59,-809.75,0
C-43-45605-21,2026-09-01,5.0,48.25,4916.03,4752.83,-163.2,0
C-43-45223-21,2026-09-01,8.0,48.25,6890.89,7126.4,235.51,0
C-43-45596-21,2026-09-01,6.5,48.25,6045.48,5939.53,-105.95,0
C-4153117457,2026-09-01,4.0,48.25,4283.65,4090.37,-193.29,0
C-43-45267-21,2026-09-01,8.0,48.25,6890.89,7126.4,235.51,0
C-43-44190-21,2026-09-01,8.0,48.25,6890.89,7126.4,235.51,0
C-43-44716-21,2026-09-01,5.5,48.25,5483.15,5148.83,-334.33,0
C-53-7871733-22,2026-09-01,5.5,48.25,5483.15,5148.83,-334.33,0
C-43-45314-21,2026-09-01,11.5,48.25,10890.5,9658.04,-1232.46,0
C-43-43716-21,2026-09-01,1.5,48.25,2696.48,2376.32,-320.16,0
C-43-43600-21,2026-09-01,10.0,48.25,8016.5,8498.48,481.98,0
C-53-7871926-22,2026-09-01,7.0,48.25,6327.6,6336.74,9.14,0
C-43-44940-21,2026-09-01,1.5,48.25,2696.48,2376.32,-320.16,0
C-43-45334-21,2026-09-01,8.5,48.25,6890.89,7523.27,632.38,0
C-43-45414-21,2026-09-01,6.5,48.25,6045.48,5939.53,-105.95,0
C-43-43469-21,2026-09-01,7.5,48.25,6608.77,6731.27,122.51,0
C-43-45447-21,2026-09-01,5.0,48.25,4916.03,4752.83,-163.2,0
C-43-44001-21,2026-09-01,10.5,48.25,10110.35,8944.67,-1165.67,0
C-43-43153-21,2026-09-01,5.0,48.25,4916.03,4752.83,-163.2,0
C-43-45519-21,2026-09-01,8.5,48.25,6890.89,7523.27,632.38,0
C-43-44981-21,2026-09-01,4.5,48.25,4283.65,4423.37,139.72,0
C-43-43563-21,2026-09-01,7.5,48.25,6608.77,6731.27,122.51,0
C-43-45559-21,2026-09-01,6.5,48.25,6045.48,5939.53,-105.95,0
C-43-45465-21,2026-09-01,7.0,48.25,6327.6,6336.74,9.14,0
C-43-45435-21,2026-09-01,13.0,48.25,12059.29,10706.16,-1353.13,0
C-43-44906-21,2026-09-01,2.0,48.25,3049.61,2730.21,-319.4,0
C-43-44825-21,2026-09-01,4.0,48.25,4283.65,4090.37,-193.29,0
C-53-7872019-22,2026-09-01,2.0,48.25,3049.61,2730.21,-319.4,0
C-43-45389-21,2026-08-31,6.5,48.25,5510.98,5939.53,428.55,0
C-43-44911-21,2026-08-31,5.0,48.25,4699.16,4752.83,53.67,0
C-43-43869-21,2026-08-31,6.0,48.25,5510.98,5544.88,33.9,0
C-43-45346-21,2026-08-31,3.5,48.25,3789.46,3758.99,-30.47,0
C-4126884417,2026-08-31,10.0,48.25,7673.92,8498.48,824.56,0
C-43-45668-21,2026-08-31,7.5,48.25,6321.84,6731.27,409.43,0
C-43-45371-21,2026-08-31,5.5,48.25,5240.38,5148.83,-91.55,0
C-43-45518-21,2026-08-31,5.0,48.25,4699.16,4752.83,53.67,0
C-43-45503-21,2026-08-31,3.5,48.25,3789.46,3758.99,-30.47,0
C-43-45679-21,2026-08-31,7.0,48.25,5781.59,6336.74,555.15,0
C-43-45472-21,2026-08-31,22.5,48.25,19124.83,17421.69,-1703.14,0
C-43-42933-21,2026-08-31,5.5,48.25,5240.38,5148.83,-91.55,0
C-43-44703-21,2026-08-31,2.5,48.25,3374.91,3084.45,-290.46,0
C-43-44501-21,2026-08-31,7.0,48.25,6052.2,6336.74,284.54,0
C-43-45001-21,2026-08-31,9.5,48.25,7403.31,8185.75,782.44,0
C-53-7872077-22,2026-08-31,3.5,48.25,3789.46,3758.99,-30.47,0
C-43-45517-21,2026-08-31,4.5,48.25,4395.93,4423.37,27.44,0
C-43-44864-21,2026-08-31,5.0,48.25,4699.16,4752.83,53.67,0
C-43-45206-21,2026-08-31,4.0,48.25,4092.69,4090.37,-2.33,0
C-43-45220-21,2026-08-31,6.0,48.25,5510.98,5544.88,33.9,0
C-43-44855-21,2026-08-31,9.0,48.25,7133.67,7864.47,730.8,0
C-43-45284-21,2026-08-31,3.5,48.25,3789.46,3758.99,-30.47,0
C-43-44862-21,2026-08-31,22.5,48.25,18715.08,17421.69,-1293.39,0
C-43-45359-21,2026-08-31,5.5,48.25,5240.38,5148.83,-91.55,0
C-43-45168-21,2026-08-31,4.5,48.25,4395.93,4423.37,27.44,0
C-43-45323-21,2026-08-31,7.5,48.25,6321.84,6731.27,409.43,0
C-43-45638-21,2026-08-31,7.5,48.25,6321.84,6731.27,409.43,0
C-53-7872054-22,2026-08-31,4.5,48.25,4395.93,4423.37,27.44,0
C-43-45166-21,2026-08-31,5.0,48.25,5797.9,4752.83,-1045.08,0
C-53-7872087-22,2026-08-31,11.0,48.25,9664.13,9300.59,-363.54,0
C-4148656406,2026-08-31,5.5,48.25,5240.38,5148.83,-91.55,0
C-43-45067-21,2026-08-31,3.0,48.25,3486.23,3428.97,-57.26,0
C-43-44873-21,2026-08-31,4.0,48.25,4092.69,4090.37,-2.33,0
C-43-44707-21,2026-08-31,6.5,48.25,5781.59,5939.53,157.94,0
C-43-45616-21,2026-08-31,5.0,48.25,4699.16,4752.83,53.67,0
C-43-45387-21,2026-08-31,5.5,48.25,5240.38,5148.83,-91.55,0
C-43-45623-21,2026-08-31,8.5,48.25,6863.06,7523.27,660.21,0
C-43-45685-21,2026-08-31,5.0,48.25,4699.16,4752.83,53.67,0
C-43-45604-21,2026-08-31,4.0,48.25,4092.69,4090.37,-2.33,0
C-43-44743-21,2026-08-31,10.0,48.25,7673.92,8498.48,824.56,0
C-43-44974-21,2026-08-31,1.5,48.25,2672.49,2376.32,-296.17,0
C-43-41818-21,2026-08-31,3.5,48.25,3789.46,3758.99,-30.47,0
C-43-45427-21,2026-08-31,6.5,48.25,5781.59,5939.53,157.94,0
C-4145992775,2026-08-31,3.0,48.25,3486.23,3428.97,-57.26,0
C-43-45366-21,2026-08-31,5.0,48.25,4699.16,4752.83,53.67,0
C-43-43791-21,2026-08-31,5.0,48.25,4699.16,4752.83,53.67,0
C-43-45362-21,2026-08-31,4.5,48.25,4395.93,4423.37,27.44,0
C-43-45574-21,2026-08-31,3.5,48.25,3789.46,3758.99,-30.47,0
C-43-45386-21,2026-08-31,6.5,48.25,5781.59,5939.53,157.94,0
C-4142759287,2026-08-31,2.5,48.25,3374.91,3084.45,-290.46,0
C-43-45275-21,2026-08-31,4.5,48.25,4395.93,4423.37,27.44,0
C-43-43657-21,2026-08-31,15.5,48.25,13395.06,12370.0,-1025.05,0
C-4153364761,2026-08-31,3.5,48.25,3789.46,3758.99,-30.47,0
C-43-44930-21,2026-08-31,16.0,48.25,13768.34,12704.51,-1063.83,0
C-53-7872004-22,2026-08-31,4.0,48.25,3789.46,4090.37,300.9,0
C-43-45691-21,2026-08-31,5.0,48.25,4699.16,4752.83,53.67,0
C-43-45442-21,2026-08-31,12.5,48.25,11156.31,10371.86,-784.45,0
C-43-44074-21,2026-08-31,5.0,48.25,4699.16,4752.83,53.67,0
C-43-45338-21,2026-08-31,5.0,48.25,4699.16,4752.83,53.67,0
C-43-44752-21,2026-08-31,7.0,48.25,6052.2,6336.74,284.54,0
C-43-45224-21,2026-08-31,5.0,48.25,4699.16,4752.83,53.67,0
C-4143448121,2026-08-31,7.0,48.25,6052.2,6336.74,284.54,0
C-43-41368-21,2026-08-31,3.0,48.25,3374.91,3428.97,54.06,0
C-43-45259-21,2026-08-31,3.0,48.25,3486.23,3428.97,-57.26,0
C-43-45669-21,2026-08-31,8.0,48.25,6592.45,7126.4,533.95,0
C-43-45198-21,2026-08-31,8.0,48.25,6592.45,7126.4,533.95,0
C-43-45289-21,2026-08-31,3.5,48.25,3486.23,3758.99,272.76,0
C-43-41512-21,2026-08-31,24.5,48.25,20765.74,18970.28,-1795.46,0
C-43-45352-21,2026-08-31,6.0,48.25,5510.98,5544.88,33.9,0
C-43-43228-21,2026-08-31,4.0,48.25,3789.46,4090.37,300.9,0
C-43-44081-21,2026-08-31,10.5,48.25,9664.13,8944.67,-719.46,0
C-43-45035-21,2026-08-31,3.0,48.25,3486.23,3428.97,-57.26,0
C-43-44914-21,2026-08-31,3.5,48.25,3789.46,3758.99,-30.47,0
C-43-45568-21,2026-08-31,6.0,48.25,5510.98,5544.88,33.9,0
C-43-45581-21,2026-08-31,5.0,48.25,4699.16,4752.83,53.67,0
C-43-44289-21,2026-08-31,33.5,48.25,32079.43,25938.96,-6140.47,0
C-43-45152-21,2026-08-31,8.0,48.25,6592.45,7126.4,533.95,0
C-43-44731-21,2026-08-31,4.0,48.25,4092.69,4090.37,-2.33,0
C-43-43920-21,2026-08-31,2.0,48.25,3023.7,2730.21,-293.49,0
C-4135022767,2026-08-31,14.0,48.25,12276.16,11370.51,-905.65,0
C-43-44414-21,2026-08-31,5.0,48.25,4699.16,4752.83,53.67,0
C-43-40244-21,2026-08-31,4.5,48.25,4395.93,4423.37,27.44,0
C-43-44412-21,2026-08-31,14.5,48.25,12649.45,11701.56,-947.89,0
C-43-44618-21,2026-08-31,13.5,48.25,11902.88,11036.96,-865.91,0
C-43-42477-21,2026-08-31,19.5,48.25,16380.37,15037.33,-1343.05,0
C-43-42835-21,2026-08-31,9.5,48.25,7403.31,8185.75,782.44,0
C-43-45505-21,2026-08-31,5.5,48.25,5240.38,5148.83,-91.55,0
C-4145503409,2026-08-31,4.0,48.25,4092.69,4090.37,-2.33,0
C-43-44483-21,2026-08-31,3.5,48.25,3789.46,3758.99,-30.47,0
C-43-40934-21,2026-08-31,7.5,48.25,6321.84,6731.27,409.43,0
C-43-44408-21,2026-08-31,2.0,48.25,3023.7,2730.21,-293.49,0
C-43-45657-21,2026-08-31,5.0,48.25,4699.16,4752.83,53.67,0
C-43-43587-21,2026-08-31,16.0,48.25,13768.34,12704.51,-1063.83,0
C-4153546574,2026-08-31,3.5,48.25,4693.4,3758.99,-934.42,0
C-43-45015-21,2026-08-31,5.0,48.25,4699.16,4752.83,53.67,0
C-43-45543-21,2026-08-31,2.5,48.25,3374.91,3084.45,-290.46,0
C-43-45636-21,2026-08-31,5.0,48.25,4699.16,4752.83,53.67,0
C-43-45453-21,2026-08-31,6.5,48.25,5781.59,5939.53,157.94,0
C-43-44713-21,2026-08-31,7.0,48.25,6052.2,6336.74,284.54,0
C-53-7872006-22,2026-08-31,8.5,48.25,6592.45,7523.27,930.82,0
C-43-44832-21,2026-08-31,6.0,48.25,5510.98,5544.88,33.9,0
C-43-45627-21,2026-08-31,7.0,48.25,6052.2,6336.74,284.54,0
C-53-7871808-22,2026-08-31,5.5,48.25,5240.38,5148.83,-91.55,0
C-53-7872128-22,2026-08-31,6.5,48.25,5510.98,5939.53,428.55,0
C-43-42164-21,2026-08-31,34.5,48.25,32899.89,26713.26,-6186.63,0
C-43-44416-21,2026-08-31,21.5,48.25,18304.37,16647.39,-1656.98,0
C-43-45404-21,2026-08-31,5.0,48.25,4699.16,4752.83,53.67,0
C-43-45378-21,2026-08-29,6.0,47.0,5452.45,5498.13,45.68,0
C-43-45165-21,2026-08-29,6.5,47.0,5719.22,5889.45,170.24,0
C-43-43274-21,2026-08-29,2.0,47.0,2643.7,2707.19,63.49,0
C-43-44808-21,2026-08-29,8.5,47.0,6521.44,7459.84,938.4,0
C-43-44556-21,2026-08-29,11.5,47.0,10298.43,9576.61,-721.82,0
C-43-44892-21,2026-08-29,14.5,47.0,12513.18,11602.9,-910.29,0
C-43-44684-21,2026-08-29,1.5,47.0,2643.7,2356.28,-287.42,0
C-43-45434-21,2026-08-29,7.5,47.0,6254.67,6674.52,419.84,0
C-43-43684-21,2026-08-29,11.5,47.0,10298.43,9576.61,-721.82,0
C-43-45026-21,2026-08-29,6.0,47.0,5452.45,5498.13,45.68,0
C-43-44992-21,2026-08-29,4.5,47.0,4348.91,4386.07,37.17,0
C-4126113464,2026-08-29,7.0,47.0,5986.94,6283.31,296.37,0
C-43-44424-21,2026-08-29,9.0,47.0,7056.9,7798.15,741.26,0
C-43-44718-21,2026-08-29,2.0,47.0,2877.84,2707.19,-170.65,0
C-43-45343-21,2026-08-29,5.5,47.0,5184.72,5105.41,-79.31,0
C-43-45445-21,2026-08-29,5.0,47.0,4648.3,4712.75,64.45,0
C-43-44303-21,2026-08-29,4.0,47.0,4048.55,4055.88,7.32,0
C-43-43484-21,2026-08-29,26.5,47.0,26053.14,20345.87,-5707.27,0
C-43-45179-21,2026-08-29,10.5,47.0,9560.49,8869.25,-691.24,0
C-43-45448-21,2026-08-29,6.5,47.0,5719.22,5889.45,170.24,0
C-43-45305-21,2026-08-29,4.5,47.0,4348.91,4386.07,37.17,0
C-43-44856-21,2026-08-29,6.5,47.0,5719.22,5889.45,170.24,0
C-43-45124-21,2026-08-29,6.5,47.0,5719.22,5889.45,170.24,0
C-43-45367-21,2026-08-29,5.0,47.0,4648.3,4712.75,64.45,0
C-43-45149-21,2026-08-29,11.0,47.0,9928.98,9222.17,-706.81,0
C-43-44357-21,2026-08-29,10.5,47.0,9560.49,8869.25,-691.24,0
C-43-45076-21,2026-08-29,5.5,47.0,5184.72,5105.41,-79.31,0
C-43-44686-21,2026-08-29,7.0,47.0,5986.94,6283.31,296.37,0
C-43-44368-21,2026-08-29,18.5,47.0,15465.87,14245.99,-1219.88,0
C-4140323638,2026-08-29,36.5,47.0,34169.44,28023.56,-6145.88,0
C-43-44861-21,2026-08-29,5.0,47.0,4348.91,4712.75,363.84,0
C-43-45468-21,2026-08-29,4.5,47.0,4048.55,4386.07,337.52,0
C-43-45196-21,2026-08-29,4.5,47.0,4348.91,4386.07,37.17,0
C-43-45433-21,2026-08-29,4.0,47.0,4048.55,4055.88,7.32,0
C-43-44791-21,2026-08-29,5.0,47.0,4648.3,4712.75,64.45,0
C-43-44570-21,2026-08-29,6.5,47.0,5719.22,5889.45,170.24,0
C-43-44207-21,2026-08-29,12.0,47.0,10667.87,9930.06,-737.81,0
C-43-41243-21,2026-08-29,8.5,47.0,6789.17,7459.84,670.67,0
C-43-45437-21,2026-08-29,3.5,47.0,3749.16,3727.29,-21.87,0
C-43-43836-21,2026-08-29,6.0,47.0,5452.45,5498.13,45.68,0
C-53-7872068-22,2026-08-29,3.0,47.0,3448.8,3400.06,-48.74,0
C-43-45436-21,2026-08-29,3.5,47.0,3749.16,3727.29,-21.87,0
C-43-45232-21,2026-08-29,12.5,47.0,11036.36,10284.41,-751.95,0
C-43-44165-21,2026-08-29,6.0,47.0,5452.45,5498.13,45.68,0
C-4135514492,2026-08-29,4.0,47.0,4048.55,4055.88,7.32,0
C-43-45207-21,2026-08-29,4.5,47.0,4348.91,4386.07,37.17,0
C-4148605423,2026-08-29,9.5,47.0,7323.67,8116.73,793.06,0
C-43-45421-21,2026-08-29,7.5,47.0,6254.67,6674.52,419.84,0
C-43-42740-21,2026-08-29,8.5,47.0,6789.17,7459.84,670.67,0
C-53-7871821-22,2026-08-29,3.0,47.0,3448.8,3400.06,-48.74,0
C-43-45071-21,2026-08-29,5.0,47.0,4648.3,4712.75,64.45,0
C-43-44891-21,2026-08-29,1.5,47.0,2643.7,2356.28,-287.42,0
C-43-45287-21,2026-08-29,20.0,47.0,16573.25,15236.17,-1337.08,0
C-43-44951-21,2026-08-29,5.5,47.0,5184.72,5105.41,-79.31,0
C-43-45451-21,2026-08-29,6.0,47.0,5452.45,5498.13,45.68,0
C-43-44833-21,2026-08-29,1.5,47.0,2643.7,2356.28,-287.42,0
C-43-43643-21,2026-08-29,12.5,47.0,11036.36,10284.41,-751.95,0
C-43-43259-21,2026-08-29,8.0,47.0,6521.44,7066.31,544.87,0
C-43-45457-21,2026-08-29,8.5,47.0,6789.17,7459.84,670.67,0
C-43-45121-21,2026-08-29,6.5,47.0,5719.22,5889.45,170.24,0
C-43-45247-21,2026-08-29,5.0,47.0,4648.3,4712.75,64.45,0
C-43-45011-21,2026-08-29,8.0,47.0,6521.44,7066.31,544.87,0
C-43-44785-21,2026-08-29,19.0,47.0,15835.32,14578.93,-1256.39,0
C-43-45479-21,2026-08-29,7.5,47.0,6254.67,6674.52,419.84,0
C-4136610800,2026-08-29,5.0,47.0,4648.3,4712.75,64.45,0
C-43-44869-21,2026-08-29,7.0,47.0,5986.94,6283.31,296.37,0
C-43-45241-21,2026-08-29,4.5,47.0,4348.91,4386.07,37.17,0
C-43-45385-21,2026-08-29,3.5,47.0,3749.16,3727.29,-21.87,0
C-53-7871685-22,2026-08-29,10.0,47.0,7323.67,8426.83,1103.16,0
C-43-41408-21,2026-08-29,12.0,47.0,10298.43,9930.06,-368.36,0
C-43-40923-21,2026-08-29,2.0,47.0,2991.07,2707.19,-283.88,0
C-43-45288-21,2026-08-29,6.5,47.0,5719.22,5889.45,170.24,0
C-4126699364,2026-08-29,7.5,47.0,6254.67,6674.52,419.84,0
C-43-43413-21,2026-08-29,6.0,47.0,5452.45,5498.13,45.68,0
C-53-7872005-22,2026-08-29,10.0,47.0,7591.4,8426.83,835.43,0
C-43-43526-21,2026-08-29,6.5,47.0,5719.22,5889.45,170.24,0
C-53-7871567-22,2026-08-29,2.5,47.0,3338.45,3058.45,-280.0,0
C-53-7871842-22,2026-08-29,2.5,47.0,3212.74,3058.45,-154.29,0
C-4139013724,2026-08-29,7.5,47.0,6254.67,6674.52,419.84,0
C-4142342070,2026-08-29,5.5,47.0,5184.72,5105.41,-79.31,0
C-43-45394-21,2026-08-29,3.5,47.0,3749.16,3727.29,-21.87,0
C-43-44794-21,2026-08-29,7.0,47.0,5986.94,6283.31,296.37,0
C-43-45180-21,2026-08-29,5.5,47.0,5184.72,5105.41,-79.31,0
C-43-45512-21,2026-08-29,6.0,47.0,5452.45,5498.13,45.68,0
C-43-44933-21,2026-08-29,6.5,47.0,5719.22,5889.45,170.24,0
C-53-7871968-22,2026-08-29,8.5,47.0,6789.17,7459.84,670.67,0
C-43-45065-21,2026-08-29,4.5,47.0,4348.91,4386.07,37.17,0
C-53-7871832-22,2026-08-29,4.5,47.0,4348.91,4386.07,37.17,0
C-43-43500-21,2026-08-29,7.5,47.0,5986.94,6674.52,687.57,0
C-43-45491-21,2026-08-29,2.5,47.0,3212.74,3058.45,-154.29,0
C-43-44770-21,2026-08-29,3.5,47.0,3749.16,3727.29,-21.87,0
C-43-45339-21,2026-08-29,7.0,47.0,5986.94,6283.31,296.37,0
C-43-41478-21,2026-08-29,13.5,47.0,11775.25,10943.9,-831.35,0
C-43-45475-21,2026-08-29,7.0,47.0,5986.94,6283.31,296.37,0
C-43-44907-21,2026-08-29,8.0,47.0,6521.44,7066.31,544.87,0
C-43-44779-21,2026-08-29,10.0,47.0,7591.4,8426.83,835.43,0
C-43-44866-21,2026-08-29,7.5,47.0,6254.67,6674.52,419.84,0
C-43-44827-21,2026-08-29,5.5,47.0,5184.72,5105.41,-79.31,0
C-43-45481-21,2026-08-28,5.5,47.0,5184.72,5105.41,-79.31,0
C-43-44533-21,2026-08-28,51.0,47.0,49926.07,38680.26,-11245.81,1
C-43-45300-21,2026-08-28,1.5,47.0,2643.7,2356.28,-287.42,0
C-43-45163-21,2026-08-28,8.0,47.0,6521.44,7066.31,544.87,0
C-43-44597-21,2026-08-28,14.0,47.0,12143.74,11274.64,-869.1,0
C-43-45123-21,2026-08-28,9.5,47.0,7323.67,8116.73,793.06,0
C-43-42848-21,2026-08-28,6.0,47.0,5452.45,5498.13,45.68,0
C-43-44990-21,2026-08-28,7.0,47.0,5986.94,6283.31,296.37,0
C-43-45057-21,2026-08-28,8.5,47.0,6789.17,7459.84,670.67,0
C-43-45278-21,2026-08-28,11.0,47.0,9928.98,9222.17,-706.81,0
C-43-44722-21,2026-08-28,53.5,47.0,52022.79,40576.35,-11446.44,1
C-43-44057-21,2026-08-28,4.5,47.0,4348.91,4386.07,37.17,0
C-43-42954-21,2026-08-28,23.5,47.0,19731.3,18042.56,-1688.73,0
C-43-44844-21,2026-08-28,4.0,47.0,4048.55,4055.88,7.32,0
C-53-7872099-22,2026-08-28,10.5,47.0,9560.49,8869.25,-691.24,0
C-43-43894-21,2026-08-28,8.5,47.0,6789.17,7459.84,670.67,0
C-53-7871850-22,2026-08-28,3.0,47.0,3448.8,3400.06,-48.74,0
C-53-7872103-22,2026-08-28,9.5,47.0,7323.67,8116.73,793.06,0
C-43-44701-21,2026-08-28,8.5,47.0,6789.17,7459.84,670.67,0
C-43-45382-21,2026-08-28,7.0,47.0,5986.94,6283.31,296.37,0
C-43-43860-21,2026-08-28,21.0,47.0,16942.7,16123.14,-819.56,0
C-43-45209-21,2026-08-28,5.0,47.0,4648.3,4712.75,64.45,0
C-43-45273-21,2026-08-28,5.5,47.0,5184.72,5105.41,-79.31,0
C-53-7871962-22,2026-08-28,5.5,47.0,5184.72,5105.41,-79.31,0
C-43-45463-21,2026-08-28,1.5,47.0,2643.7,2356.28,-287.42,0
C-43-45476-21,2026-08-28,5.0,47.0,4648.3,4712.75,64.45,0
C-43-45312-21,2026-08-28,1.5,47.0,2542.94,2356.28,-186.66,0
C-43-45144-21,2026-08-28,7.0,47.0,5986.94,6283.31,296.37,0
C-43-45039-21,2026-08-28,5.0,47.0,4648.3,4712.75,64.45,0
C-43-45255-21,2026-08-28,3.5,47.0,3749.16,3727.29,-21.87,0
C-43-45392-21,2026-08-28,4.0,47.0,4048.55,4055.88,7.32,0
C-43-45324-21,2026-08-28,4.0,47.0,4048.55,4055.88,7.32,0
C-43-44879-21,2026-08-28,6.5,47.0,5719.22,5889.45,170.24,0
C-43-45294-21,2026-08-28,6.5,47.0,5719.22,5889.45,170.24,0
C-43-45573-21,2026-08-28,9.0,47.0,7056.9,7798.15,741.26,0
C-53-7871699-22,2026-08-28,3.0,47.0,3448.8,3400.06,-48.74,0
C-43-45399-21,2026-08-28,4.0,47.0,4048.55,4055.88,7.32,0
C-43-42473-21,2026-08-28,6.5,47.0,5719.22,5889.45,170.24,0
C-43-45222-21,2026-08-28,4.5,47.0,4348.91,4386.07,37.17,0
C-43-43969-21,2026-08-28,1.5,47.0,2643.7,2356.28,-287.42,0
C-43-45303-21,2026-08-28,2.5,47.0,3338.45,3058.45,-280.0,0
C-53-7871984-22,2026-08-28,3.5,47.0,3749.16,3727.29,-21.87,0
C-43-45260-21,2026-08-28,6.5,47.0,5719.22,5889.45,170.24,0
C-43-43345-21,2026-08-28,8.5,47.0,6789.17,7459.84,670.67,0
C-43-42378-21,2026-08-27,18.5,47.0,15441.88,14245.99,-1195.89,0
C-4144317509,2026-08-27,6.0,47.0,6641.39,5498.13,-1143.26,0
C-53-7872094-22,2026-08-27,3.5,47.0,3743.4,3727.29,-16.11,0
C-4145291699,2026-08-27,7.0,47.0,5977.35,6283.31,305.96,0
C-43-44938-21,2026-08-27,1.5,47.0,2292.48,2356.28,63.8,0
C-53-7871882-22,2026-08-27,7.0,47.0,5977.35,6283.31,305.96,0
C-43-44834-21,2026-08-27,6.0,47.0,5443.81,5498.13,54.32,0
C-43-45045-21,2026-08-27,7.5,47.0,5977.35,6674.52,697.17,0
C-43-44883-21,2026-08-27,9.0,47.0,6778.61,7798.15,1019.54,0
C-43-44806-21,2026-08-27,11.0,47.0,9913.63,9222.17,-691.45,0
C-43-45227-21,2026-08-27,5.0,47.0,4641.59,4712.75,71.17,0
C-43-44884-21,2026-08-27,3.0,47.0,3444.0,3400.06,-43.95,0
C-43-44830-21,2026-08-27,5.0,47.0,4641.59,4712.75,71.17,0
C-43-43604-21,2026-08-27,9.0,47.0,7045.38,7798.15,752.77,0
C-53-7872091-22,2026-08-27,7.0,47.0,5977.35,6283.31,305.96,0
C-43-45027-21,2026-08-27,5.5,47.0,5176.08,5105.41,-70.67,0
C-53-7872098-22,2026-08-27,3.0,47.0,3444.0,3400.06,-43.95,0
C-4138146695,2026-08-27,5.0,47.0,4641.59,4712.75,71.17,0
C-4146907152,2026-08-27,9.0,47.0,7045.38,7798.15,752.77,0
C-43-45563-21,2026-08-27,1.5,47.0,2539.1,2356.28,-182.82,0
C-43-45111-21,2026-08-27,5.0,47.0,4641.59,4712.75,71.17,0
C-43-44666-21,2026-08-27,4.5,47.0,4342.19,4386.07,43.88,0
C-53-7871951-22,2026-08-27,17.0,47.0,14336.42,13254.56,-1081.86,0
C-53-7871873-22,2026-08-27,5.5,47.0,5176.08,5105.41,-70.67,0
C-4140250650,2026-08-27,4.0,47.0,4042.79,4055.88,13.08,0
C-43-44588-21,2026-08-27,4.5,47.0,4342.19,4386.07,43.88,0
C-43-45007-21,2026-08-27,6.5,47.0,2638.9,5889.45,3250.55,0
C-43-44567-21,2026-08-27,10.5,47.0,9545.14,8869.25,-675.89,0
C-43-45292-21,2026-08-27,5.5,47.0,4641.59,5105.41,463.83,0
C-4151244446,2026-08-27,5.5,47.0,5176.08,5105.41,-70.67,0
C-43-44976-21,2026-08-27,4.0,47.0,4042.79,4055.88,13.08,0
C-43-44960-21,2026-08-27,12.0,47.0,10650.6,9930.06,-720.54,0
C-43-44712-21,2026-08-27,7.5,47.0,6244.12,6674.52,430.4,0
C-4150530875,2026-08-27,7.5,47.0,6244.12,6674.52,430.4,0
C-43-43887-21,2026-08-27,2.0,47.0,2986.28,2707.19,-279.08,0
C-43-43028-21,2026-08-27,10.0,47.0,7579.88,8426.83,846.95,0
C-43-45074-21,2026-08-27,6.0,47.0,5443.81,5498.13,54.32,0
C-43-44575-21,2026-08-27,7.5,47.0,6244.12,6674.52,430.4,0
C-43-44766-21,2026-08-27,8.5,47.0,6778.61,7459.84,681.22,0
C-43-42377-21,2026-08-27,15.0,47.0,12861.52,11934.13,-927.38,0
C-43-44799-21,2026-08-27,8.0,47.0,6511.85,7066.31,554.46,0
C-43-44395-21,2026-08-27,4.0,47.0,4042.79,4055.88,13.08,0
C-43-45266-21,2026-08-27,12.5,47.0,11019.09,10284.41,-734.68,0
C-43-45416-21,2026-08-27,7.0,47.0,5977.35,6283.31,305.96,0
C-43-44705-21,2026-08-27,16.0,47.0,13599.45,12597.39,-1002.06,0
C-43-44901-21,2026-08-27,4.0,47.0,4042.79,4055.88,13.08,0
C-43-45193-21,2026-08-27,14.0,47.0,12124.55,11274.64,-849.91,0
C-43-44935-21,2026-08-27,4.0,47.0,4042.79,4055.88,13.08,0
C-43-45264-21,2026-08-27,1.5,47.0,2638.9,2356.28,-282.62,0
C-43-44452-21,2026-08-27,1.5,47.0,2539.1,2356.28,-182.82,0
C-43-44874-21,2026-08-27,19.5,47.0,16178.86,14910.53,-1268.32,0
C-53-7872101-22,2026-08-27,9.0,47.0,6778.61,7798.15,1019.54,0
C-43-43087-21,2026-08-27,9.0,47.0,7045.38,7798.15,752.77,0
C-43-45252-21,2026-08-27,11.0,47.0,4342.19,9222.17,4879.98,0
C-43-45170-21,2026-08-27,6.0,47.0,5443.81,5498.13,54.32,0
C-43-45256-21,2026-08-27,7.5,47.0,6244.12,6674.52,430.4,0
C-43-45489-21,2026-08-27,8.0,47.0,6511.85,7066.31,554.46,0
C-43-44340-21,2026-08-27,10.5,47.0,9545.14,8869.25,-675.89,0
C-43-45246-21,2026-08-27,6.0,47.0,5443.81,5498.13,54.32,0
C-43-44338-21,2026-08-27,4.5,47.0,4342.19,4386.07,43.88,0
C-43-45210-21,2026-08-27,9.0,47.0,7045.38,7798.15,752.77,0
C-43-44955-21,2026-08-27,15.0,47.0,12861.52,11934.13,-927.38,0
C-43-45053-21,2026-08-27,9.0,47.0,7045.38,7798.15,752.77,0
C-43-45093-21,2026-08-27,5.5,47.0,5176.08,5105.41,-70.67,0
C-43-44499-21,2026-08-27,6.5,47.0,5710.58,5889.45,178.87,0
C-43-45146-21,2026-08-27,7.0,47.0,5977.35,6283.31,305.96,0
C-43-45276-21,2026-08-27,5.5,47.0,5176.08,5105.41,-70.67,0
C-43-44213-21,2026-08-27,6.5,47.0,5710.58,5889.45,178.87,0
C-43-45203-21,2026-08-27,6.0,47.0,5176.08,5498.13,322.04,0
C-53-7871892-22,2026-08-27,6.0,47.0,5443.81,5498.13,54.32,0
C-43-45127-21,2026-08-27,10.0,47.0,7579.88,8426.83,846.95,0
C-43-45013-21,2026-08-27,6.0,47.0,5443.81,5498.13,54.32,0
C-43-44617-21,2026-08-27,6.5,47.0,5710.58,5889.45,178.87,0
C-43-44744-21,2026-08-27,5.5,47.0,5176.08,5105.41,-70.67,0
C-43-45350-21,2026-08-26,7.5,47.0,6252.75,6674.52,421.76,0
C-4109725751,2026-08-26,5.5,47.0,5182.8,5105.41,-77.39,0
C-43-45221-21,2026-08-26,8.5,47.0,6787.25,7459.84,672.59,0
C-43-43841-21,2026-08-26,7.0,47.0,5985.03,6283.31,298.29,0
C-43-44592-21,2026-08-26,10.0,47.0,7589.48,8426.83,837.35,0
C-53-7871987-22,2026-08-26,1.5,47.0,2541.98,2356.28,-185.7,0
C-43-42142-21,2026-08-26,14.0,47.0,12139.9,11274.64,-865.26,0
C-43-43674-21,2026-08-26,3.5,47.0,3748.2,3727.29,-20.91,0
C-43-40737-21,2026-08-26,1.5,47.0,2541.98,2356.28,-185.7,0
C-53-7871620-22,2026-08-26,3.5,47.0,3748.2,3727.29,-20.91,0
C-43-45132-21,2026-08-26,6.5,47.0,5717.3,5889.45,172.16,0
C-4129359062,2026-08-26,6.0,47.0,5450.53,5498.13,47.6,0
C-43-44847-21,2026-08-26,6.0,47.0,5450.53,5498.13,47.6,0
C-43-44248-21,2026-08-26,9.0,47.0,7054.02,7798.15,744.13,0
C-43-43982-21,2026-08-26,8.0,47.0,6519.52,7066.31,546.79,0
C-43-45162-21,2026-08-26,8.0,47.0,6519.52,7066.31,546.79,0
C-4148013057,2026-08-26,7.0,47.0,5985.03,6283.31,298.29,0
C-43-43434-21,2026-08-26,4.0,47.0,4047.59,4055.88,8.28,0
C-43-41150-21,2026-08-26,5.5,47.0,5182.8,5105.41,-77.39,0
C-43-45131-21,2026-08-26,7.5,47.0,6252.75,6674.52,421.76,0
C-43-43316-21,2026-08-26,52.5,47.0,51167.79,39817.92,-11349.87,1
C-43-45268-21,2026-08-26,2.0,47.0,2876.88,2707.19,-169.69,0
C-43-44971-21,2026-08-26,11.0,47.0,9926.1,9222.17,-703.93,0
C-43-43806-21,2026-08-26,5.5,47.0,5182.8,5105.41,-77.39,0
C-43-44658-21,2026-08-26,2.0,47.0,2990.11,2707.19,-282.92,0
C-43-41774-21,2026-08-26,5.5,47.0,5182.8,5105.41,-77.39,0
C-43-44781-21,2026-08-26,6.0,47.0,5450.53,5498.13,47.6,0
C-43-44654-21,2026-08-26,2.0,47.0,2990.11,2707.19,-282.92,0
C-53-7871786-22,2026-08-26,3.0,47.0,3447.84,3400.06,-47.78,0
C-43-45017-21,2026-08-26,6.0,47.0,5450.53,5498.13,47.6,0
C-43-45185-21,2026-08-26,2.5,47.0,3337.49,3058.45,-279.04,0
C-43-45142-21,2026-08-26,12.0,47.0,10664.03,9930.06,-733.97,0
C-43-42245-21,2026-08-26,20.5,47.0,16568.45,16007.79,-560.66,0
C-53-7871940-22,2026-08-26,3.0,47.0,3337.49,3400.06,62.57,0
C-43-44953-21,2026-08-26,5.0,47.0,4647.34,4712.75,65.41,0
C-53-7871858-22,2026-08-26,10.0,47.0,7589.48,8426.83,837.35,0
C-43-44952-21,2026-08-26,5.5,47.0,4647.34,5105.41,458.07,0
C-43-44945-21,2026-08-26,7.0,47.0,5985.03,6283.31,298.29,0
C-43-44118-21,2026-08-26,6.5,47.0,5450.53,5889.45,438.92,0
C-43-45159-21,2026-08-26,1.5,47.0,2642.74,2356.28,-286.46,0
C-43-44899-21,2026-08-26,7.0,47.0,5985.03,6283.31,298.29,0
C-43-45235-21,2026-08-26,2.0,47.0,2990.11,2707.19,-282.92,0
C-43-44039-21,2026-08-26,7.5,47.0,6252.75,6674.52,421.76,0
C-53-7871923-22,2026-08-26,1.5,47.0,2541.98,2356.28,-185.7,0
C-43-43407-21,2026-08-26,18.5,47.0,15461.08,14245.99,-1215.08,0
C-43-44589-21,2026-08-26,6.0,47.0,5450.53,5498.13,47.6,0
C-53-7871844-22,2026-08-26,9.5,47.0,7321.75,8116.73,794.98,0
C-43-44410-21,2026-08-26,8.0,47.0,6519.52,7066.31,546.79,0
C-53-7871747-22,2026-08-26,2.0,47.0,2642.74,2707.19,64.45,0
C-43-44809-21,2026-08-26,4.0,47.0,4047.59,4055.88,8.28,0
C-43-44915-21,2026-08-26,5.5,47.0,5182.8,5105.41,-77.39,0
C-43-45258-21,2026-08-26,2.5,47.0,3337.49,3058.45,-279.04,0
C-43-44904-21,2026-08-26,2.5,47.0,3337.49,3058.45,-279.04,0
C-43-45072-21,2026-08-26,6.0,47.0,5450.53,5498.13,47.6,0
C-43-43995-21,2026-08-26,2.5,47.0,3337.49,3058.45,-279.04,0
C-43-44436-21,2026-08-26,4.5,47.0,4346.99,4386.07,39.09,0
C-43-45059-21,2026-08-26,5.5,47.0,5182.8,5105.41,-77.39,0
C-43-44803-21,2026-08-26,3.5,47.0,3748.2,3727.29,-20.91,0
C-43-45380-21,2026-08-26,6.5,47.0,5717.3,5889.45,172.16,0
C-43-44982-21,2026-08-26,4.5,47.0,4346.99,4386.07,39.09,0
C-43-44625-21,2026-08-26,4.0,47.0,4047.59,4055.88,8.28,0
C-43-44035-21,2026-08-26,28.0,47.0,27262.24,21497.52,-5764.71,0
C-43-44727-21,2026-08-26,1.5,47.0,2541.98,2356.28,-185.7,0
C-4145297512,2026-08-26,7.0,47.0,5985.03,6283.31,298.29,0
C-43-43842-21,2026-08-26,6.5,47.0,5717.3,5889.45,172.16,0
C-43-44923-21,2026-08-26,6.0,47.0,5450.53,5498.13,47.6,0
C-43-45090-21,2026-08-26,2.0,47.0,2876.88,2707.19,-169.69,0
C-43-40751-21,2026-08-26,5.0,47.0,4647.34,4712.75,65.41,0
C-43-44870-21,2026-08-26,11.0,47.0,9926.1,9222.17,-703.93,0
C-43-44772-21,2026-08-26,3.0,47.0,3447.84,3400.06,-47.78,0
C-43-45058-21,2026-08-26,9.0,47.0,7054.02,7798.15,744.13,0
C-43-44859-21,2026-08-26,2.0,47.0,2990.11,2707.19,-282.92,0
C-43-45297-21,2026-08-26,9.0,47.0,7054.02,7798.15,744.13,0
C-43-40590-21,2026-08-26,8.0,47.0,6519.52,7066.31,546.79,0
C-43-45156-21,2026-08-26,17.5,47.0,14723.14,13588.34,-1134.81,0
C-53-7871754-22,2026-08-26,9.0,47.0,7054.02,7798.15,744.13,0
C-53-7871514-22,2026-08-26,10.5,47.0,9557.62,8869.25,-688.36,0
C-43-45277-21,2026-08-26,2.0,47.0,2876.88,2707.19,-169.69,0
C-43-45060-21,2026-08-26,9.0,47.0,7054.02,7798.15,744.13,0
C-4140302268,2026-08-26,5.0,47.0,4647.34,4712.75,65.41,0
C-53-7872071-22,2026-08-26,5.0,47.0,4346.99,4712.75,365.76,0
C-43-45101-21,2026-08-26,3.5,47.0,3748.2,3727.29,-20.91,0
C-53-7872070-22,2026-08-26,7.5,47.0,6252.75,6674.52,421.76,0
C-43-44964-21,2026-08-26,2.5,47.0,3337.49,3058.45,-279.04,0
C-43-44698-21,2026-08-26,7.5,47.0,6252.75,6674.52,421.76,0
C-43-44947-21,2026-08-26,5.0,47.0,4647.34,4712.75,65.41,0
C-43-44934-21,2026-08-26,4.0,47.0,4047.59,4055.88,8.28,0
C-43-45069-21,2026-08-26,7.0,47.0,5985.03,6283.31,298.29,0
C-43-44912-21,2026-08-26,4.0,47.0,4047.59,4055.88,8.28,0
C-4144104794,2026-08-26,12.0,47.0,10664.03,9930.06,-733.97,0
C-43-44406-21,2026-08-26,2.0,47.0,2990.11,2707.19,-282.92,0
C-43-44547-21,2026-08-26,29.0,47.0,28073.1,22265.29,-5807.81,0
C-43-43341-21,2026-08-26,8.0,47.0,6519.52,7066.31,546.79,0
C-4140371539,2026-08-26,5.5,47.0,5182.8,5105.41,-77.39,0
C-43-45061-21,2026-08-26,5.0,47.0,4647.34,4712.75,65.41,0
C-53-7871750-22,2026-08-26,2.0,47.0,2990.11,2707.19,-282.92,0
C-43-42948-21,2026-08-26,11.0,47.0,9926.1,9222.17,-703.93,0
C-43-45112-21,2026-08-26,4.5,47.0,4346.99,4386.07,39.09,0
C-43-45006-21,2026-08-26,5.0,47.0,4647.34,4712.75,65.41,0
C-4140634032,2026-08-26,18.0,47.0,15092.59,13915.5,-1177.09,0
C-43-44780-21,2026-08-26,6.0,47.0,5450.53,5498.13,47.6,0
C-43-45056-21,2026-08-26,7.0,47.0,5717.3,6283.31,566.01,0
C-43-45249-21,2026-08-26,5.5,47.0,5182.8,5105.41,-77.39,0
C-43-44922-21,2026-08-26,4.5,47.0,4346.99,4386.07,39.09,0
C-43-44877-21,2026-08-26,4.5,47.0,4346.99,4386.07,39.09,0
C-43-44428-21,2026-08-26,9.5,47.0,7321.75,8116.73,794.98,0
C-43-44845-21,2026-08-26,1.5,47.0,2642.74,2356.28,-286.46,0
C-43-44840-21,2026-08-26,2.0,47.0,2990.11,2707.19,-282.92,0
C-43-44519-21,2026-08-26,4.5,47.0,4346.99,4386.07,39.09,0
C-43-44349-21,2026-08-26,1.5,47.0,2642.74,2356.28,-286.46,0
C-43-44787-21,2026-08-26,4.0,47.0,4047.59,4055.88,8.28,0
C-43-45089-21,2026-08-26,5.0,47.0,4647.34,4712.75,65.41,0
C-4092464198,2026-08-26,4.0,47.0,4047.59,4055.88,8.28,0
C-43-44460-21,2026-08-26,6.5,47.0,5717.3,5889.45,172.16,0
C-43-44358-21,2026-08-26,6.0,47.0,5450.53,5498.13,47.6,0
C-43-45125-21,2026-08-26,5.5,47.0,5182.8,5105.41,-77.39,0
C-43-45189-21,2026-08-26,9.0,47.0,7054.02,7798.15,744.13,0
C-43-44969-21,2026-08-26,6.5,47.0,5717.3,5889.45,172.16,0
C-4143610315,2026-08-26,5.5,47.0,5182.8,5105.41,-77.39,0
C-43-45176-21,2026-08-26,4.5,47.0,4346.99,4386.07,39.09,0
C-4134534670,2026-08-26,8.0,47.0,6519.52,7066.31,546.79,0
C-43-44735-21,2026-08-26,7.0,47.0,5985.03,6283.31,298.29,0
C-43-44774-21,2026-08-26,4.0,47.0,4047.59,4055.88,8.28,0
C-43-44875-21,2026-08-26,3.5,47.0,3748.2,3727.29,-20.91,0
C-43-44246-21,2026-08-26,5.0,47.0,4647.34,4712.75,65.41,0
C-43-44815-21,2026-08-26,7.5,47.0,6252.75,6674.52,421.76,0
C-43-44579-21,2026-08-26,3.5,47.0,3748.2,3727.29,-20.91,0
C-43-44956-21,2026-08-26,9.5,47.0,7321.75,8116.73,794.98,0
C-43-43273-21,2026-08-26,8.5,47.0,6787.25,7459.84,672.59,0
C-4134264808,2026-08-26,8.5,47.0,6787.25,7459.84,672.59,0
C-4104568301,2026-08-26,4.5,47.0,4346.99,4386.07,39.09,0
C-43-43529-21,2026-08-26,11.5,47.0,10295.55,9576.61,-718.94,0
C-43-44309-21,2026-08-26,6.0,47.0,5450.53,5498.13,47.6,0
C-43-44514-21,2026-08-26,8.5,47.0,6519.52,7459.84,940.32,0
C-43-44362-21,2026-08-26,11.0,47.0,9926.1,9222.17,-703.93,0
C-43-45091-21,2026-08-26,5.0,47.0,4647.34,4712.75,65.41,0
C-43-45279-21,2026-08-26,2.0,47.0,2990.11,2707.19,-282.92,0
C-43-44854-21,2026-08-26,6.5,47.0,5717.3,5889.45,172.16,0
C-43-45019-21,2026-08-26,8.0,47.0,6252.75,7066.31,813.56,0
C-43-43054-21,2026-08-26,13.0,47.0,11401.97,10615.89,-786.08,0
C-43-44895-21,2026-08-26,8.0,47.0,6519.52,7066.31,546.79,0
C-43-44835-21,2026-08-26,5.0,47.0,4647.34,4712.75,65.41,0
C-43-44760-21,2026-08-26,5.5,47.0,5182.8,5105.41,-77.39,0
C-43-44596-21,2026-08-26,15.0,47.0,12877.83,11934.13,-943.7,0
C-4135054646,2026-08-26,7.0,47.0,5985.03,6283.31,298.29,0
C-4132113343,2026-08-26,6.5,47.0,5717.3,5889.45,172.16,0
C-43-44385-21,2026-08-26,8.0,47.0,6519.52,7066.31,546.79,0
C-43-45116-21,2026-08-26,7.5,47.0,6252.75,6674.52,421.76,0
C-43-44975-21,2026-08-26,4.5,47.0,4346.99,4386.07,39.09,0
C-43-44231-21,2026-08-26,6.0,47.0,5450.53,5498.13,47.6,0
C-43-43091-21,2026-08-26,15.5,47.0,13247.28,12265.7,-981.57,0
C-43-44927-21,2026-08-26,6.0,47.0,5182.8,5498.13,315.33,0
C-43-44820-21,2026-08-26,4.0,47.0,4047.59,4055.88,8.28,0
C-43-43318-21,2026-08-26,5.5,47.0,5182.8,5105.41,-77.39,0
C-43-44753-21,2026-08-26,6.5,47.0,5717.3,5889.45,172.16,0
C-53-7872089-22,2026-08-26,5.0,47.0,4647.34,4712.75,65.41,0
C-43-44931-21,2026-08-26,6.5,47.0,5717.3,5889.45,172.16,0
C-43-45044-21,2026-08-26,3.5,47.0,3748.2,3727.29,-20.91,0
C-43-44569-21,2026-08-26,6.5,47.0,5717.3,5889.45,172.16,0
C-43-44566-21,2026-08-26,6.0,47.0,5182.8,5498.13,315.33,0
C-43-43226-21,2026-08-26,4.5,47.0,4346.99,4386.07,39.09,0
C-43-44111-21,2026-08-26,5.5,47.0,5182.8,5105.41,-77.39,0
C-43-44857-21,2026-08-26,5.0,47.0,4647.34,4712.75,65.41,0
C-43-44538-21,2026-08-26,15.0,47.0,12877.83,11934.13,-943.7,0
C-43-45031-21,2026-08-26,5.5,47.0,5182.8,5105.41,-77.39,0
C-4146141891,2026-08-26,7.5,47.0,6252.75,6674.52,421.76,0
C-43-45200-21,2026-08-26,5.5,47.0,5182.8,5105.41,-77.39,0
C-43-45285-21,2026-08-26,5.0,47.0,4647.34,4712.75,65.41,0
C-43-44332-21,2026-08-26,13.0,47.0,11401.97,10615.89,-786.08,0
C-43-44384-21,2026-08-26,10.0,47.0,7589.48,8426.83,837.35,0
C-43-44941-21,2026-08-26,4.5,47.0,4346.99,4386.07,39.09,0
C-43-44843-21,2026-08-26,4.0,47.0,4047.59,4055.88,8.28,0
C-43-45018-21,2026-08-26,7.0,47.0,5985.03,6283.31,298.29,0
C-43-44446-21,2026-08-26,8.5,47.0,6519.52,7459.84,940.32,0
C-43-44215-21,2026-08-26,6.0,47.0,5450.53,5498.13,47.6,0
C-43-44919-21,2026-08-26,5.5,47.0,5182.8,5105.41,-77.39,0
C-43-44033-21,2026-08-26,13.5,47.0,11401.97,10943.9,-458.06,0
C-43-45143-21,2026-08-26,7.0,47.0,5985.03,6283.31,298.29,0
C-4144275563,2026-08-26,5.0,47.0,4647.34,4712.75,65.41,0
C-43-45293-21,2026-08-26,8.5,47.0,6787.25,7459.84,672.59,0
C-43-42066-21,2026-08-26,9.0,47.0,6787.25,7798.15,1010.9,0
C-43-44120-21,2026-08-26,4.0,47.0,4047.59,4055.88,8.28,0
C-43-44422-21,2026-08-26,6.0,47.0,5450.53,5498.13,47.6,0
C-43-44876-21,2026-08-26,3.5,47.0,3748.2,3727.29,-20.91,0
C-43-45005-21,2026-08-26,6.0,47.0,5450.53,5498.13,47.6,0
C-43-44182-21,2026-08-26,8.0,47.0,6519.52,7066.31,546.79,0
C-43-44013-21,2026-08-26,8.0,47.0,6519.52,7066.31,546.79,0
C-43-44387-21,2026-08-26,5.0,47.0,4647.34,4712.75,65.41,0
C-43-44880-21,2026-08-26,4.5,47.0,4047.59,4386.07,338.48,0
C-43-44800-21,2026-08-26,14.0,47.0,15092.59,11274.64,-3817.95,0
C-43-44995-21,2026-08-26,5.5,47.0,5182.8,5105.41,-77.39,0
C-43-43013-21,2026-08-26,6.0,47.0,5450.53,5498.13,47.6,0
C-43-44996-21,2026-08-26,5.0,47.0,4647.34,4712.75,65.41,0
C-43-44012-21,2026-08-26,4.0,47.0,4047.59,4055.88,8.28,0
C-43-41385-21,2026-08-26,7.5,47.0,6252.75,6674.52,421.76,0
C-43-45019-21,2026-08-25,8.0,47.0,6252.75,7066.31,813.56,0
C-43-44569-21,2026-08-25,6.5,47.0,5717.3,5889.45,172.16,0
C-4146141891,2026-08-25,7.5,47.0,6252.75,6674.52,421.76,0
C-43-44332-21,2026-08-25,13.0,47.0,11401.97,10615.89,-786.08,0
C-4135054646,2026-08-25,7.0,47.0,5985.03,6283.31,298.29,0
C-43-44815-21,2026-08-25,7.5,47.0,6252.75,6674.52,421.76,0
C-43-44514-21,2026-08-25,8.5,47.0,6519.52,7459.84,940.32,0
C-43-43091-21,2026-08-25,15.5,47.0,13247.28,12265.7,-981.57,0
C-43-44246-21,2026-08-25,5.0,47.0,4647.34,4712.75,65.41,0
C-43-44880-21,2026-08-25,4.5,47.0,4047.59,4386.07,338.48,0
C-43-44774-21,2026-08-25,4.0,47.0,4047.59,4055.88,8.28,0
C-43-44995-21,2026-08-25,5.5,47.0,5182.8,5105.41,-77.39,0
C-43-44349-21,2026-08-25,1.5,47.0,2642.74,2356.28,-286.46,0
C-43-45285-21,2026-08-25,5.0,47.0,4647.34,4712.75,65.41,0
C-43-44919-21,2026-08-25,5.5,47.0,5182.8,5105.41,-77.39,0
C-4144275563,2026-08-25,5.0,47.0,4647.34,4712.75,65.41,0
C-43-45005-21,2026-08-25,6.0,47.0,5450.53,5498.13,47.6,0
C-43-44820-21,2026-08-25,4.0,47.0,4047.59,4055.88,8.28,0
C-43-44033-21,2026-08-25,13.5,47.0,11401.97,10943.9,-458.06,0
C-43-40590-21,2026-08-25,8.0,47.0,6519.52,7066.31,546.79,0
C-43-44875-21,2026-08-25,3.5,47.0,3748.2,3727.29,-20.91,0
C-43-45089-21,2026-08-25,5.0,47.0,4647.34,4712.75,65.41,0
C-43-44387-21,2026-08-25,5.0,47.0,4647.34,4712.75,65.41,0
C-43-43013-21,2026-08-25,6.0,47.0,5450.53,5498.13,47.6,0
C-43-44895-21,2026-08-25,8.0,47.0,6519.52,7066.31,546.79,0
C-4132113343,2026-08-25,6.5,47.0,5717.3,5889.45,172.16,0
C-43-44956-21,2026-08-25,9.5,47.0,7321.75,8116.73,794.98,0
C-43-43273-21,2026-08-25,8.5,47.0,6787.25,7459.84,672.59,0
C-43-44446-21,2026-08-25,8.5,47.0,6519.52,7459.84,940.32,0
C-43-43054-21,2026-08-25,13.0,47.0,11401.97,10615.89,-786.08,0
C-43-44596-21,2026-08-25,15.0,47.0,12877.83,11934.13,-943.7,0
C-43-44876-21,2026-08-25,3.5,47.0,3748.2,3727.29,-20.91,0
C-43-45116-21,2026-08-25,7.5,47.0,6252.75,6674.52,421.76,0
C-43-45018-21,2026-08-25,7.0,47.0,5985.03,6283.31,298.29,0
C-43-45200-21,2026-08-25,5.5,47.0,5182.8,5105.41,-77.39,0
C-4143610315,2026-08-25,5.5,47.0,5182.8,5105.41,-77.39,0
C-43-43226-21,2026-08-25,4.5,47.0,4346.99,4386.07,39.09,0
C-43-44309-21,2026-08-25,6.0,47.0,5450.53,5498.13,47.6,0
C-4134534670,2026-08-25,8.0,47.0,6519.52,7066.31,546.79,0
C-43-44835-21,2026-08-25,5.0,47.0,4647.34,4712.75,65.41,0
C-43-44877-21,2026-08-25,4.5,47.0,4346.99,4386.07,39.09,0
C-43-44013-21,2026-08-25,8.0,47.0,6519.52,7066.31,546.79,0
C-43-45125-21,2026-08-25,5.5,47.0,5182.8,5105.41,-77.39,0
C-43-44120-21,2026-08-25,4.0,47.0,4047.59,4055.88,8.28,0
C-43-44519-21,2026-08-25,4.5,47.0,4346.99,4386.07,39.09,0
C-43-44422-21,2026-08-25,6.0,47.0,5450.53,5498.13,47.6,0
C-43-43318-21,2026-08-25,5.5,47.0,5182.8,5105.41,-77.39,0
C-43-45176-21,2026-08-25,4.5,47.0,4346.99,4386.07,39.09,0
C-43-44358-21,2026-08-25,6.0,47.0,5450.53,5498.13,47.6,0
C-43-44941-21,2026-08-25,4.5,47.0,4346.99,4386.07,39.09,0
C-43-45293-21,2026-08-25,8.5,47.0,6787.25,7459.84,672.59,0
C-43-44753-21,2026-08-25,6.5,47.0,5717.3,5889.45,172.16,0
C-43-44231-21,2026-08-25,6.0,47.0,5450.53,5498.13,47.6,0
C-43-44996-21,2026-08-25,5.0,47.0,4647.34,4712.75,65.41,0
C-43-44538-21,2026-08-25,15.0,47.0,12877.83,11934.13,-943.7,0
C-43-45031-21,2026-08-25,5.5,47.0,5182.8,5105.41,-77.39,0
C-43-45143-21,2026-08-25,7.0,47.0,5985.03,6283.31,298.29,0
C-43-45091-21,2026-08-25,5.0,47.0,4647.34,4712.75,65.41,0
C-43-44460-21,2026-08-25,6.5,47.0,5717.3,5889.45,172.16,0
C-43-45189-21,2026-08-25,9.0,47.0,7054.02,7798.15,744.13,0
C-4134264808,2026-08-25,8.5,47.0,6787.25,7459.84,672.59,0
C-43-44579-21,2026-08-25,3.5,47.0,3748.2,3727.29,-20.91,0
C-43-44760-21,2026-08-25,5.5,47.0,5182.8,5105.41,-77.39,0
C-43-44840-21,2026-08-25,2.0,47.0,2990.11,2707.19,-282.92,0
C-43-45044-21,2026-08-25,3.5,47.0,3748.2,3727.29,-20.91,0
C-53-7872089-22,2026-08-25,5.0,47.0,4647.34,4712.75,65.41,0
C-43-44384-21,2026-08-25,10.0,47.0,7589.48,8426.83,837.35,0
C-43-44787-21,2026-08-25,4.0,47.0,4047.59,4055.88,8.28,0
C-43-44566-21,2026-08-25,6.0,47.0,5182.8,5498.13,315.33,0
C-43-41385-21,2026-08-25,7.5,47.0,6252.75,6674.52,421.76,0
C-43-44800-21,2026-08-25,14.0,47.0,15092.59,11274.64,-3817.95,0
C-43-43529-21,2026-08-25,11.5,47.0,10295.55,9576.61,-718.94,0
C-43-44927-21,2026-08-25,6.0,47.0,5182.8,5498.13,315.33,0
C-4092464198,2026-08-25,4.0,47.0,4047.59,4055.88,8.28,0
C-43-44931-21,2026-08-25,6.5,47.0,5717.3,5889.45,172.16,0
C-43-44362-21,2026-08-25,11.0,47.0,9926.1,9222.17,-703.93,0
C-43-44857-21,2026-08-25,5.0,47.0,4647.34,4712.75,65.41,0
C-43-45279-21,2026-08-25,2.0,47.0,2990.11,2707.19,-282.92,0
C-43-44215-21,2026-08-25,6.0,47.0,5450.53,5498.13,47.6,0
C-43-44385-21,2026-08-25,8.0,47.0,6519.52,7066.31,546.79,0
C-43-44843-21,2026-08-25,4.0,47.0,4047.59,4055.88,8.28,0
C-43-44975-21,2026-08-25,4.5,47.0,4346.99,4386.07,39.09,0
C-43-42066-21,2026-08-25,9.0,47.0,6787.25,7798.15,1010.9,0
C-43-44735-21,2026-08-25,7.0,47.0,5985.03,6283.31,298.29,0
C-43-44969-21,2026-08-25,6.5,47.0,5717.3,5889.45,172.16,0
C-43-44845-21,2026-08-25,1.5,47.0,2642.74,2356.28,-286.46,0
C-43-44428-21,2026-08-25,9.5,47.0,7321.75,8116.73,794.98,0
C-43-44111-21,2026-08-25,5.5,47.0,5182.8,5105.41,-77.39,0
C-43-44854-21,2026-08-25,6.5,47.0,5717.3,5889.45,172.16,0
C-43-44182-21,2026-08-25,8.0,47.0,6519.52,7066.31,546.79,0
C-43-44012-21,2026-08-25,4.0,47.0,4047.59,4055.88,8.28,0
C-43-45510-21,2026-08-25,1.5,47.0,2633.14,2356.28,-276.86,0
C-53-7872058-22,2026-08-24,3.0,47.0,3436.33,3400.06,-36.27,0
C-43-45008-21,2026-08-24,3.5,47.0,3734.76,3727.29,-7.47,0
C-53-7872065-22,2026-08-24,8.0,47.0,6496.49,7066.31,569.82,0
C-43-44646-21,2026-08-24,6.0,47.0,5431.34,5498.13,66.79,0
C-53-7872036-22,2026-08-24,2.0,47.0,2867.28,2707.19,-160.09,0
C-53-7872037-22,2026-08-24,2.5,47.0,3201.23,3058.45,-142.78,0
C-43-44729-21,2026-08-24,2.5,47.0,2979.56,3058.45,78.89,0
C-53-7872082-22,2026-08-24,13.0,47.0,11361.66,10615.89,-745.77,0
C-43-44954-21,2026-08-24,4.5,47.0,4331.63,4386.07,54.44,0
C-43-44641-21,2026-08-24,2.5,47.0,3325.01,3058.45,-266.57,0
C-43-43774-21,2026-08-24,12.0,47.0,10626.61,9930.06,-696.55,0
C-43-44946-21,2026-08-24,3.5,47.0,3734.76,3727.29,-7.47,0
C-43-43516-21,2026-08-24,6.0,47.0,5431.34,5498.13,66.79,0
C-43-44788-21,2026-08-24,10.0,47.0,7295.84,8426.83,1130.99,0
C-53-7871763-22,2026-08-24,8.0,47.0,6229.72,7066.31,836.59,0
C-53-7871421-22,2026-08-24,2.0,47.0,2979.56,2707.19,-272.37,0
C-53-7872049-22,2026-08-24,12.5,47.0,10994.14,10284.41,-709.73,0
C-53-7871946-22,2026-08-24,2.5,47.0,3325.01,3058.45,-266.57,0
C-43-42542-21,2026-08-24,15.5,47.0,13200.26,12265.7,-934.55,0
C-43-44910-21,2026-08-24,4.5,47.0,4331.63,4386.07,54.44,0
C-4128009728,2026-08-24,7.5,47.0,6229.72,6674.52,444.79,0
C-53-7872067-22,2026-08-24,6.5,47.0,5697.15,5889.45,192.31,0
C-4145389379,2026-08-24,8.0,47.0,6496.49,7066.31,569.82,0
C-43-44461-21,2026-08-24,7.0,47.0,5963.91,6283.31,319.4,0
C-53-7871759-22,2026-08-24,4.0,47.0,4033.2,4055.88,22.68,0
C-53-7871988-22,2026-08-24,2.5,47.0,3325.01,3058.45,-266.57,0
C-43-43159-21,2026-08-24,5.0,47.0,4630.07,4712.75,82.68,0
C-43-44273-21,2026-08-24,2.0,47.0,2867.28,2707.19,-160.09,0
C-43-44668-21,2026-08-24,12.5,47.0,10994.14,10284.41,-709.73,0
C-43-44765-21,2026-08-24,4.5,47.0,4331.63,4386.07,54.44,0
C-43-44442-21,2026-08-24,8.0,47.0,6496.49,7066.31,569.82,0
C-43-43239-21,2026-08-24,23.0,47.0,19250.54,17658.68,-1591.86,0
C-43-45119-21,2026-08-24,2.5,47.0,3325.01,3058.45,-266.57,0
C-53-7871969-22,2026-08-24,7.0,47.0,5963.91,6283.31,319.4,0
C-43-44565-21,2026-08-24,7.0,47.0,5963.91,6283.31,319.4,0
C-43-44476-21,2026-08-24,27.5,47.0,26760.37,21113.64,-5646.73,0
C-43-44345-21,2026-08-24,5.5,47.0,5164.57,5105.41,-59.15,0
C-43-44449-21,2026-08-24,9.5,47.0,7295.84,8116.73,820.89,0
C-43-44822-21,2026-08-24,4.0,47.0,4033.2,4055.88,22.68,0
C-53-7872001-22,2026-08-24,4.0,47.0,4033.2,4055.88,22.68,0
C-43-44893-21,2026-08-24,10.5,47.0,9523.07,8869.25,-653.82,0
C-43-44459-21,2026-08-24,12.5,47.0,10994.14,10284.41,-709.73,0
C-4140327932,2026-08-24,7.5,47.0,6229.72,6674.52,444.79,0
C-53-7871709-22,2026-08-24,3.0,47.0,3436.33,3400.06,-36.27,0
C-43-43546-21,2026-08-24,3.5,47.0,3734.76,3727.29,-7.47,0
C-43-44949-21,2026-08-24,5.0,47.0,4630.07,4712.75,82.68,0
C-43-44417-21,2026-08-24,13.0,47.0,10994.14,10615.89,-378.25,0
C-53-7872034-22,2026-08-24,9.5,47.0,7295.84,8116.73,820.89,0
C-43-41377-21,2026-08-24,4.5,47.0,4331.63,4386.07,54.44,0
C-4143215862,2026-08-24,2.0,47.0,2979.56,2707.19,-272.37,0
C-4121485368,2026-08-24,5.5,47.0,5164.57,5105.41,-59.15,0
C-53-7871909-22,2026-08-24,8.5,47.0,6763.26,7459.84,696.58,0
C-53-7871798-22,2026-08-24,4.0,47.0,4033.2,4055.88,22.68,0
C-43-44150-21,2026-08-24,6.0,47.0,5431.34,5498.13,66.79,0
C-43-44999-21,2026-08-24,3.0,47.0,3436.33,3400.06,-36.27,0
C-43-44555-21,2026-08-24,2.0,47.0,2979.56,2707.19,-272.37,0
C-43-44502-21,2026-08-24,6.0,47.0,5431.34,5498.13,66.79,0
C-43-42012-21,2026-08-24,5.0,47.0,4630.07,4712.75,82.68,0
C-53-7871999-22,2026-08-24,12.0,47.0,10626.61,9930.06,-696.55,0
C-4111518601,2026-08-24,2.0,47.0,2979.56,2707.19,-272.37,0
C-43-44484-21,2026-08-24,9.0,47.0,6763.26,7798.15,1034.89,0
C-43-44966-21,2026-08-24,3.5,47.0,3734.76,3727.29,-7.47,0
C-53-7871954-22,2026-08-24,10.5,47.0,9523.07,8869.25,-653.82,0
C-43-45118-21,2026-08-24,17.0,47.0,14302.84,13254.56,-1048.27,0
C-53-7871955-22,2026-08-24,11.0,47.0,9523.07,9222.17,-300.9,0
C-43-40838-21,2026-08-24,6.5,47.0,5697.15,5889.45,192.31,0
C-53-7871851-22,2026-08-24,2.5,47.0,3325.01,3058.45,-266.57,0
C-53-7871964-22,2026-08-24,12.0,47.0,10626.61,9930.06,-696.55,0
C-43-43725-21,2026-08-24,21.5,47.0,18037.6,16507.03,-1530.58,0
C-43-45134-21,2026-08-24,4.5,47.0,4331.63,4386.07,54.44,0
C-4141559389,2026-08-24,2.0,47.0,2979.56,2707.19,-272.37,0
C-53-7871752-22,2026-08-24,4.0,47.0,4033.2,4055.88,22.68,0
C-43-45510-21,2026-08-24,1.5,47.0,5164.57,2356.28,-2808.29,0
C-43-44871-21,2026-08-22,1.5,44.25,2483.44,2312.2,-171.24,0
C-43-44276-21,2026-08-22,6.0,44.25,5322.9,5395.27,72.37,0
C-43-44816-21,2026-08-22,2.0,44.25,2920.06,2656.55,-263.52,0
C-43-44918-21,2026-08-22,5.0,44.25,4538.91,4624.59,85.68,0
C-53-7871897-22,2026-08-22,7.0,44.25,5844.92,6165.77,320.84,0
C-43-44551-21,2026-08-22,6.0,44.25,5322.9,5395.27,72.37,0
C-4145213939,2026-08-22,7.0,44.25,5844.92,6165.77,320.84,0
C-43-44022-21,2026-08-22,4.5,44.25,4246.23,4304.02,57.79,0
C-43-44490-21,2026-08-22,4.0,44.25,3953.55,3980.0,26.45,0
C-43-44119-21,2026-08-22,5.5,44.25,5061.89,5009.9,-51.99,0
C-53-7871957-22,2026-08-22,16.5,44.25,13658.95,12683.28,-975.67,0
C-4139770700,2026-08-22,6.5,44.25,5583.91,5779.28,195.36,0
C-4138467422,2026-08-22,24.0,44.25,21310.8,18081.74,-3229.06,0
C-53-7871948-22,2026-08-22,5.5,44.25,5061.89,5009.9,-51.99,0
C-43-44178-21,2026-08-22,25.5,44.25,24644.45,19211.84,-5432.6,0
C-43-39477-21,2026-08-22,7.5,44.25,6105.93,6549.65,443.72,0
C-43-43430-21,2026-08-22,32.5,44.25,30190.94,24485.68,-5705.25,0
C-43-43249-21,2026-08-22,7.5,44.25,6105.93,6549.65,443.72,0
C-43-44939-21,2026-08-22,6.5,44.25,5583.91,5779.28,195.36,0
C-43-43174-21,2026-08-22,8.5,44.25,6628.92,7320.28,691.37,0
C-43-45009-21,2026-08-22,6.0,44.25,5322.9,5395.27,72.37,0
C-43-41221-21,2026-08-22,10.5,44.25,9334.03,8703.33,-630.7,0
C-53-7871462-22,2026-08-22,11.0,44.25,9694.84,9049.65,-645.19,0
C-4129854680,2026-08-22,2.0,44.25,2483.44,2656.55,173.1,0
C-4139481351,2026-08-22,3.5,44.25,3659.91,3657.56,-2.35,0
C-4146632445,2026-08-22,6.5,44.25,5583.91,5779.28,195.36,0
C-43-44700-21,2026-08-22,7.5,44.25,6105.93,6549.65,443.72,0
C-43-44404-21,2026-08-22,1.5,44.25,2483.44,2312.2,-171.24,0
C-53-7871898-22,2026-08-22,2.0,44.25,2810.67,2656.55,-154.12,0
C-43-44619-21,2026-08-22,12.0,44.25,5061.89,9744.3,4682.41,0
C-43-44529-21,2026-08-22,11.0,44.25,9694.84,9049.65,-645.19,0
C-53-7872083-22,2026-08-22,3.0,44.25,3368.2,3336.45,-31.74,0
C-43-44810-21,2026-08-22,4.0,44.25,3953.55,3980.0,26.45,0
C-43-44222-21,2026-08-22,10.0,44.25,7411.95,8269.18,857.23,0
C-43-44958-21,2026-08-22,4.0,44.25,3659.91,3980.0,320.09,0
C-43-45078-21,2026-08-22,4.0,44.25,3953.55,3980.0,26.45,0
C-53-7871985-22,2026-08-22,1.5,44.25,2581.32,2312.2,-269.12,0
C-43-41024-21,2026-08-22,23.0,44.25,18868.61,17328.33,-1540.29,0
C-43-44063-21,2026-08-22,13.5,44.25,11496.97,10739.17,-757.8,0
C-43-45014-21,2026-08-22,2.0,44.25,2810.67,2656.55,-154.12,0
C-43-43525-21,2026-08-22,9.5,44.25,7150.94,7964.89,813.95,0
C-43-45102-21,2026-08-22,4.5,44.25,4246.23,4304.02,57.79,0
C-43-45020-21,2026-08-22,3.5,44.25,3659.91,3657.56,-2.35,0
C-43-44506-21,2026-08-22,4.5,44.25,4246.23,4304.02,57.79,0
C-43-44836-21,2026-08-22,20.0,44.25,16180.78,14951.14,-1229.63,0
C-43-44807-21,2026-08-22,2.0,44.25,2810.67,2656.55,-154.12,0
C-43-44886-21,2026-08-22,2.0,44.25,2810.67,2656.55,-154.12,0
C-53-7872002-22,2026-08-22,3.0,44.25,3368.2,3336.45,-31.74,0
C-43-44025-21,2026-08-22,9.5,44.25,7150.94,7964.89,813.95,0
C-4115140551,2026-08-22,19.5,44.25,15820.93,14631.6,-1189.33,0
C-43-44920-21,2026-08-22,2.5,44.25,2920.06,3001.23,81.17,0
C-43-45012-21,2026-08-22,4.0,44.25,3953.55,3980.0,26.45,0
C-43-44763-21,2026-08-22,6.5,44.25,5583.91,5779.28,195.36,0
C-43-44464-21,2026-08-22,4.0,44.25,3953.55,3980.0,26.45,0
C-43-43002-21,2026-08-22,8.0,44.25,6366.95,6934.12,567.17,0
C-43-44878-21,2026-08-22,4.5,44.25,4246.23,4304.02,57.79,0
C-43-45191-21,2026-08-22,3.0,44.25,3368.2,3336.45,-31.74,0
C-43-44175-21,2026-08-22,9.0,44.25,6889.93,7652.27,762.34,0
C-53-7871802-22,2026-08-22,4.0,44.25,3953.55,3980.0,26.45,0
C-43-44824-21,2026-08-22,8.0,44.25,6366.95,6934.12,567.17,0
C-43-45355-21,2026-08-22,5.0,44.25,4538.91,4624.59,85.68,0
C-43-44824-21,2026-08-22,8.0,44.25,6366.95,6934.12,567.17,0
C-43-45355-21,2026-08-22,5.0,44.25,4538.91,4624.59,85.68,0
C-43-45355-21,2026-08-22,5.0,44.25,4538.91,4624.59,85.68,0
C-43-44824-21,2026-08-22,8.0,44.25,6366.95,6934.12,567.17,0
C-43-45355-21,2026-08-22,5.0,44.25,4538.91,4624.59,85.68,0
C-43-44824-21,2026-08-22,8.0,44.25,6366.95,6934.12,567.17,0
C-43-45355-21,2026-08-22,5.0,44.25,4538.91,4624.59,85.68,0
C-43-44824-21,2026-08-22,8.0,44.25,6366.95,6934.12,567.17,0
C-43-44824-21,2026-08-22,8.0,44.25,6366.95,6934.12,567.17,0
C-43-45355-21,2026-08-22,5.0,44.25,4538.91,4624.59,85.68,0
C-43-45355-21,2026-08-21,5.0,44.25,4538.91,4624.59,85.68,0
C-43-44568-21,2026-08-21,7.0,44.25,5844.92,6165.77,320.84,0
C-43-42779-21,2026-08-21,10.0,44.25,7411.95,8269.18,857.23,0
C-53-7871740-22,2026-08-21,17.5,44.25,14379.61,13334.13,-1045.47,0
C-43-44928-21,2026-08-21,7.0,44.25,5844.92,6165.77,320.84,0
C-53-7872044-22,2026-08-21,3.5,44.25,3659.91,3657.56,-2.35,0
C-53-7871934-22,2026-08-21,14.0,44.25,11496.97,11063.72,-433.25,0
C-43-44371-21,2026-08-21,6.5,44.25,5583.91,5779.28,195.36,0
C-43-44950-21,2026-08-21,3.0,44.25,3368.2,3336.45,-31.74,0
C-4127953355,2026-08-21,4.0,44.25,3953.55,3980.0,26.45,0
C-53-7872047-22,2026-08-21,2.0,44.25,2920.06,2656.55,-263.52,0
C-4140291178,2026-08-21,10.0,44.25,7411.95,8269.18,857.23,0
C-43-42071-21,2026-08-21,4.5,44.25,4246.23,4304.02,57.79,0
C-43-44979-21,2026-08-21,6.0,44.25,5322.9,5395.27,72.37,0
C-43-45086-21,2026-08-21,2.5,44.25,3136.93,3001.23,-135.7,0
C-43-44669-21,2026-08-21,8.0,44.25,6366.95,6934.12,567.17,0
C-43-43999-21,2026-08-21,6.0,44.25,5322.9,5395.27,72.37,0
C-43-44477-21,2026-08-21,5.0,44.25,4538.91,4624.59,85.68,0
C-53-7871700-22,2026-08-21,15.5,44.25,12938.29,12036.24,-902.04,0
C-53-7871935-22,2026-08-21,5.0,44.25,4538.91,4624.59,85.68,0
C-43-44261-21,2026-08-21,5.0,44.25,4538.91,4624.59,85.68,0
C-53-7871963-22,2026-08-21,3.0,44.25,3368.2,3336.45,-31.74,0
C-43-44420-21,2026-08-21,6.0,44.25,5322.9,5395.27,72.37,0
C-43-44804-21,2026-08-21,6.0,44.25,5322.9,5395.27,72.37,0
C-43-43264-21,2026-08-21,25.0,44.25,20452.91,18835.14,-1617.77,0
C-4108236210,2026-08-21,6.0,44.25,5322.9,5395.27,72.37,0
C-43-44305-21,2026-08-21,7.5,44.25,6105.93,6549.65,443.72,0
C-43-43680-21,2026-08-21,9.0,44.25,6889.93,7652.27,762.34,0
C-43-44515-21,2026-08-21,7.0,44.25,5844.92,6165.77,320.84,0
C-53-7871917-22,2026-08-21,7.0,44.25,5844.92,6165.77,320.84,0
C-43-44714-21,2026-08-21,7.0,44.25,5844.92,6165.77,320.84,0
C-43-44841-21,2026-08-21,4.5,44.25,4246.23,4304.02,57.79,0
C-43-44655-21,2026-08-21,8.0,44.25,6366.95,6934.12,567.17,0
C-4139201376,2026-08-21,4.5,44.25,4246.23,4304.02,57.79,0
C-4131147893,2026-08-21,8.5,44.25,6628.92,7320.28,691.37,0
C-43-42723-21,2026-08-21,22.0,44.25,18075.99,16574.92,-1501.06,0
C-43-44045-21,2026-08-21,6.0,44.25,5322.9,5395.27,72.37,0
C-4132750950,2026-08-21,10.0,44.25,7411.95,8269.18,857.23,0
C-43-44419-21,2026-08-21,5.5,44.25,4538.91,5009.9,471.0,0
C-53-7871959-22,2026-08-21,2.5,44.25,3258.8,3001.23,-257.57,0
C-43-45041-21,2026-08-21,4.5,44.25,4246.23,4304.02,57.79,0
C-43-43777-21,2026-08-21,7.0,44.25,5844.92,6165.77,320.84,0
C-43-43593-21,2026-08-21,5.5,44.25,5061.89,5009.9,-51.99,0
C-43-44798-21,2026-08-21,4.5,44.25,4246.23,4304.02,57.79,0
C-43-43879-21,2026-08-21,12.5,44.25,10775.35,10092.01,-683.34,0
C-53-7871989-22,2026-08-21,7.0,44.25,5844.92,6165.77,320.84,0
C-43-43120-21,2026-08-21,13.0,44.25,11136.16,10417.29,-718.86,0
C-43-44263-21,2026-08-21,4.0,44.25,3953.55,3980.0,26.45,0
C-43-43143-21,2026-08-21,6.0,44.25,5322.9,5395.27,72.37,0
C-43-44389-21,2026-08-21,9.0,44.25,6889.93,7652.27,762.34,0
C-43-44560-21,2026-08-21,19.5,44.25,15820.93,14631.6,-1189.33,0
C-43-44559-21,2026-08-21,4.5,44.25,4246.23,4304.02,57.79,0
C-43-44093-21,2026-08-21,7.0,44.25,5844.92,6165.77,320.84,0
C-43-44290-21,2026-08-21,4.5,44.25,4246.23,4304.02,57.79,0
C-43-44269-21,2026-08-21,6.0,44.25,5322.9,5395.27,72.37,0
C-43-44171-21,2026-08-21,9.5,44.25,7150.94,7964.89,813.95,0
C-43-44234-21,2026-08-21,11.0,44.25,9694.84,9049.65,-645.19,0
C-43-44180-21,2026-08-21,2.5,44.25,3258.8,3001.23,-257.57,0
C-53-7871727-22,2026-08-21,5.0,44.25,4538.91,4624.59,85.68,0
C-43-44754-21,2026-08-21,6.5,44.25,5583.91,5779.28,195.36,0
C-43-44480-21,2026-08-21,4.0,44.25,3953.55,3980.0,26.45,0
C-53-7871945-22,2026-08-21,3.0,44.25,3368.2,3336.45,-31.74,0
C-4132274022,2026-08-21,2.0,44.25,2581.32,2656.55,75.22,0
C-43-42788-21,2026-08-21,2.0,44.25,2920.06,2656.55,-263.52,0
C-53-7871717-22,2026-08-21,8.0,44.25,6366.95,6934.12,567.17,0
C-43-44609-21,2026-08-21,5.0,44.25,4538.91,4624.59,85.68,0
C-43-44628-21,2026-08-21,6.5,44.25,5583.91,5779.28,195.36,0
C-43-44237-21,2026-08-21,5.5,44.25,5061.89,5009.9,-51.99,0
C-43-44423-21,2026-08-21,4.5,44.25,4246.23,4304.02,57.79,0
C-43-44364-21,2026-08-21,11.0,44.25,9334.03,9049.65,-284.38,0
C-53-7871956-22,2026-08-21,9.5,44.25,7150.94,7964.89,813.95,0
C-43-42257-21,2026-08-21,12.5,44.25,10775.35,10092.01,-683.34,0
C-43-43634-21,2026-08-21,4.5,44.25,4246.23,4304.02,57.79,0
C-43-43998-21,2026-08-21,19.5,44.25,15820.93,14631.6,-1189.33,0
C-43-44633-21,2026-08-21,2.0,44.25,2920.06,2656.55,-263.52,0
C-43-44715-21,2026-08-21,6.5,44.25,5583.91,5779.28,195.36,0
C-43-44595-21,2026-08-21,5.0,44.25,4246.23,4624.59,378.36,0
C-43-44135-21,2026-08-21,5.0,44.25,4538.91,4624.59,85.68,0
C-53-7871947-22,2026-08-21,3.5,44.25,3368.2,3657.56,289.37,0
C-43-44333-21,2026-08-21,12.0,44.25,10415.5,9744.3,-671.2,0
C-43-44288-21,2026-08-21,26.5,44.25,25437.08,19965.25,-5471.83,0
C-4118601556,2026-08-21,12.0,44.25,10415.5,9744.3,-671.2,0
C-43-44161-21,2026-08-21,4.0,44.25,3953.55,3980.0,26.45,0
C-4123844816,2026-08-21,8.0,44.25,6366.95,6934.12,567.17,0
C-43-42817-21,2026-08-21,22.0,44.25,18075.99,16574.92,-1501.06,0
C-43-44070-21,2026-08-21,14.5,44.25,12217.63,11385.83,-831.79,0
C-43-43584-21,2026-08-21,18.5,44.25,15100.27,13979.49,-1120.78,0
C-4133178505,2026-08-21,9.0,44.25,6889.93,7652.27,762.34,0
C-43-43979-21,2026-08-21,8.5,44.25,6628.92,7320.28,691.37,0
C-43-44167-21,2026-08-21,3.5,44.25,3659.91,3657.56,-2.35,0
C-53-7871895-22,2026-08-21,2.0,44.25,2920.06,2656.55,-263.52,0
C-43-44297-21,2026-08-21,6.5,44.25,5583.91,5779.28,195.36,0
C-53-7871723-22,2026-08-21,11.5,44.25,10054.69,9397.45,-657.24,0
C-43-44663-21,2026-08-21,4.5,44.25,3953.55,4304.02,350.47,0
C-4127802292,2026-08-21,16.5,44.25,13297.18,12683.28,-613.9,0
C-4138996499,2026-08-21,21.5,44.25,17679.67,16198.22,-1481.45,0
C-53-7871311-22,2026-08-21,8.0,44.25,6366.95,6934.12,567.17,0
C-43-44769-21,2026-08-21,7.5,44.25,6105.93,6549.65,443.72,0
C-43-40611-21,2026-08-21,9.5,44.25,7150.94,7964.89,813.95,0
C-43-44526-21,2026-08-21,7.0,44.25,5844.92,6165.77,320.84,0
C-4125091296,2026-08-21,2.0,44.25,2920.06,2656.55,-263.52,0
C-43-44986-21,2026-08-21,3.5,44.25,3659.91,3657.56,-2.35,0
C-43-40465-21,2026-08-20,3.5,44.25,3659.91,3657.56,-2.35,0
C-53-7871887-22,2026-08-20,9.0,44.25,6627.96,7652.27,1024.31,0
C-4141031622,2026-08-20,6.5,44.25,5582.95,5779.28,196.32,0
C-43-44453-21,2026-08-20,3.0,44.25,3367.24,3336.45,-30.78,0
C-43-44294-21,2026-08-20,2.5,44.25,3258.8,3001.23,-257.57,0
C-43-44204-21,2026-08-20,6.0,44.25,5322.9,5395.27,72.37,0
C-53-7871871-22,2026-08-20,4.0,44.25,3952.59,3980.0,27.41,0
C-43-42496-21,2026-08-20,4.5,44.25,4245.27,4304.02,58.75,0
C-4132745551,2026-08-20,5.0,44.25,4537.95,4624.59,86.64,0
C-43-44334-21,2026-08-20,5.5,44.25,5060.93,5009.9,-51.03,0
C-53-7871812-22,2026-08-20,8.0,44.25,6366.95,6934.12,567.17,0
C-43-44802-21,2026-08-20,4.0,44.25,3952.59,3980.0,27.41,0
C-43-44098-21,2026-08-20,7.0,44.25,5844.92,6165.77,320.84,0
C-53-7871961-22,2026-08-20,10.5,44.25,9333.07,8703.33,-629.74,0
C-43-44902-21,2026-08-20,6.5,44.25,5582.95,5779.28,196.32,0
C-43-44767-21,2026-08-20,5.5,44.25,5060.93,5009.9,-51.03,0
C-53-7871902-22,2026-08-20,11.0,44.25,9693.88,9049.65,-644.23,0
C-43-44578-21,2026-08-20,0.5,44.25,1911.52,1623.34,-288.18,0
C-43-44530-21,2026-08-20,4.0,44.25,3952.59,3980.0,27.41,0
C-53-7871841-22,2026-08-20,3.0,44.25,3258.8,3336.45,77.65,0
C-43-44425-21,2026-08-20,1.5,44.25,2580.36,2312.2,-268.16,0
C-4132437375,2026-08-20,4.5,44.25,4245.27,4304.02,58.75,0
C-4130994177,2026-08-20,10.0,44.25,7410.99,8269.18,858.19,0
C-43-44702-21,2026-08-20,3.5,44.25,3659.91,3657.56,-2.35,0
C-53-7871781-22,2026-08-20,3.5,44.25,3659.91,3657.56,-2.35,0
C-43-41486-21,2026-08-20,4.5,44.25,4245.27,4304.02,58.75,0
C-43-42881-21,2026-08-20,7.5,44.25,6105.93,6549.65,443.72,0
C-53-7871915-22,2026-08-20,2.5,44.25,3136.93,3001.23,-135.7,0
C-43-44225-21,2026-08-20,1.5,44.25,2580.36,2312.2,-268.16,0
C-4116849424,2026-08-20,2.5,44.25,3258.8,3001.23,-257.57,0
C-43-44610-21,2026-08-20,3.5,44.25,3659.91,3657.56,-2.35,0
C-43-44115-21,2026-08-20,5.0,44.25,4537.95,4624.59,86.64,0
C-43-43330-21,2026-08-20,4.5,44.25,4245.27,4304.02,58.75,0
C-4125314758,2026-08-20,17.5,44.25,14377.69,13334.13,-1043.55,0
C-4130446579,2026-08-20,10.0,44.25,7410.99,8269.18,858.19,0
C-43-43340-21,2026-08-20,0.5,44.25,1911.52,1623.34,-288.18,0
C-43-44697-21,2026-08-20,7.5,44.25,6105.93,6549.65,443.72,0
C-43-43649-21,2026-08-20,2.0,44.25,2920.06,2656.55,-263.52,0
C-43-44391-21,2026-08-20,11.5,44.25,10053.73,9397.45,-656.28,0
C-43-43402-21,2026-08-20,1.5,44.25,2580.36,2312.2,-268.16,0
C-43-44675-21,2026-08-20,4.5,44.25,3952.59,4304.02,351.43,0
C-53-7871848-22,2026-08-20,11.5,44.25,10053.73,9397.45,-656.28,0
C-43-42971-21,2026-08-20,4.0,44.25,3952.59,3980.0,27.41,0
C-43-44650-21,2026-08-20,2.5,44.25,3258.8,3001.23,-257.57,0
C-43-43922-21,2026-08-20,4.5,44.25,4245.27,4304.02,58.75,0
C-43-40683-21,2026-08-20,6.5,44.25,5582.95,5779.28,196.32,0
C-43-44229-21,2026-08-20,5.0,44.25,4537.95,4624.59,86.64,0
C-43-43309-21,2026-08-20,7.0,44.25,5844.92,6165.77,320.84,0
C-53-7871745-22,2026-08-20,4.5,44.25,4245.27,4304.02,58.75,0
C-43-44497-21,2026-08-20,6.5,44.25,5582.95,5779.28,196.32,0
C-43-44805-21,2026-08-20,3.5,44.25,3659.91,3657.56,-2.35,0
C-43-44113-21,2026-08-20,3.5,44.25,3659.91,3657.56,-2.35,0
C-43-44386-21,2026-08-20,5.0,44.25,4537.95,4624.59,86.64,0
C-53-7871919-22,2026-08-20,2.5,44.25,3258.8,3001.23,-257.57,0
C-43-44174-21,2026-08-20,6.5,44.25,5582.95,5779.28,196.32,0
C-43-44162-21,2026-08-20,3.5,44.25,3659.91,3657.56,-2.35,0
C-43-44544-21,2026-08-20,7.5,44.25,6105.93,6549.65,443.72,0
C-53-7871657-22,2026-08-20,4.5,44.25,4245.27,4304.02,58.75,0
C-43-43818-21,2026-08-20,6.0,44.25,5322.9,5395.27,72.37,0
C-53-7871825-22,2026-08-20,8.0,44.25,6105.93,6934.12,828.18,0
C-43-44545-21,2026-08-20,9.5,44.25,7149.98,7964.89,814.91,0
C-43-44439-21,2026-08-20,4.5,44.25,4245.27,4304.02,58.75,0
C-43-40662-21,2026-08-20,4.5,44.25,4245.27,4304.02,58.75,0
C-43-44214-21,2026-08-20,7.0,44.25,5844.92,6165.77,320.84,0
C-53-7871751-22,2026-08-20,9.5,44.25,7149.98,7964.89,814.91,0
C-53-7871941-22,2026-08-20,8.5,44.25,6627.96,7320.28,692.33,0
C-53-7871925-22,2026-08-20,2.5,44.25,3258.8,3001.23,-257.57,0
C-43-44351-21,2026-08-20,27.0,44.25,25829.55,20341.95,-5487.6,0
C-4128028166,2026-08-20,6.0,44.25,5322.9,5395.27,72.37,0
C-43-43333-21,2026-08-20,8.5,44.25,6627.96,7320.28,692.33,0
C-43-44659-21,2026-08-20,5.0,44.25,4537.95,4624.59,86.64,0
C-53-7871814-22,2026-08-20,5.0,44.25,4537.95,4624.59,86.64,0
C-4118297767,2026-08-20,21.5,44.25,17677.75,16198.22,-1479.53,0
C-43-44591-21,2026-08-20,9.5,44.25,7149.98,7964.89,814.91,0
C-43-43429-21,2026-08-20,10.5,44.25,9333.07,8703.33,-629.74,0
C-43-44507-21,2026-08-20,0.5,44.25,1911.52,1623.34,-288.18,0
C-4122535736,2026-08-20,13.5,44.25,11495.05,10739.17,-755.88,0
C-43-44400-21,2026-08-20,13.5,44.25,11495.05,10739.17,-755.88,0
C-43-44168-21,2026-08-20,5.0,44.25,4537.95,4624.59,86.64,0
C-43-42746-21,2026-08-20,11.0,44.25,9693.88,9049.65,-644.23,0
C-53-7872043-22,2026-08-20,2.5,44.25,3258.8,3001.23,-257.57,0
C-4132767777,2026-08-20,14.0,44.25,11541.11,11063.72,-477.39,0
C-53-7871593-22,2026-08-20,6.5,44.25,5580.07,5779.28,199.2,0
C-43-43866-21,2026-08-19,6.5,44.25,5580.07,5779.28,199.2,0
C-43-44440-21,2026-08-19,3.0,44.25,3365.32,3336.45,-28.86,0
C-43-44724-21,2026-08-19,4.0,44.25,3950.67,3980.0,29.33,0
C-43-44293-21,2026-08-19,3.5,44.25,3365.32,3657.56,292.25,0
C-43-43951-21,2026-08-19,2.0,44.25,2918.14,2656.55,-261.6,0
C-43-43277-21,2026-08-19,38.0,44.25,34528.33,28629.41,-5898.91,0
C-43-44711-21,2026-08-19,1.5,44.25,2579.4,2312.2,-267.2,0
C-43-44672-21,2026-08-19,1.5,44.25,2579.4,2312.2,-267.2,0
C-43-44434-21,2026-08-19,7.5,44.25,6102.1,6549.65,447.56,0
C-43-43986-21,2026-08-19,5.0,44.25,4536.03,4624.59,88.56,0
C-43-44540-21,2026-08-19,2.5,44.25,3135.01,3001.23,-133.78,0
C-53-7871950-22,2026-08-19,16.5,44.25,13650.31,12683.28,-967.03,0
C-43-44638-21,2026-08-19,2.5,44.25,3256.88,3001.23,-255.65,0
C-43-43617-21,2026-08-19,9.0,44.25,6885.13,7652.27,767.14,0
C-43-43760-21,2026-08-19,3.5,44.25,3658.0,3657.56,-0.43,0
C-43-43336-21,2026-08-19,6.5,44.25,5580.07,5779.28,199.2,0
C-43-44429-21,2026-08-19,7.5,44.25,6102.1,6549.65,447.56,0
C-43-45115-21,2026-08-19,6.5,44.25,1910.56,5779.28,3868.71,0
C-43-44500-21,2026-08-19,5.5,44.25,5059.01,5009.9,-49.11,0
C-43-42194-21,2026-08-19,18.0,44.25,14730.82,13655.17,-1075.64,0
C-43-44905-21,2026-08-19,2.0,44.25,2808.75,2656.55,-152.2,0
C-43-43992-21,2026-08-19,3.5,44.25,3658.0,3657.56,-0.43,0
C-43-40664-21,2026-08-19,6.5,44.25,5580.07,5779.28,199.2,0
C-43-43283-21,2026-08-19,9.0,44.25,6624.12,7652.27,1028.15,0
C-4121333026,2026-08-19,8.0,44.25,6102.1,6934.12,832.02,0
C-4146979640,2026-08-19,9.5,44.25,7146.14,7964.89,818.75,0
C-43-43729-21,2026-08-19,17.5,44.25,14370.97,13334.13,-1036.84,0
C-4133629222,2026-08-19,7.0,44.25,5841.09,6165.77,324.68,0
C-43-44470-21,2026-08-19,2.5,44.25,3256.88,3001.23,-255.65,0
C-43-43950-21,2026-08-19,13.5,44.25,11489.29,10739.17,-750.12,0
C-43-43686-21,2026-08-19,17.5,44.25,14370.97,13334.13,-1036.84,0
C-43-43253-21,2026-08-19,5.5,44.25,5059.01,5009.9,-49.11,0
C-43-43846-21,2026-08-19,9.5,44.25,7146.14,7964.89,818.75,0
C-43-41329-21,2026-08-19,16.5,44.25,13650.31,12683.28,-967.03,0
C-43-44367-21,2026-08-19,4.0,44.25,3950.67,3980.0,29.33,0
C-43-44421-21,2026-08-19,21.5,44.25,17668.16,16198.22,-1469.93,0
C-43-44365-21,2026-08-19,20.5,44.25,16531.03,15708.33,-822.7,0
C-43-44342-21,2026-08-19,8.5,44.25,6624.12,7320.28,696.16,0
C-43-43101-21,2026-08-19,8.5,44.25,6624.12,7320.28,696.16,0
C-43-44681-21,2026-08-19,3.0,44.25,3365.32,3336.45,-28.86,0
C-43-44789-21,2026-08-19,2.0,44.25,2918.14,2656.55,-261.6,0
C-43-44085-21,2026-08-19,6.0,44.25,5320.02,5395.27,75.25,0
C-43-44235-21,2026-08-19,2.0,44.25,2808.75,2656.55,-152.2,0
C-43-44411-21,2026-08-19,2.5,44.25,3135.01,3001.23,-133.78,0
C-43-44636-21,2026-08-19,6.0,44.25,5320.02,5395.27,75.25,0
C-43-44007-21,2026-08-19,30.0,44.25,28192.09,22602.17,-5589.92,0
C-43-44508-21,2026-08-19,3.5,44.25,3658.0,3657.56,-0.43,0
C-43-42884-21,2026-08-19,6.0,44.25,5320.02,5395.27,75.25,0
C-43-44431-21,2026-08-19,5.5,44.25,5059.01,5009.9,-49.11,0
C-43-44149-21,2026-08-19,2.5,44.25,3135.01,3001.23,-133.78,0
C-43-44144-21,2026-08-19,10.5,44.25,9328.27,8703.33,-624.94,0
C-43-44602-21,2026-08-19,5.5,44.25,5059.01,5009.9,-49.11,0
C-43-44053-21,2026-08-19,4.0,44.25,3950.67,3980.0,29.33,0
C-43-44741-21,2026-08-19,4.0,44.25,3950.67,3980.0,29.33,0
C-43-43296-21,2026-08-19,14.5,44.25,12209.95,11385.83,-824.12,0
C-43-44205-21,2026-08-19,5.0,44.25,4536.03,4624.59,88.56,0
C-43-44537-21,2026-08-19,7.5,44.25,6102.1,6549.65,447.56,0
C-43-44108-21,2026-08-19,2.5,44.25,3135.01,3001.23,-133.78,0
C-43-44558-21,2026-08-19,20.0,44.25,16171.18,14951.14,-1220.04,0
C-4115992362,2026-08-19,9.0,44.25,6885.13,7652.27,767.14,0
C-43-44382-21,2026-08-19,11.5,44.25,10048.93,9397.45,-651.48,0
C-43-44346-21,2026-08-19,4.0,44.25,3950.67,3980.0,29.33,0
C-43-42412-21,2026-08-19,7.5,44.25,6102.1,6549.65,447.56,0
C-43-42054-21,2026-08-19,10.0,44.25,7146.14,8269.18,1123.04,0
C-43-44651-21,2026-08-19,6.0,44.25,5059.01,5395.27,336.26,0
C-43-42731-21,2026-08-19,4.5,44.25,4243.35,4304.02,60.67,0
C-43-44620-21,2026-08-19,5.0,44.25,4536.03,4624.59,88.56,0
C-43-44304-21,2026-08-19,6.0,44.25,5320.02,5395.27,75.25,0
C-43-43966-21,2026-08-19,12.0,44.25,10408.78,9744.3,-664.48,0
C-43-44354-21,2026-08-19,6.5,44.25,5580.07,5779.28,199.2,0
C-43-43984-21,2026-08-19,14.0,44.25,11849.14,11063.72,-785.42,0
C-43-44038-21,2026-08-19,3.5,44.25,3658.0,3657.56,-0.43,0
C-43-43344-21,2026-08-19,10.0,44.25,7407.15,8269.18,862.03,0
C-43-44330-21,2026-08-19,5.0,44.25,4536.03,4624.59,88.56,0
C-43-44331-21,2026-08-19,6.0,44.25,5059.01,5395.27,336.26,0
C-43-44156-21,2026-08-19,5.0,44.25,4536.03,4624.59,88.56,0
C-43-44493-21,2026-08-19,6.5,44.25,5580.07,5779.28,199.2,0
C-43-44495-21,2026-08-19,19.5,44.25,15811.33,14631.6,-1179.73,0
C-43-44479-21,2026-08-19,7.0,44.25,5841.09,6165.77,324.68,0
C-43-44580-21,2026-08-19,7.0,44.25,5841.09,6165.77,324.68,0
C-4132446285,2026-08-19,2.5,44.25,3374.91,3001.23,-373.68,0
C-4128100328,2026-08-19,5.0,44.25,5596.39,4624.59,-971.8,0
C-43-39754-21,2026-08-19,23.5,44.25,19266.85,17705.03,-1561.82,0
C-43-42777-21,2026-08-18,5.0,44.25,4246.23,4624.59,378.36,0
C-4118850001,2026-08-18,3.5,44.25,3660.87,3657.56,-3.31,0
C-43-44256-21,2026-08-18,7.5,44.25,6106.89,6549.65,442.76,0
C-43-44516-21,2026-08-18,9.0,44.25,6890.89,7652.27,761.38,0
C-43-42503-21,2026-08-18,11.0,44.25,9334.99,9049.65,-285.34,0
C-43-43783-21,2026-08-18,14.0,44.25,11857.78,11063.72,-794.06,0
C-43-44318-21,2026-08-18,9.5,44.25,7151.9,7964.89,812.99,0
C-43-44307-21,2026-08-18,4.0,44.25,3953.55,3980.0,26.45,0
C-53-7871829-22,2026-08-18,9.5,44.25,7151.9,7964.89,812.99,0
C-53-7871412-22,2026-08-18,5.0,44.25,4538.91,4624.59,85.68,0
C-43-43659-21,2026-08-18,4.5,44.25,4246.23,4304.02,57.79,0
C-53-7871938-22,2026-08-18,2.0,44.25,2810.67,2656.55,-154.12,0
C-43-44562-21,2026-08-18,4.0,44.25,3953.55,3980.0,26.45,0
C-43-44454-21,2026-08-18,5.0,44.25,4538.91,4624.59,85.68,0
C-53-7871674-22,2026-08-18,3.5,44.25,3660.87,3657.56,-3.31,0
C-43-44717-21,2026-08-18,4.0,44.25,3953.55,3980.0,26.45,0
C-43-44407-21,2026-08-18,1.5,44.25,2581.32,2312.2,-269.12,0
C-43-43890-21,2026-08-18,6.0,44.25,5323.86,5395.27,71.41,0
C-53-7871770-22,2026-08-18,4.0,44.25,3953.55,3980.0,26.45,0
C-53-7871646-22,2026-08-18,7.5,44.25,6106.89,6549.65,442.76,0
C-43-44528-21,2026-08-18,11.0,44.25,9695.8,9049.65,-646.15,0
C-43-43826-21,2026-08-18,2.0,44.25,2810.67,2656.55,-154.12,0
C-43-44052-21,2026-08-18,5.0,44.25,4538.91,4624.59,85.68,0
C-43-43933-21,2026-08-18,7.5,44.25,6106.89,6549.65,442.76,0
C-43-42506-21,2026-08-18,7.0,44.25,5845.88,6165.77,319.88,0
C-4132387195,2026-08-18,6.0,44.25,5323.86,5395.27,71.41,0
C-43-44413-21,2026-08-18,8.0,44.25,6106.89,6934.12,827.22,0
C-43-43779-21,2026-08-18,3.5,44.25,3660.87,3657.56,-3.31,0
C-43-44709-21,2026-08-18,4.0,44.25,3953.55,3980.0,26.45,0
C-53-7871652-22,2026-08-18,6.0,44.25,5323.86,5395.27,71.41,0
C-53-7871931-22,2026-08-18,2.5,44.25,3137.89,3001.23,-136.66,0
C-43-44110-21,2026-08-18,5.0,44.25,4538.91,4624.59,85.68,0
C-4127924324,2026-08-18,4.5,44.25,4246.23,4304.02,57.79,0
C-43-44521-21,2026-08-18,4.5,44.25,4246.23,4304.02,57.79,0
C-4134249149,2026-08-18,7.0,44.25,5845.88,6165.77,319.88,0
C-43-44023-21,2026-08-18,7.0,44.25,5845.88,6165.77,319.88,0
C-53-7871470-22,2026-08-18,10.5,44.25,9334.99,8703.33,-631.66,0
C-53-7871855-22,2026-08-18,5.0,44.25,4538.91,4624.59,85.68,0
C-53-7871890-22,2026-08-18,2.0,44.25,2810.67,2656.55,-154.12,0
C-53-7871797-22,2026-08-18,6.5,44.25,5584.87,5779.28,194.4,0
C-43-43881-21,2026-08-18,4.0,44.25,3660.87,3980.0,319.13,0
C-43-44463-21,2026-08-18,7.5,44.25,6106.89,6549.65,442.76,0
C-43-44129-21,2026-08-18,11.0,44.25,9695.8,9049.65,-646.15,0
C-43-43908-21,2026-08-18,8.5,44.25,6628.92,7320.28,691.37,0
C-53-7871922-22,2026-08-18,9.5,44.25,7151.9,7964.89,812.99,0
C-43-43930-21,2026-08-18,4.5,44.25,4246.23,4304.02,57.79,0
C-43-44323-21,2026-08-18,1.5,44.25,2483.44,2312.2,-171.24,0
C-53-7871707-22,2026-08-18,3.5,44.25,3368.2,3657.56,289.37,0
C-43-44611-21,2026-08-18,7.0,44.25,5845.88,6165.77,319.88,0
C-43-44268-21,2026-08-18,5.5,44.25,5062.85,5009.9,-52.95,0
C-43-44627-21,2026-08-18,6.0,44.25,5323.86,5395.27,71.41,0
C-43-44337-21,2026-08-18,8.5,44.25,6628.92,7320.28,691.37,0
C-53-7871583-22,2026-08-18,4.5,44.25,4246.23,4304.02,57.79,0
C-53-7871686-22,2026-08-18,8.5,44.25,6628.92,7320.28,691.37,0
C-43-44265-21,2026-08-18,5.0,44.25,4538.91,4624.59,85.68,0
C-43-44219-21,2026-08-18,6.0,44.25,5062.85,5395.27,332.42,0
C-43-44539-21,2026-08-18,5.0,44.25,4538.91,4624.59,85.68,0
C-43-43128-21,2026-08-18,5.0,44.25,4538.91,4624.59,85.68,0
C-43-42222-21,2026-08-18,6.0,44.25,5323.86,5395.27,71.41,0
C-53-7871769-22,2026-08-18,3.5,44.25,3660.87,3657.56,-3.31,0
C-43-43955-21,2026-08-18,4.5,44.25,3953.55,4304.02,350.47,0
C-53-7871837-22,2026-08-18,2.5,44.25,3259.76,3001.23,-258.53,0
C-43-44706-21,2026-08-18,4.5,44.25,4246.23,4304.02,57.79,0
C-53-7871749-22,2026-08-18,9.5,44.25,7151.9,7964.89,812.99,0
C-43-43885-21,2026-08-18,2.0,44.25,2810.67,2656.55,-154.12,0
C-43-43555-21,2026-08-18,3.5,44.25,3660.87,3657.56,-3.31,0
C-53-7871949-22,2026-08-18,5.0,44.25,4538.91,4624.59,85.68,0
C-43-44347-21,2026-08-18,7.0,44.25,5845.88,6165.77,319.88,0
C-43-43693-21,2026-08-18,5.5,44.25,5062.85,5009.9,-52.95,0
C-43-44465-21,2026-08-18,8.0,44.25,6367.91,6934.12,566.21,0
C-43-44316-21,2026-08-18,4.0,44.25,3953.55,3980.0,26.45,0
C-43-42520-21,2026-08-18,18.5,44.25,15101.23,13979.49,-1121.74,0
C-53-7871878-22,2026-08-18,2.0,44.25,2920.06,2656.55,-263.52,0
C-43-44383-21,2026-08-18,7.0,44.25,5845.88,6165.77,319.88,0
C-43-43193-21,2026-08-18,8.0,44.25,6367.91,6934.12,566.21,0
C-43-43886-21,2026-08-18,12.0,44.25,10416.46,9744.3,-672.16,0
C-43-44086-21,2026-08-18,5.5,44.25,5062.85,5009.9,-52.95,0
C-4134123995,2026-08-18,3.5,44.25,3660.87,3657.56,-3.31,0
C-53-7871930-22,2026-08-18,10.0,44.25,7412.91,8269.18,856.27,0
C-43-43991-21,2026-08-18,8.0,44.25,6367.91,6934.12,566.21,0
C-53-7871465-22,2026-08-18,2.5,44.25,3137.89,3001.23,-136.66,0
C-43-43964-21,2026-08-18,6.0,44.25,5323.86,5395.27,71.41,0
C-43-44398-21,2026-08-18,4.0,44.25,3953.55,3980.0,26.45,0
C-53-7871874-22,2026-08-18,7.0,44.25,5845.88,6165.77,319.88,0
C-43-43571-21,2026-08-18,7.0,44.25,5845.88,6165.77,319.88,0
C-43-44211-21,2026-08-18,9.5,44.25,7151.9,7964.89,812.99,0
C-43-44232-21,2026-08-18,5.0,44.25,4538.91,4624.59,85.68,0
C-43-44462-21,2026-08-18,6.0,44.25,5323.86,5395.27,71.41,0
C-53-7871866-22,2026-08-18,5.0,44.25,4538.91,4624.59,85.68,0
C-43-44616-21,2026-08-18,8.5,44.25,6628.92,7320.28,691.37,0
C-53-7871806-22,2026-08-18,4.5,44.25,3953.55,4304.02,350.47,0
C-43-44561-21,2026-08-18,3.5,44.25,3660.87,3657.56,-3.31,0
C-43-44116-21,2026-08-18,9.5,44.25,7151.9,7964.89,812.99,0
C-43-44518-21,2026-08-18,6.0,44.25,5323.86,5395.27,71.41,0
C-43-44352-21,2026-08-18,5.0,44.25,4538.91,4624.59,85.68,0
C-43-44073-21,2026-08-18,11.5,44.25,10055.65,9397.45,-658.2,0
C-43-43717-21,2026-08-18,6.0,44.25,5323.86,5395.27,71.41,0
C-43-43692-21,2026-08-18,11.0,44.25,9695.8,9049.65,-646.15,0
C-53-7871810-22,2026-08-18,3.0,44.25,3368.2,3336.45,-31.74,0
C-43-43934-21,2026-08-18,6.0,44.25,5323.86,5395.27,71.41,0
C-43-44660-21,2026-08-18,8.0,44.25,6367.91,6934.12,566.21,0
C-43-44132-21,2026-08-18,5.5,44.25,5062.85,5009.9,-52.95,0
C-43-44396-21,2026-08-18,5.5,44.25,5062.85,5009.9,-52.95,0
C-43-43466-21,2026-08-18,6.0,44.25,5323.86,5395.27,71.41,0
C-43-41358-21,2026-08-18,7.5,44.25,6106.89,6549.65,442.76,0
C-43-43497-21,2026-08-18,2.5,44.25,3137.89,3001.23,-136.66,0
C-43-44121-21,2026-08-18,5.5,44.25,5062.85,5009.9,-52.95,0
C-43-44287-21,2026-08-18,9.0,44.25,6890.89,7652.27,761.38,0
C-43-45097-21,2026-08-18,8.5,44.25,6634.67,7320.28,685.61,0
C-43-45097-21,2026-08-18,8.5,44.25,6634.67,7320.28,685.61,0
C-43-45097-21,2026-08-18,8.5,44.25,6634.67,7320.28,685.61,0
C-43-43278-21,2026-08-17,6.5,44.25,5327.7,5779.28,451.58,0
C-43-43712-21,2026-08-17,4.0,44.25,3956.43,3980.0,23.57,0
C-53-7871824-22,2026-08-17,22.5,44.25,18489.57,16951.63,-1537.95,0
C-43-43044-21,2026-08-17,4.0,44.25,3956.43,3980.0,23.57,0
C-43-41167-21,2026-08-17,10.5,44.25,9342.67,8703.33,-639.33,0
C-43-42773-21,2026-08-17,14.0,44.25,11868.33,11063.72,-804.61,0
C-43-43476-21,2026-08-17,6.5,44.25,5588.71,5779.28,190.57,0
C-4123175090,2026-08-17,5.0,44.25,4542.75,4624.59,81.84,0
C-53-7871725-22,2026-08-17,4.5,44.25,4250.07,4304.02,53.95,0
C-53-7871687-22,2026-08-17,8.0,44.25,6111.69,6934.12,822.42,0
C-4112266644,2026-08-17,6.0,44.25,5327.7,5395.27,67.57,0
C-43-41670-21,2026-08-17,6.5,44.25,5588.71,5779.28,190.57,0
C-43-43519-21,2026-08-17,4.5,44.25,4250.07,4304.02,53.95,0
C-53-7871515-22,2026-08-17,8.5,44.25,6634.67,7320.28,685.61,0
C-4117722474,2026-08-17,12.0,44.25,10425.09,9744.3,-680.8,0
C-43-42404-21,2026-08-17,2.0,44.25,2922.94,2656.55,-266.4,0
C-53-7871789-22,2026-08-17,3.5,44.25,3663.75,3657.56,-6.19,0
C-43-42885-21,2026-08-17,10.0,44.25,7157.66,8269.18,1111.52,0
C-43-41384-21,2026-08-17,3.5,44.25,3663.75,3657.56,-6.19,0
C-43-42034-21,2026-08-17,2.5,44.25,3262.64,3001.23,-261.41,0
C-43-43589-21,2026-08-17,26.5,44.25,25460.11,19965.25,-5494.86,0
C-4118307040,2026-08-17,4.5,44.25,4250.07,4304.02,53.95,0
C-43-43310-21,2026-08-17,6.0,44.25,5327.7,5395.27,67.57,0
C-53-7871836-22,2026-08-17,10.5,44.25,9342.67,8703.33,-639.33,0
C-43-43020-21,2026-08-17,3.5,44.25,3663.75,3657.56,-6.19,0
C-43-41851-21,2026-08-17,3.0,44.25,3371.07,3336.45,-34.62,0
C-43-42722-21,2026-08-17,13.5,44.25,11507.52,10739.17,-768.35,0
C-43-43697-21,2026-08-17,5.0,44.25,4542.75,4624.59,81.84,0
C-53-7871773-22,2026-08-17,9.5,44.25,7157.66,7964.89,807.23,0
C-43-43042-21,2026-08-17,2.5,44.25,3139.81,3001.23,-138.58,0
C-4112605395,2026-08-17,7.0,44.25,5850.68,6165.77,315.08,0
C-43-41789-21,2026-08-17,10.0,44.25,7418.67,8269.18,850.51,0
C-43-41708-21,2026-08-17,18.5,44.25,15114.66,13979.49,-1135.17,0
C-53-7871846-22,2026-08-17,7.0,44.25,5850.68,6165.77,315.08,0
C-53-7871711-22,2026-08-17,5.5,44.25,5066.69,5009.9,-56.78,0
C-43-43291-21,2026-08-17,5.0,44.25,4542.75,4624.59,81.84,0
C-43-42589-21,2026-08-17,10.0,44.25,7418.67,8269.18,850.51,0
C-43-42960-21,2026-08-17,8.0,44.25,6373.66,6934.12,560.45,0
C-43-43460-21,2026-08-17,4.0,44.25,3956.43,3980.0,23.57,0
C-43-42004-21,2026-08-17,5.5,44.25,5066.69,5009.9,-56.78,0
C-43-44308-21,2026-08-17,10.0,44.25,7418.67,8269.18,850.51,0
C-43-44525-21,2026-08-17,5.5,44.25,5066.69,5009.9,-56.78,0
C-43-44549-21,2026-08-17,7.5,44.25,6111.69,6549.65,437.96,0
C-43-44139-21,2026-08-17,6.0,44.25,5327.7,5395.27,67.57,0
C-43-44733-21,2026-08-17,5.0,44.25,4542.75,4624.59,81.84,0
C-43-44388-21,2026-08-17,4.5,44.25,4250.07,4304.02,53.95,0
C-43-44208-21,2026-08-17,3.5,44.25,3663.75,3657.56,-6.19,0
C-43-44632-21,2026-08-17,6.5,44.25,5588.71,5779.28,190.57,0
C-43-44563-21,2026-08-17,5.5,44.25,5066.69,5009.9,-56.78,0
C-43-44488-21,2026-08-17,5.0,44.25,4542.75,4624.59,81.84,0
C-43-44491-21,2026-08-17,6.0,44.25,5066.69,5395.27,328.58,0
C-43-44164-21,2026-08-17,3.5,44.25,3663.75,3657.56,-6.19,0
C-43-44344-21,2026-08-17,6.0,44.25,5327.7,5395.27,67.57,0
C-53-7871912-22,2026-08-17,9.0,44.25,6896.65,7652.27,755.63,0
C-43-44192-21,2026-08-17,4.5,44.25,4250.07,4304.02,53.95,0
C-43-44224-21,2026-08-17,7.0,44.25,5850.68,6165.77,315.08,0
C-43-43731-21,2026-08-17,8.0,44.25,6373.66,6934.12,560.45,0
C-43-43799-21,2026-08-17,8.0,44.25,6373.66,6934.12,560.45,0
C-43-43919-21,2026-08-17,6.0,44.25,5327.7,5395.27,67.57,0
C-53-7871881-22,2026-08-17,4.0,44.25,3956.43,3980.0,23.57,0
C-43-44435-21,2026-08-17,6.5,44.25,5588.71,5779.28,190.57,0
C-43-44513-21,2026-08-17,2.5,44.25,2922.94,3001.23,78.29,0
C-53-7871900-22,2026-08-17,5.0,44.25,4542.75,4624.59,81.84,0
C-43-44336-21,2026-08-17,3.5,44.25,3663.75,3657.56,-6.19,0
C-43-43901-21,2026-08-17,11.5,44.25,10064.28,9397.45,-666.83,0
C-43-43873-21,2026-08-17,21.5,44.25,17299.67,16198.22,-1101.45,0
C-43-44279-21,2026-08-17,6.5,44.25,5588.71,5779.28,190.57,0
C-43-43948-21,2026-08-17,9.0,44.25,6896.65,7652.27,755.63,0
C-43-44536-21,2026-08-17,4.0,44.25,3956.43,3980.0,23.57,0
C-53-7871908-22,2026-08-17,3.0,44.25,3371.07,3336.45,-34.62,0
C-43-43940-21,2026-08-17,9.5,44.25,8696.85,7964.89,-731.97,0
C-43-44635-21,2026-08-17,5.5,44.25,5066.69,5009.9,-56.78,0
C-43-43789-21,2026-08-17,4.5,44.25,4250.07,4304.02,53.95,0
C-43-44049-21,2026-08-17,6.5,44.25,5588.71,5779.28,190.57,0
C-43-44187-21,2026-08-17,4.0,44.25,3956.43,3980.0,23.57,0
C-43-44024-21,2026-08-17,9.5,44.25,7157.66,7964.89,807.23,0
C-43-44671-21,2026-08-17,5.0,44.25,4542.75,4624.59,81.84,0
C-43-44315-21,2026-08-17,2.5,44.25,3262.64,3001.23,-261.41,0
C-43-44366-21,2026-08-17,13.5,44.25,11507.52,10739.17,-768.35,0
C-43-44541-21,2026-08-17,3.5,44.25,3663.75,3657.56,-6.19,0
C-43-44458-21,2026-08-17,2.0,44.25,2922.94,2656.55,-266.4,0
C-43-44401-21,2026-08-17,12.0,44.25,10425.09,9744.3,-680.8,0
C-43-44674-21,2026-08-17,2.5,44.25,3262.64,3001.23,-261.41,0
C-4133381878,2026-08-17,7.0,44.25,5850.68,6165.77,315.08,0
C-43-44599-21,2026-08-17,2.0,44.25,2922.94,2656.55,-266.4,0
C-43-44443-21,2026-08-17,4.0,44.25,3956.43,3980.0,23.57,0
C-43-43892-21,2026-08-17,5.5,44.25,5066.69,5009.9,-56.78,0
C-43-44393-21,2026-08-17,4.5,44.25,4250.07,4304.02,53.95,0
C-43-44708-21,2026-08-17,3.5,44.25,3663.75,3657.56,-6.19,0
C-43-44275-21,2026-08-17,4.5,44.25,4250.07,4304.02,53.95,0
C-4127831973,2026-08-14,3.5,46.75,3436.33,3720.95,284.62,0
C-43-43734-21,2026-08-14,7.5,46.75,6230.68,6663.16,432.48,0
C-43-44058-21,2026-08-14,6.0,46.75,5431.34,5488.78,57.44,0
C-43-44141-21,2026-08-14,2.0,46.75,2979.56,2702.59,-276.97,0
C-43-43247-21,2026-08-14,6.0,46.75,5431.34,5488.78,57.44,0
C-43-44128-21,2026-08-14,5.5,46.75,5164.57,5096.73,-67.84,0
C-43-44329-21,2026-08-14,4.5,46.75,4331.63,4378.62,46.98,0
C-43-44257-21,2026-08-14,5.0,46.75,4631.03,4704.74,73.71,0
C-4123701636,2026-08-14,10.5,46.75,7562.61,8854.17,1291.56,0
C-43-43570-21,2026-08-14,9.5,46.75,7295.84,8102.93,807.09,0
C-43-43507-21,2026-08-14,5.5,46.75,5164.57,5096.73,-67.84,0
C-53-7871794-22,2026-08-14,3.5,46.75,3734.76,3720.95,-13.81,0
C-53-7871681-22,2026-08-14,2.0,46.75,2979.56,2702.59,-276.97,0
C-53-7871683-22,2026-08-14,6.0,46.75,5431.34,5488.78,57.44,0
C-43-43338-21,2026-08-14,5.5,46.75,5164.57,5096.73,-67.84,0
C-43-44644-21,2026-08-14,2.0,46.75,2867.28,2702.59,-164.7,0
C-43-44455-21,2026-08-14,1.5,46.75,2633.14,2352.27,-280.87,0
C-43-43825-21,2026-08-14,10.0,46.75,7562.61,8412.49,849.89,0
C-43-42173-21,2026-08-14,3.5,46.75,3734.76,3720.95,-13.81,0
C-43-44710-21,2026-08-14,2.5,46.75,3325.01,3053.25,-271.77,0
C-53-7871820-22,2026-08-14,7.5,46.75,6230.68,6663.16,432.48,0
C-43-44328-21,2026-08-14,4.5,46.75,4331.63,4378.62,46.98,0
C-4116112040,2026-08-14,3.5,46.75,3734.76,3720.95,-13.81,0
C-43-44350-21,2026-08-14,1.5,46.75,2633.14,2352.27,-280.87,0
C-53-7871791-22,2026-08-14,12.0,46.75,10626.61,9913.18,-713.43,0
C-43-43832-21,2026-08-14,9.0,46.75,7030.03,7784.89,754.86,0
C-53-7871889-22,2026-08-14,3.5,46.75,3734.76,3720.95,-13.81,0
C-43-44089-21,2026-08-14,6.0,46.75,5431.34,5488.78,57.44,0
C-43-44522-21,2026-08-14,4.5,46.75,4033.2,4378.62,345.42,0
C-53-7871903-22,2026-08-14,13.5,46.75,11730.15,10925.29,-804.86,0
C-43-43764-21,2026-08-14,9.0,46.75,7030.03,7784.89,754.86,0
C-43-44043-21,2026-08-14,5.5,46.75,5164.57,5096.73,-67.84,0
C-43-41660-21,2026-08-14,8.5,46.75,6763.26,7447.15,683.89,0
C-43-43875-21,2026-08-14,7.0,46.75,5963.91,6272.63,308.71,0
C-43-41454-21,2026-08-14,5.0,46.75,4631.03,4704.74,73.71,0
C-43-44313-21,2026-08-14,7.5,46.75,6230.68,6663.16,432.48,0
C-4126895948,2026-08-14,7.5,46.75,6230.68,6663.16,432.48,0
C-43-41797-21,2026-08-14,5.5,46.75,5164.57,5096.73,-67.84,0
C-43-43985-21,2026-08-14,6.0,46.75,5431.34,5488.78,57.44,0
C-43-44000-21,2026-08-14,5.0,46.75,4631.03,4704.74,73.71,0
C-43-44136-21,2026-08-14,5.0,46.75,4631.03,4704.74,73.71,0
C-43-44606-21,2026-08-14,4.0,46.75,4033.2,4048.98,15.78,0
C-43-44356-21,2026-08-14,3.5,46.75,3734.76,3720.95,-13.81,0
C-43-44061-21,2026-08-14,5.5,46.75,5164.57,5096.73,-67.84,0
C-43-44133-21,2026-08-14,4.0,46.75,4033.2,4048.98,15.78,0
C-43-39322-21,2026-08-14,2.5,46.75,3325.01,3053.25,-271.77,0
C-43-44209-21,2026-08-14,9.0,46.75,7030.03,7784.89,754.86,0
C-43-43953-21,2026-08-14,9.0,46.75,7030.03,7784.89,754.86,0
C-43-43896-21,2026-08-14,6.0,46.75,5431.34,5488.78,57.44,0
C-43-44451-21,2026-08-14,2.0,46.75,2979.56,2702.59,-276.97,0
C-43-43897-21,2026-08-14,2.5,46.75,3325.01,3053.25,-271.77,0
C-43-43990-21,2026-08-14,6.5,46.75,5697.15,5879.44,182.29,0
C-43-44090-21,2026-08-14,4.5,46.75,4331.63,4378.62,46.98,0
C-43-43595-21,2026-08-14,6.5,46.75,5697.15,5879.44,182.29,0
C-53-7871545-22,2026-08-14,3.5,46.75,3734.76,3720.95,-13.81,0
C-43-44552-21,2026-08-14,4.5,46.75,4331.63,4378.62,46.98,0
C-43-42307-21,2026-08-14,4.0,46.75,4033.2,4048.98,15.78,0
C-4111119975,2026-08-14,3.0,46.75,3436.33,3394.28,-42.05,0
C-43-42468-21,2026-08-14,7.5,46.75,6230.68,6663.16,432.48,0
C-43-42022-21,2026-08-14,20.0,46.75,16509.92,15210.26,-1299.66,0
C-43-44170-21,2026-08-14,6.5,46.75,5697.15,5879.44,182.29,0
C-43-44577-21,2026-08-14,2.5,46.75,3325.01,3053.25,-271.77,0
C-43-43776-21,2026-08-14,4.0,46.75,4033.2,4048.98,15.78,0
C-43-43932-21,2026-08-14,7.0,46.75,5963.91,6272.63,308.71,0
C-43-43223-21,2026-08-14,10.0,46.75,7562.61,8412.49,849.89,0
C-43-43216-21,2026-08-14,22.5,46.75,18442.55,17245.42,-1197.14,0
C-43-43640-21,2026-08-14,8.5,46.75,6763.26,7447.15,683.89,0
C-43-44047-21,2026-08-14,1.5,46.75,2633.14,2352.27,-280.87,0
C-43-43244-21,2026-08-14,6.0,46.75,5431.34,5488.78,57.44,0
C-43-43957-21,2026-08-14,9.5,46.75,7295.84,8102.93,807.09,0
C-43-44008-21,2026-08-14,2.0,46.75,2979.56,2702.59,-276.97,0
C-43-44314-21,2026-08-14,5.5,46.75,5164.57,5096.73,-67.84,0
C-43-43285-21,2026-08-14,4.5,46.75,4331.63,4378.62,46.98,0
C-43-44003-21,2026-08-14,4.0,46.75,4033.2,4048.98,15.78,0
C-43-43185-21,2026-08-14,6.5,46.75,5697.15,5879.44,182.29,0
C-43-43973-21,2026-08-14,9.5,46.75,7295.84,8102.93,807.09,0
C-53-7871713-22,2026-08-14,4.0,46.75,4986.08,4048.98,-937.1,0
C-43-44824-21,2026-08-14,8.0,46.75,6762.3,7054.29,291.99,0
C-53-7871816-22,2026-08-13,2.5,46.75,3325.01,3053.25,-271.77,0
C-43-44066-21,2026-08-13,4.0,46.75,3734.76,4048.98,314.22,0
C-43-43749-21,2026-08-13,10.5,46.75,7561.65,8854.17,1292.52,0
C-53-7871755-22,2026-08-13,3.5,46.75,3734.76,3720.95,-13.81,0
C-43-44202-21,2026-08-13,6.0,46.75,5430.38,5488.78,58.4,0
C-53-7871739-22,2026-08-13,6.0,46.75,5430.38,5488.78,58.4,0
C-53-7871891-22,2026-08-13,5.0,46.75,4630.07,4704.74,74.67,0
C-43-43056-21,2026-08-13,3.5,46.75,3734.76,3720.95,-13.81,0
C-43-44548-21,2026-08-13,3.5,46.75,3734.76,3720.95,-13.81,0
C-43-44512-21,2026-08-13,8.0,46.75,6496.49,7054.29,557.8,0
C-43-44335-21,2026-08-13,7.0,46.75,5962.95,6272.63,309.67,0
C-43-43853-21,2026-08-13,12.5,46.75,10993.18,10266.92,-726.26,0
C-43-43778-21,2026-08-13,4.0,46.75,4033.2,4048.98,15.78,0
C-43-42945-21,2026-08-13,9.0,46.75,7029.07,7784.89,755.82,0
C-43-43280-21,2026-08-13,6.5,46.75,5697.15,5879.44,182.29,0
C-43-42059-21,2026-08-13,9.0,46.75,7029.07,7784.89,755.82,0
C-43-43479-21,2026-08-13,4.0,46.75,4033.2,4048.98,15.78,0
C-53-7871604-22,2026-08-13,2.0,46.75,2979.56,2702.59,-276.97,0
C-43-43655-21,2026-08-13,7.0,46.75,5962.95,6272.63,309.67,0
C-53-7871839-22,2026-08-13,1.5,46.75,2533.34,2352.27,-181.07,0
C-43-41976-21,2026-08-13,21.5,46.75,18036.64,16478.95,-1557.69,0
C-43-43459-21,2026-08-13,4.5,46.75,4331.63,4378.62,46.98,0
C-43-43900-21,2026-08-13,4.0,46.75,4033.2,4048.98,15.78,0
C-4115411889,2026-08-13,9.5,46.75,7294.88,8102.93,808.05,0
C-43-43884-21,2026-08-13,2.5,46.75,3325.01,3053.25,-271.77,0
C-43-43594-21,2026-08-13,10.0,46.75,7561.65,8412.49,850.85,0
C-43-43983-21,2026-08-13,5.5,46.75,5163.61,5096.73,-66.88,0
C-43-39222-21,2026-08-13,5.0,46.75,4630.07,4704.74,74.67,0
C-43-44014-21,2026-08-13,3.5,46.75,3734.76,3720.95,-13.81,0
C-43-43996-21,2026-08-13,4.5,46.75,4331.63,4378.62,46.98,0
C-43-44277-21,2026-08-13,4.0,46.75,4033.2,4048.98,15.78,0
C-43-43189-21,2026-08-13,2.0,46.75,2979.56,2702.59,-276.97,0
C-43-40096-21,2026-08-13,10.0,46.75,7561.65,8412.49,850.85,0
C-43-43635-21,2026-08-13,8.0,46.75,6496.49,7054.29,557.8,0
C-53-7871904-22,2026-08-13,3.5,46.75,3734.76,3720.95,-13.81,0
C-43-43454-21,2026-08-13,13.5,46.75,11728.23,10925.29,-802.94,0
C-43-42600-21,2026-08-13,4.5,46.75,4331.63,4378.62,46.98,0
C-43-43943-21,2026-08-13,5.0,46.75,4630.07,4704.74,74.67,0
C-43-44361-21,2026-08-13,29.0,46.75,5430.38,22227.42,16797.05,0
C-43-43807-21,2026-08-13,6.5,46.75,5697.15,5879.44,182.29,0
C-43-43977-21,2026-08-13,6.5,46.75,5430.38,5879.44,449.06,0
C-43-44197-21,2026-08-13,16.5,46.75,13934.35,12903.1,-1031.26,0
C-43-44185-21,2026-08-13,10.5,46.75,9523.07,8854.17,-668.9,0
C-53-7871910-22,2026-08-13,7.5,46.75,5962.95,6663.16,700.21,0
C-43-39261-21,2026-08-13,7.0,46.75,5962.95,6272.63,309.67,0
C-43-43968-21,2026-08-13,4.5,46.75,4331.63,4378.62,46.98,0
C-43-44262-21,2026-08-13,1.5,46.75,2533.34,2352.27,-181.07,0
C-43-43987-21,2026-08-13,2.5,46.75,3325.01,3053.25,-271.77,0
C-43-43069-21,2026-08-13,15.5,46.75,13199.3,12244.84,-954.45,0
C-43-44059-21,2026-08-13,8.0,46.75,6496.49,7054.29,557.8,0
C-43-43946-21,2026-08-13,9.0,46.75,7029.07,7784.89,755.82,0
C-4125971695,2026-08-13,4.5,46.75,4331.63,4378.62,46.98,0
C-53-7871833-22,2026-08-13,2.5,46.75,3325.01,3053.25,-271.77,0
C-43-44301-21,2026-08-13,6.0,46.75,5163.61,5488.78,325.17,0
C-43-44075-21,2026-08-13,5.0,46.75,4331.63,4704.74,373.1,0
C-43-44083-21,2026-08-13,6.5,46.75,5697.15,5879.44,182.29,0
C-43-44096-21,2026-08-13,7.0,46.75,5962.95,6272.63,309.67,0
C-43-44310-21,2026-08-13,8.0,46.75,6496.49,7054.29,557.8,0
C-53-7871767-22,2026-08-13,1.5,46.75,2533.34,2352.27,-181.07,0
C-43-43281-21,2026-08-13,14.5,46.75,12464.24,11583.16,-881.08,0
C-43-43899-21,2026-08-13,3.5,46.75,3734.76,3720.95,-13.81,0
C-43-43735-21,2026-08-13,8.0,46.75,6496.49,7054.29,557.8,0
C-43-43606-21,2026-08-13,4.0,46.75,4033.2,4048.98,15.78,0
C-43-43689-21,2026-08-13,13.0,46.75,11360.7,10597.84,-762.87,0
C-43-41697-21,2026-08-13,6.5,46.75,5697.15,5879.44,182.29,0
C-43-44183-21,2026-08-13,1.5,46.75,2633.14,2352.27,-280.87,0
C-43-43848-21,2026-08-13,6.0,46.75,5430.38,5488.78,58.4,0
C-4126794374,2026-08-13,4.0,46.75,4988.0,4048.98,-939.02,0
C-43-43321-21,2026-08-13,7.5,46.75,6229.72,6663.16,433.44,0
C-43-43812-21,2026-08-13,15.5,46.75,13199.3,12244.84,-954.45,0
C-43-44199-21,2026-08-13,5.5,46.75,5163.61,5096.73,-66.88,0
C-43-43076-21,2026-08-13,4.0,46.75,4033.2,4048.98,15.78,0
C-43-43918-21,2026-08-13,6.0,46.75,5430.38,5488.78,58.4,0
C-43-41333-21,2026-08-13,19.5,46.75,16140.47,14885.18,-1255.3,0
C-43-43315-21,2026-08-13,11.0,46.75,9890.6,9206.49,-684.11,0
C-43-44283-21,2026-08-13,17.0,46.75,13934.35,13232.02,-702.33,0
C-43-43888-21,2026-08-13,6.0,46.75,5430.38,5488.78,58.4,0
C-43-44124-21,2026-08-13,8.0,46.75,6229.72,7054.29,824.57,0
C-43-41776-21,2026-08-13,7.5,46.75,6229.72,6663.16,433.44,0
C-43-41541-21,2026-08-13,12.0,46.75,10258.12,9913.18,-344.95,0
C-43-44378-21,2026-08-13,1.5,46.75,2533.34,2352.27,-181.07,0
C-43-43756-21,2026-08-13,6.5,46.75,5697.15,5879.44,182.29,0
C-53-7871913-22,2026-08-13,4.5,46.75,4331.63,4378.62,46.98,0
C-4120693913,2026-08-13,13.0,46.75,11360.7,10597.84,-762.87,0
C-43-43591-21,2026-08-13,13.5,46.75,11728.23,10925.29,-802.94,0
C-43-42212-21,2026-08-13,12.0,46.75,10625.65,9913.18,-712.47,0
C-43-44236-21,2026-08-13,5.5,46.75,5163.61,5096.73,-66.88,0
C-43-44153-21,2026-08-13,7.0,46.75,5962.95,6272.63,309.67,0
C-43-41697-21,2026-08-13,6.5,46.75,5697.15,5879.44,182.29,0
C-4115411889,2026-08-13,9.5,46.75,7294.88,8102.93,808.05,0
C-43-41541-21,2026-08-13,12.0,46.75,10258.12,9913.18,-344.95,0
C-43-41776-21,2026-08-13,7.5,46.75,6229.72,6663.16,433.44,0
C-43-42600-21,2026-08-13,4.5,46.75,4331.63,4378.62,46.98,0
C-43-42212-21,2026-08-13,12.0,46.75,10625.65,9913.18,-712.47,0
C-43-39222-21,2026-08-13,5.0,46.75,4630.07,4704.74,74.67,0
C-43-42059-21,2026-08-13,9.0,46.75,7029.07,7784.89,755.82,0
C-43-39261-21,2026-08-13,7.0,46.75,5962.95,6272.63,309.67,0
C-4126794374,2026-08-13,4.0,46.75,4988.0,4048.98,-939.02,0
C-43-40096-21,2026-08-13,10.0,46.75,7561.65,8412.49,850.85,0
C-43-41333-21,2026-08-13,19.5,46.75,16140.47,14885.18,-1255.3,0
C-43-41976-21,2026-08-13,21.5,46.75,18036.64,16478.95,-1557.69,0
C-53-7871604-22,2026-08-13,2.0,46.75,2979.56,2702.59,-276.97,0
C-43-43269-21,2026-08-12,1.5,46.75,2636.02,2352.27,-283.75,0
C-53-7871744-22,2026-08-12,8.0,46.75,6236.44,7054.29,817.85,0
C-43-43393-21,2026-08-12,5.0,46.75,4634.87,4704.74,69.87,0
C-43-44026-21,2026-08-12,3.5,46.75,3738.6,3720.95,-17.65,0
C-53-7871918-22,2026-08-12,3.0,46.75,3439.21,3394.28,-44.93,0
C-43-43663-21,2026-08-12,10.0,46.75,7302.56,8412.49,1109.94,0
C-43-43956-21,2026-08-12,4.5,46.75,4336.43,4378.62,42.18,0
C-43-43636-21,2026-08-12,5.0,46.75,4634.87,4704.74,69.87,0
C-43-44227-21,2026-08-12,3.5,46.75,3738.6,3720.95,-17.65,0
C-53-7871641-22,2026-08-12,6.5,46.75,5702.9,5879.44,176.53,0
C-43-41945-21,2026-08-12,2.5,46.75,3328.85,3053.25,-275.61,0
C-43-42422-21,2026-08-12,6.5,46.75,5702.9,5879.44,176.53,0
C-43-43988-21,2026-08-12,5.5,46.75,5169.37,5096.73,-72.63,0
C-43-43905-21,2026-08-12,29.5,46.75,28405.12,22610.66,-5794.46,0
C-43-43048-21,2026-08-12,9.5,46.75,7302.56,8102.93,800.37,0
C-43-43603-21,2026-08-12,3.5,46.75,3439.21,3720.95,281.75,0
C-43-39558-21,2026-08-12,3.0,46.75,3328.85,3394.28,65.42,0
C-43-44101-21,2026-08-12,5.0,46.75,4634.87,4704.74,69.87,0
C-43-44291-21,2026-08-12,8.0,46.75,6503.21,7054.29,551.08,0
C-53-7871550-22,2026-08-12,4.0,46.75,4037.04,4048.98,11.94,0
C-43-43910-21,2026-08-12,8.0,46.75,6503.21,7054.29,551.08,0
C-43-43583-21,2026-08-12,19.5,46.75,16157.74,14885.18,-1272.57,0
C-43-42216-21,2026-08-12,5.5,46.75,5169.37,5096.73,-72.63,0
C-43-44196-21,2026-08-12,7.5,46.75,6236.44,6663.16,426.72,0
C-43-44274-21,2026-08-12,2.0,46.75,2536.22,2702.59,166.36,0
C-43-43878-21,2026-08-12,2.0,46.75,2982.44,2702.59,-279.85,0
C-4113628777,2026-08-12,8.5,46.75,6769.98,7447.15,677.17,0
C-4123996646,2026-08-12,5.5,46.75,5169.37,5096.73,-72.63,0
C-53-7871939-22,2026-08-12,6.5,46.75,5436.13,5879.44,443.3,0
C-43-43705-21,2026-08-12,5.5,46.75,5169.37,5096.73,-72.63,0
C-4127208377,2026-08-12,8.0,46.75,6503.21,7054.29,551.08,0
C-53-7871921-22,2026-08-12,6.5,46.75,5702.9,5879.44,176.53,0
C-43-42701-21,2026-08-12,11.0,46.75,9901.15,9206.49,-694.66,0
C-43-43463-21,2026-08-12,1.5,46.75,2536.22,2352.27,-183.95,0
C-43-41395-21,2026-08-12,1.5,46.75,2636.02,2352.27,-283.75,0
C-43-43904-21,2026-08-12,4.5,46.75,4336.43,4378.62,42.18,0
C-53-7871933-22,2026-08-12,2.5,46.75,3328.85,3053.25,-275.61,0
C-43-44106-21,2026-08-12,6.5,46.75,5702.9,5879.44,176.53,0
C-43-44572-21,2026-08-12,5.0,46.75,4634.87,4704.74,69.87,0
C-43-42048-21,2026-08-12,5.0,46.75,4634.87,4704.74,69.87,0
C-43-42103-21,2026-08-12,6.5,46.75,5702.9,5879.44,176.53,0
C-43-43675-21,2026-08-12,12.5,46.75,11004.69,10266.92,-737.77,0
C-53-7871540-22,2026-08-12,4.5,46.75,4336.43,4378.62,42.18,0
C-53-7871728-22,2026-08-12,5.0,46.75,4634.87,4704.74,69.87,0
C-43-43765-21,2026-08-12,6.0,46.75,5436.13,5488.78,52.64,0
C-43-43363-21,2026-08-12,7.0,46.75,5969.67,6272.63,302.95,0
C-43-43654-21,2026-08-12,15.0,46.75,12476.72,11913.84,-562.88,0
C-43-41225-21,2026-08-12,2.0,46.75,2870.16,2702.59,-167.58,0
C-43-44145-21,2026-08-12,12.0,46.75,10636.21,9913.18,-723.03,0
C-53-7871582-22,2026-08-12,5.0,46.75,4634.87,4704.74,69.87,0
C-43-43568-21,2026-08-12,6.0,46.75,5436.13,5488.78,52.64,0
C-43-44104-21,2026-08-12,2.5,46.75,3328.85,3053.25,-275.61,0
C-43-43925-21,2026-08-12,8.5,46.75,6769.98,7447.15,677.17,0
C-53-7871899-22,2026-08-12,4.5,46.75,4037.04,4378.62,341.58,0
C-43-44542-21,2026-08-12,9.5,46.75,7302.56,8102.93,800.37,0
C-53-7871664-22,2026-08-12,6.0,46.75,5436.13,5488.78,52.64,0
C-43-43971-21,2026-08-12,6.5,46.75,5702.9,5879.44,176.53,0
C-43-44138-21,2026-08-12,5.5,46.75,5169.37,5096.73,-72.63,0
C-43-43572-21,2026-08-12,8.0,46.75,6503.21,7054.29,551.08,0
C-43-41942-21,2026-08-12,20.5,46.75,16893.76,15980.57,-913.19,0
C-53-7871357-22,2026-08-12,9.0,46.75,7035.79,7784.89,749.11,0
C-43-42125-21,2026-08-12,10.5,46.75,9532.67,8854.17,-678.5,0
C-43-44295-21,2026-08-12,7.0,46.75,5969.67,6272.63,302.95,0
C-43-44348-21,2026-08-12,5.5,46.75,4634.87,5096.73,461.86,0
C-43-44509-21,2026-08-12,3.0,46.75,3439.21,3394.28,-44.93,0
C-43-43248-21,2026-08-12,4.5,46.75,4336.43,4378.62,42.18,0
C-4127245465,2026-08-12,4.0,46.75,4037.04,4048.98,11.94,0
C-43-42819-21,2026-08-12,8.5,46.75,6769.98,7447.15,677.17,0
C-53-7871906-22,2026-08-12,3.5,46.75,3738.6,3720.95,-17.65,0
C-4120214599,2026-08-11,4.0,46.75,4033.2,4048.98,15.78,0
C-43-44360-21,2026-08-11,1.5,46.75,2633.14,2352.27,-280.87,0
C-43-43503-21,2026-08-11,9.5,46.75,7294.88,8102.93,808.05,0
C-43-44127-21,2026-08-11,4.5,46.75,4331.63,4378.62,46.98,0
C-43-42598-21,2026-08-11,5.5,46.75,5163.61,5096.73,-66.88,0
C-53-7871809-22,2026-08-11,9.0,46.75,7029.07,7784.89,755.82,0
C-4126048115,2026-08-11,5.0,46.75,4630.07,4704.74,74.67,0
C-53-7871787-22,2026-08-11,5.0,46.75,4630.07,4704.74,74.67,0
C-43-41849-21,2026-08-11,5.5,46.75,5163.61,5096.73,-66.88,0
C-43-42399-21,2026-08-11,5.5,46.75,5163.61,5096.73,-66.88,0
C-53-7871766-22,2026-08-11,5.0,46.75,4630.07,4704.74,74.67,0
C-43-43549-21,2026-08-11,5.5,46.75,5163.61,5096.73,-66.88,0
C-43-43958-21,2026-08-11,8.0,46.75,6496.49,7054.29,557.8,0
C-43-43726-21,2026-08-11,7.5,46.75,6229.72,6663.16,433.44,0
C-43-43592-21,2026-08-11,4.5,46.75,4331.63,4378.62,46.98,0
C-53-7871627-22,2026-08-11,2.0,46.75,2867.28,2702.59,-164.7,0
C-43-43349-21,2026-08-11,3.5,46.75,3734.76,3720.95,-13.81,0
C-53-7871698-22,2026-08-11,6.0,46.75,5430.38,5488.78,58.4,0
C-43-43965-21,2026-08-11,4.0,46.75,4033.2,4048.98,15.78,0
C-43-43544-21,2026-08-11,2.5,46.75,3325.01,3053.25,-271.77,0
C-53-7871756-22,2026-08-11,2.5,46.75,3200.27,3053.25,-147.02,0
C-43-44037-21,2026-08-11,2.0,46.75,2867.28,2702.59,-164.7,0
C-4125930818,2026-08-11,5.0,46.75,4630.07,4704.74,74.67,0
C-43-42419-21,2026-08-11,6.5,46.75,5697.15,5879.44,182.29,0
C-43-44258-21,2026-08-11,2.0,46.75,2979.56,2702.59,-276.97,0
C-4112593663,2026-08-11,10.0,46.75,7561.65,8412.49,850.85,0
C-4111433798,2026-08-11,13.0,46.75,11360.7,10597.84,-762.87,0
C-43-43738-21,2026-08-11,2.5,46.75,3325.01,3053.25,-271.77,0
C-43-43891-21,2026-08-11,6.0,46.75,5430.38,5488.78,58.4,0
C-43-40032-21,2026-08-11,2.0,46.75,2867.28,2702.59,-164.7,0
C-4119837879,2026-08-11,14.5,46.75,12464.24,11583.16,-881.08,0
C-43-43911-21,2026-08-11,8.5,46.75,6762.3,7447.15,684.85,0
C-43-43182-21,2026-08-11,26.5,46.75,25950.46,20311.27,-5639.2,0
C-43-42675-21,2026-08-11,5.0,46.75,4630.07,4704.74,74.67,0
C-43-43801-21,2026-08-11,3.0,46.75,3435.37,3394.28,-41.09,0
C-43-43246-21,2026-08-11,7.0,46.75,5962.95,6272.63,309.67,0
C-43-43271-21,2026-08-11,2.5,46.75,3325.01,3053.25,-271.77,0
C-43-43613-21,2026-08-11,2.5,46.75,3325.01,3053.25,-271.77,0
C-43-43746-21,2026-08-11,5.5,46.75,4630.07,5096.73,466.66,0
C-43-43427-21,2026-08-11,4.0,46.75,3734.76,4048.98,314.22,0
C-43-41405-21,2026-08-11,7.5,46.75,6229.72,6663.16,433.44,0
C-43-44247-21,2026-08-11,1.5,46.75,2533.34,2352.27,-181.07,0
C-43-43514-21,2026-08-11,4.5,46.75,4331.63,4378.62,46.98,0
C-43-44142-21,2026-08-11,5.5,46.75,5163.61,5096.73,-66.88,0
C-43-44326-21,2026-08-11,3.5,46.75,3734.76,3720.95,-13.81,0
C-43-43851-21,2026-08-11,3.0,46.75,3435.37,3394.28,-41.09,0
C-43-43215-21,2026-08-11,7.0,46.75,5697.15,6272.63,575.48,0
C-43-43863-21,2026-08-11,5.0,46.75,4630.07,4704.74,74.67,0
C-43-44181-21,2026-08-11,2.0,46.75,2867.28,2702.59,-164.7,0
C-43-41994-21,2026-08-11,7.5,46.75,6229.72,6663.16,433.44,0
C-43-44072-21,2026-08-11,4.0,46.75,4033.2,4048.98,15.78,0
C-53-7871804-22,2026-08-11,6.5,46.75,5697.15,5879.44,182.29,0
C-43-43206-21,2026-08-11,3.0,46.75,3325.01,3394.28,69.26,0
C-53-7871474-22,2026-08-11,14.5,46.75,12464.24,11583.16,-881.08,0
C-43-43862-21,2026-08-11,3.0,46.75,3435.37,3394.28,-41.09,0
C-43-43515-21,2026-08-11,5.5,46.75,5163.61,5096.73,-66.88,0
C-43-43001-21,2026-08-11,5.0,46.75,4630.07,4704.74,74.67,0
C-43-42861-21,2026-08-11,6.0,46.75,5430.38,5488.78,58.4,0
C-53-7871520-22,2026-08-11,2.0,46.75,2979.56,2702.59,-276.97,0
C-4116539098,2026-08-11,2.0,46.75,2867.28,2702.59,-164.7,0
C-53-7871695-22,2026-08-11,3.0,46.75,3435.37,3394.28,-41.09,0
C-43-43119-21,2026-08-11,9.0,46.75,7029.07,7784.89,755.82,0
C-43-43959-21,2026-08-11,5.5,46.75,5163.61,5096.73,-66.88,0
C-43-44062-21,2026-08-11,2.0,46.75,2979.56,2702.59,-276.97,0
C-43-43793-21,2026-08-11,5.0,46.75,4331.63,4704.74,373.1,0
C-43-44195-21,2026-08-11,7.0,46.75,5962.95,6272.63,309.67,0
C-43-42534-21,2026-08-11,23.0,46.75,19249.58,17628.65,-1620.93,0
C-43-43858-21,2026-08-11,5.0,46.75,4630.07,4704.74,74.67,0
C-53-7871905-22,2026-08-11,6.5,46.75,5697.15,5879.44,182.29,0
C-43-44241-21,2026-08-11,2.0,46.75,2867.28,2702.59,-164.7,0
C-53-7871857-22,2026-08-11,2.5,46.75,3325.01,3053.25,-271.77,0
C-43-42558-21,2026-08-11,6.0,46.75,5430.38,5488.78,58.4,0
C-43-43949-21,2026-08-11,1.5,46.75,2633.14,2352.27,-280.87,0
C-43-43682-21,2026-08-11,4.5,46.75,4331.63,4378.62,46.98,0
C-43-43382-21,2026-08-11,4.5,46.75,4331.63,4378.62,46.98,0
C-43-43472-21,2026-08-11,5.0,46.75,4630.07,4704.74,74.67,0
C-43-44092-21,2026-08-11,3.5,46.75,3734.76,3720.95,-13.81,0
C-43-44036-21,2026-08-11,1.5,46.75,2633.14,2352.27,-280.87,0
C-43-42272-21,2026-08-11,10.0,46.75,7561.65,8412.49,850.85,0
C-43-43843-21,2026-08-11,6.0,46.75,5430.38,5488.78,58.4,0
C-43-44011-21,2026-08-11,4.5,46.75,4331.63,4378.62,46.98,0
C-43-44087-21,2026-08-11,5.0,46.75,4331.63,4704.74,373.1,0
C-43-44584-21,2026-08-11,5.5,46.75,1949.91,5096.73,3146.82,0
C-43-43664-21,2026-08-11,9.5,46.75,7294.88,8102.93,808.05,0
C-43-43961-21,2026-08-11,4.0,46.75,4033.2,4048.98,15.78,0
C-43-43859-21,2026-08-11,5.0,46.75,4630.07,4704.74,74.67,0
C-4124741205,2026-08-11,6.5,46.75,5697.15,5879.44,182.29,0
C-43-43917-21,2026-08-11,8.5,46.75,6762.3,7447.15,684.85,0
C-53-7871875-22,2026-08-11,3.5,46.75,3734.76,3720.95,-13.81,0
C-43-43196-21,2026-08-11,6.0,46.75,5163.61,5488.78,325.17,0
C-53-7871762-22,2026-08-11,2.0,46.75,2867.28,2702.59,-164.7,0
C-43-42036-21,2026-08-11,10.0,46.75,7561.65,8412.49,850.85,0
C-43-42638-21,2026-08-10,4.5,46.75,4338.35,4378.62,40.26,0
C-43-43414-21,2026-08-10,13.5,46.75,11745.5,10925.29,-820.21,0
C-43-43865-21,2026-08-10,9.5,46.75,7306.39,8102.93,796.53,0
C-43-43935-21,2026-08-10,2.5,46.75,2871.12,3053.25,182.12,0
C-43-43797-21,2026-08-10,11.5,46.75,10272.52,9560.32,-712.2,0
C-43-43874-21,2026-08-10,5.5,46.75,5171.28,5096.73,-74.55,0
C-43-43201-21,2026-08-10,4.5,46.75,4338.35,4378.62,40.26,0
C-43-42327-21,2026-08-10,4.5,46.75,4338.35,4378.62,40.26,0
C-43-42157-21,2026-08-10,9.0,46.75,7039.63,7784.89,745.27,0
C-43-40054-21,2026-08-10,4.0,46.75,4038.96,4048.98,10.02,0
C-43-43113-21,2026-08-10,5.0,46.75,4636.79,4704.74,67.95,0
C-43-43867-21,2026-08-10,10.0,46.75,7573.16,8412.49,839.33,0
C-43-43775-21,2026-08-10,3.0,46.75,3441.13,3394.28,-46.85,0
C-43-44140-21,2026-08-10,5.5,46.75,5171.28,5096.73,-74.55,0
C-43-44320-21,2026-08-10,2.0,46.75,2636.98,2702.59,65.61,0
C-43-43551-21,2026-08-10,4.0,46.75,4038.96,4048.98,10.02,0
C-43-43808-21,2026-08-10,14.0,46.75,12113.99,11255.47,-858.53,0
C-43-43406-21,2026-08-10,5.5,46.75,4636.79,5096.73,459.94,0
C-43-42434-21,2026-08-10,7.5,46.75,6238.36,6663.16,424.8,0
C-43-42855-21,2026-08-10,6.5,46.75,5705.78,5879.44,173.66,0
C-43-43615-21,2026-08-10,2.0,46.75,2983.4,2702.59,-280.81,0
C-43-44578-21,2026-08-10,0.5,46.75,1952.79,1651.47,-301.31,0
C-43-40421-21,2026-08-10,8.0,46.75,6238.36,7054.29,815.93,0
C-43-39551-21,2026-08-10,6.0,46.75,5439.01,5488.78,49.76,0
C-43-43521-21,2026-08-10,5.0,46.75,4636.79,4704.74,67.95,0
C-43-43960-21,2026-08-10,6.0,46.75,5171.28,5488.78,317.49,0
C-43-43929-21,2026-08-10,5.5,46.75,5171.28,5096.73,-74.55,0
C-43-43210-21,2026-08-10,5.0,46.75,4338.35,4704.74,366.39,0
C-43-43847-21,2026-08-10,5.5,46.75,5171.28,5096.73,-74.55,0
C-43-42929-21,2026-08-10,8.5,46.75,6772.86,7447.15,674.29,0
C-43-43770-21,2026-08-10,13.5,46.75,11745.5,10925.29,-820.21,0
C-43-43880-21,2026-08-10,3.5,46.75,3739.56,3720.95,-18.61,0
C-43-42368-21,2026-08-10,9.5,46.75,7306.39,8102.93,796.53,0
C-43-42962-21,2026-08-10,5.0,46.75,4636.79,4704.74,67.95,0
C-43-42981-21,2026-08-10,4.5,46.75,4338.35,4378.62,40.26,0
C-43-43962-21,2026-08-10,4.0,46.75,4038.96,4048.98,10.02,0
C-43-44095-21,2026-08-10,6.5,46.75,5705.78,5879.44,173.66,0
C-43-44002-21,2026-08-10,1.5,46.75,2636.98,2352.27,-284.71,0
C-43-41698-21,2026-08-10,4.0,46.75,4038.96,4048.98,10.02,0
C-43-43627-21,2026-08-10,7.0,46.75,5972.55,6272.63,300.07,0
C-43-42098-21,2026-08-10,6.0,46.75,5439.01,5488.78,49.76,0
C-43-43132-21,2026-08-10,4.5,46.75,4038.96,4378.62,339.66,0
C-43-43219-21,2026-08-10,4.0,46.75,4038.96,4048.98,10.02,0
C-4113929276,2026-08-10,1.0,46.75,2290.57,2001.49,-289.07,0
C-43-43676-21,2026-08-10,5.5,46.75,5171.28,5096.73,-74.55,0
C-43-43261-21,2026-08-10,7.5,46.75,6238.36,6663.16,424.8,0
C-43-44099-21,2026-08-10,6.5,46.75,5705.78,5879.44,173.66,0
C-4122033060,2026-08-10,5.0,46.75,4636.79,4704.74,67.95,0
C-43-44064-21,2026-08-10,10.5,46.75,9536.5,8854.17,-682.34,0
C-43-43787-21,2026-08-10,7.0,46.75,5705.78,6272.63,566.84,0
C-4130304965,2026-08-10,7.0,46.75,5972.55,6272.63,300.07,0
C-43-44507-21,2026-08-10,0.5,46.75,1952.79,1651.47,-301.31,0
C-43-43751-21,2026-08-10,9.5,46.75,7306.39,8102.93,796.53,0
C-43-43597-21,2026-08-10,7.0,46.75,5972.55,6272.63,300.07,0
C-53-7871649-22,2026-08-10,8.0,46.75,6506.09,7054.29,548.2,0
C-43-43004-21,2026-08-10,5.0,46.75,4636.79,4704.74,67.95,0
C-43-43854-21,2026-08-10,8.0,46.75,6238.36,7054.29,815.93,0
C-43-43744-21,2026-08-10,4.0,46.75,4038.96,4048.98,10.02,0
C-43-43286-21,2026-08-10,4.5,46.75,4338.35,4378.62,40.26,0
C-43-42093-21,2026-08-10,4.5,46.75,4338.35,4378.62,40.26,0
C-43-43757-21,2026-08-10,2.0,46.75,2983.4,2702.59,-280.81,0
C-43-43766-21,2026-08-10,5.0,46.75,4636.79,4704.74,67.95,0
C-4129517147,2026-08-10,6.0,46.75,5439.01,5488.78,49.76,0
C-43-41403-21,2026-08-10,4.5,46.75,4338.35,4378.62,40.26,0
C-43-42309-21,2026-08-10,6.0,46.75,5439.01,5488.78,49.76,0
C-43-43448-21,2026-08-10,1.0,46.75,2290.57,2001.49,-289.07,0
C-43-43771-21,2026-08-10,4.0,46.75,4038.96,4048.98,10.02,0
C-43-43677-21,2026-08-10,6.5,46.75,5705.78,5879.44,173.66,0
C-43-43767-21,2026-08-10,4.0,46.75,4038.96,4048.98,10.02,0
C-43-38600-21,2026-08-10,9.5,46.75,7306.39,8102.93,796.53,0
C-43-44040-21,2026-08-10,4.5,46.75,4338.35,4378.62,40.26,0
C-43-43656-21,2026-08-10,7.0,46.75,5972.55,6272.63,300.07,0
C-43-43699-21,2026-08-10,6.5,46.75,5705.78,5879.44,173.66,0
C-43-41014-21,2026-08-10,6.0,46.75,5439.01,5488.78,49.76,0
C-43-43972-21,2026-08-10,9.0,46.75,7039.63,7784.89,745.27,0
C-43-43084-21,2026-08-10,14.0,46.75,12113.99,11255.47,-858.53,0
C-43-42488-21,2026-08-10,4.0,46.75,4038.96,4048.98,10.02,0
C-43-42191-21,2026-08-10,20.0,46.75,16531.99,15210.26,-1321.73,0
C-43-43556-21,2026-08-10,2.0,46.75,2871.12,2702.59,-168.54,0
C-4116635987,2026-08-10,3.5,46.75,3739.56,3720.95,-18.61,0
C-43-42859-21,2026-08-10,8.5,46.75,6772.86,7447.15,674.29,0
C-43-43574-21,2026-08-10,5.5,46.75,5171.28,5096.73,-74.55,0
C-43-43710-21,2026-08-10,7.5,46.75,6238.36,6663.16,424.8,0
C-43-43612-21,2026-08-10,5.5,46.75,5171.28,5096.73,-74.55,0
C-43-44042-21,2026-08-10,6.5,46.75,5705.78,5879.44,173.66,0
C-43-43502-21,2026-08-10,2.0,46.75,2983.4,2702.59,-280.81,0
C-43-43672-21,2026-08-10,5.5,46.75,5171.28,5096.73,-74.55,0
C-43-43653-21,2026-08-10,5.5,46.75,5171.28,5096.73,-74.55,0
C-43-44019-21,2026-08-10,7.5,46.75,6238.36,6663.16,424.8,0
C-43-43498-21,2026-08-10,8.0,46.75,6506.09,7054.29,548.2,0
C-43-42262-21,2026-08-10,18.5,46.75,15427.49,14221.76,-1205.72,0
C-43-43552-21,2026-08-10,8.0,46.75,6506.09,7054.29,548.2,0
C-43-43797-21,2026-08-10,11.5,46.75,10272.52,9560.32,-712.2,0
C-43-43960-21,2026-08-10,6.0,46.75,5171.28,5488.78,317.49,0
C-43-38600-21,2026-08-10,9.5,46.75,7306.39,8102.93,796.53,0
C-4130304965,2026-08-10,7.0,46.75,5972.55,6272.63,300.07,0
C-43-43551-21,2026-08-10,4.0,46.75,4038.96,4048.98,10.02,0
C-43-43676-21,2026-08-10,5.5,46.75,5171.28,5096.73,-74.55,0
C-43-43808-21,2026-08-10,14.0,46.75,12113.99,11255.47,-858.53,0
C-43-43521-21,2026-08-10,5.0,46.75,4636.79,4704.74,67.95,0
C-43-40054-21,2026-08-10,4.0,46.75,4038.96,4048.98,10.02,0
C-4113929276,2026-08-10,1.0,46.75,2290.57,2001.49,-289.07,0
C-43-43880-21,2026-08-10,3.5,46.75,3739.56,3720.95,-18.61,0
C-43-43672-21,2026-08-10,5.5,46.75,5171.28,5096.73,-74.55,0
C-43-43261-21,2026-08-10,7.5,46.75,6238.36,6663.16,424.8,0
C-43-42434-21,2026-08-10,7.5,46.75,6238.36,6663.16,424.8,0
C-43-42098-21,2026-08-10,6.0,46.75,5439.01,5488.78,49.76,0
C-43-39551-21,2026-08-10,6.0,46.75,5439.01,5488.78,49.76,0
C-43-43597-21,2026-08-10,7.0,46.75,5972.55,6272.63,300.07,0
C-43-43201-21,2026-08-10,4.5,46.75,4338.35,4378.62,40.26,0
C-43-43751-21,2026-08-10,9.5,46.75,7306.39,8102.93,796.53,0
C-43-42368-21,2026-08-10,9.5,46.75,7306.39,8102.93,796.53,0
C-43-44040-21,2026-08-10,4.5,46.75,4338.35,4378.62,40.26,0
C-43-43775-21,2026-08-10,3.0,46.75,3441.13,3394.28,-46.85,0
C-43-43867-21,2026-08-10,10.0,46.75,7573.16,8412.49,839.33,0
C-43-43744-21,2026-08-10,4.0,46.75,4038.96,4048.98,10.02,0
C-43-44002-21,2026-08-10,1.5,46.75,2636.98,2352.27,-284.71,0
C-43-43767-21,2026-08-10,4.0,46.75,4038.96,4048.98,10.02,0
C-43-43084-21,2026-08-10,14.0,46.75,12113.99,11255.47,-858.53,0
C-43-43787-21,2026-08-10,7.0,46.75,5705.78,6272.63,566.84,0
C-43-43710-21,2026-08-10,7.5,46.75,6238.36,6663.16,424.8,0
C-43-43615-21,2026-08-10,2.0,46.75,2983.4,2702.59,-280.81,0
C-43-42981-21,2026-08-10,4.5,46.75,4338.35,4378.62,40.26,0
C-4116635987,2026-08-10,3.5,46.75,3739.56,3720.95,-18.61,0
C-43-43935-21,2026-08-10,2.5,46.75,2983.4,3053.25,69.85,0
C-43-43874-21,2026-08-10,5.5,46.75,5171.28,5096.73,-74.55,0
C-43-43757-21,2026-08-10,2.0,46.75,2983.4,2702.59,-280.81,0
C-43-43502-21,2026-08-10,2.0,46.75,2983.4,2702.59,-280.81,0
C-43-43556-21,2026-08-10,2.0,46.75,2983.4,2702.59,-280.81,0
C-43-43962-21,2026-08-10,4.0,46.75,4038.96,4048.98,10.02,0
C-4129517147,2026-08-10,6.0,46.75,5439.01,5488.78,49.76,0
C-43-43972-21,2026-08-10,9.0,46.75,7039.63,7784.89,745.27,0
C-43-43132-21,2026-08-10,4.5,46.75,4038.96,4378.62,339.66,0
C-43-44019-21,2026-08-10,7.5,46.75,6238.36,6663.16,424.8,0
C-43-42191-21,2026-08-10,20.0,46.75,16531.99,15210.26,-1321.73,0
C-43-44042-21,2026-08-10,6.5,46.75,5705.78,5879.44,173.66,0
C-43-43612-21,2026-08-10,5.5,46.75,5171.28,5096.73,-74.55,0
C-4122033060,2026-08-10,5.0,46.75,4636.79,4704.74,67.95,0
C-43-42962-21,2026-08-10,5.0,46.75,4636.79,4704.74,67.95,0
C-43-42309-21,2026-08-10,6.0,46.75,5439.01,5488.78,49.76,0
C-43-41403-21,2026-08-10,4.5,46.75,4338.35,4378.62,40.26,0
C-43-43699-21,2026-08-10,6.5,46.75,5705.78,5879.44,173.66,0
C-43-43766-21,2026-08-10,5.0,46.75,4636.79,4704.74,67.95,0
C-43-42855-21,2026-08-10,6.5,46.75,5705.78,5879.44,173.66,0
C-43-43210-21,2026-08-10,5.0,46.75,4338.35,4704.74,366.39,0
C-43-43552-21,2026-08-10,8.0,46.75,6506.09,7054.29,548.2,0
C-43-43627-21,2026-08-10,7.0,46.75,5972.55,6272.63,300.07,0
C-43-42859-21,2026-08-10,8.5,46.75,6772.86,7447.15,674.29,0
C-43-42093-21,2026-08-10,4.5,46.75,4338.35,4378.62,40.26,0
C-43-43771-21,2026-08-10,4.0,46.75,4038.96,4048.98,10.02,0
C-43-43406-21,2026-08-10,5.5,46.75,4636.79,5096.73,459.94,0
C-43-43219-21,2026-08-10,4.0,46.75,4038.96,4048.98,10.02,0
C-43-43677-21,2026-08-10,6.5,46.75,5705.78,5879.44,173.66,0
C-43-41014-21,2026-08-10,6.0,46.75,5439.01,5488.78,49.76,0
C-43-43498-21,2026-08-10,8.0,46.75,6506.09,7054.29,548.2,0
C-43-43448-21,2026-08-10,1.0,46.75,2290.57,2001.49,-289.07,0
C-43-43653-21,2026-08-10,5.5,46.75,5171.28,5096.73,-74.55,0
C-43-41698-21,2026-08-10,4.0,46.75,4038.96,4048.98,10.02,0
C-43-40421-21,2026-08-10,8.0,46.75,6238.36,7054.29,815.93,0
C-43-43854-21,2026-08-10,8.0,46.75,6238.36,7054.29,815.93,0
C-53-7871649-22,2026-08-10,8.0,46.75,6506.09,7054.29,548.2,0
C-43-42488-21,2026-08-10,4.0,46.75,4038.96,4048.98,10.02,0
C-43-43004-21,2026-08-10,5.0,46.75,4636.79,4704.74,67.95,0
C-43-42157-21,2026-08-10,9.0,46.75,7039.63,7784.89,745.27,0
C-43-42638-21,2026-08-10,4.5,46.75,4338.35,4378.62,40.26,0
C-43-42327-21,2026-08-10,4.5,46.75,4338.35,4378.62,40.26,0
C-43-43414-21,2026-08-10,13.5,46.75,11745.5,10925.29,-820.21,0
C-43-42262-21,2026-08-10,18.5,46.75,15427.49,14221.76,-1205.72,0
C-43-42929-21,2026-08-10,8.5,46.75,6772.86,7447.15,674.29,0
C-43-43574-21,2026-08-10,5.5,46.75,5171.28,5096.73,-74.55,0
C-43-43865-21,2026-08-10,9.5,46.75,7306.39,8102.93,796.53,0
C-43-43770-21,2026-08-10,13.5,46.75,11745.5,10925.29,-820.21,0
C-43-43847-21,2026-08-10,5.5,46.75,5171.28,5096.73,-74.55,0
C-43-43113-21,2026-08-10,5.0,46.75,4636.79,4704.74,67.95,0
C-43-43656-21,2026-08-10,7.0,46.75,5972.55,6272.63,300.07,0
C-43-42438-21,2026-08-10,6.5,46.75,6955.18,5879.44,-1075.74,0
C-43-43929-21,2026-08-10,5.5,46.75,5171.28,5096.73,-74.55,0
C-43-43286-21,2026-08-10,4.5,46.75,4338.35,4378.62,40.26,0
C-43-43703-21,2026-08-08,3.5,46.25,3730.92,3708.27,-22.65,0
C-43-42581-21,2026-08-08,7.0,46.25,5957.2,6251.25,294.06,0
C-53-7871800-22,2026-08-08,3.5,46.25,3730.92,3708.27,-22.65,0
C-43-43802-21,2026-08-08,7.0,46.25,5957.2,6251.25,294.06,0
C-43-43504-21,2026-08-08,6.5,46.25,5691.39,5859.4,168.02,0
C-43-43302-21,2026-08-08,4.0,46.25,4028.4,4035.18,6.78,0
C-43-43669-21,2026-08-08,5.5,46.25,5158.81,5079.37,-79.44,0
C-53-7871696-22,2026-08-08,4.0,46.25,3730.92,4035.18,304.26,0
C-43-43524-21,2026-08-08,4.5,46.25,4326.84,4363.7,36.86,0
C-43-40768-21,2026-08-08,27.0,46.25,26327.59,20623.99,-5703.6,0
C-43-43508-21,2026-08-08,4.5,46.25,4326.84,4363.7,36.86,0
C-43-39640-21,2026-08-08,14.5,46.25,12084.24,11543.7,-540.55,0
C-43-42721-21,2026-08-08,4.5,46.25,4326.84,4363.7,36.86,0
C-43-43784-21,2026-08-08,10.0,46.25,7553.97,8383.83,829.86,0
C-43-43566-21,2026-08-08,3.0,46.25,3432.49,3382.71,-49.78,0
C-43-43618-21,2026-08-08,4.0,46.25,4028.4,4035.18,6.78,0
C-43-43678-21,2026-08-08,3.5,46.25,3730.92,3708.27,-22.65,0
C-43-43645-21,2026-08-08,5.5,46.25,5158.81,5079.37,-79.44,0
C-43-43619-21,2026-08-08,7.0,46.25,5957.2,6251.25,294.06,0
C-53-7871854-22,2026-08-08,3.0,46.25,3432.49,3382.71,-49.78,0
C-43-43644-21,2026-08-08,8.5,46.25,6489.77,7421.78,932.0,0
C-43-43638-21,2026-08-08,3.5,46.25,3730.92,3708.27,-22.65,0
C-43-43043-21,2026-08-08,12.5,46.25,10982.62,10231.94,-750.68,0
C-43-43648-21,2026-08-08,7.0,46.25,5957.2,6251.25,294.06,0
C-43-43251-21,2026-08-08,2.0,46.25,2975.72,2693.38,-282.34,0
C-43-44152-21,2026-08-08,15.0,46.25,12818.34,11873.25,-945.09,0
C-43-39998-21,2026-08-08,2.0,46.25,2975.72,2693.38,-282.34,0
C-43-44339-21,2026-08-08,2.5,46.25,3197.39,3042.84,-154.54,0
C-43-43641-21,2026-08-08,2.5,46.25,3322.14,3042.84,-279.29,0
C-53-7871838-22,2026-08-08,1.5,46.25,2630.26,2344.26,-286.0,0
C-53-7871703-22,2026-08-08,6.5,46.25,5691.39,5859.4,168.02,0
C-43-43380-21,2026-08-08,4.0,46.25,4028.4,4035.18,6.78,0
C-43-43823-21,2026-08-08,4.5,46.25,4326.84,4363.7,36.86,0
C-43-43470-21,2026-08-08,8.5,46.25,6755.58,7421.78,666.19,0
C-43-43700-21,2026-08-08,4.5,46.25,4326.84,4363.7,36.86,0
C-43-42919-21,2026-08-08,7.5,46.25,6223.01,6640.46,417.46,0
C-53-7871859-22,2026-08-08,2.0,46.25,2975.72,2693.38,-282.34,0
C-43-43803-21,2026-08-08,12.5,46.25,10982.62,10231.94,-750.68,0
C-43-41986-21,2026-08-08,6.0,46.25,5424.62,5470.08,45.46,0
C-43-42572-21,2026-08-08,14.5,46.25,12451.77,11543.7,-908.07,0
C-43-42458-21,2026-08-08,5.5,46.25,5158.81,5079.37,-79.44,0
C-43-43724-21,2026-08-08,5.5,46.25,5158.81,5079.37,-79.44,0
C-43-43952-21,2026-08-08,11.5,46.25,10247.57,9527.74,-719.82,0
C-43-43642-21,2026-08-08,6.0,46.25,5424.62,5470.08,45.46,0
C-53-7871530-22,2026-08-08,10.0,46.25,7553.97,8383.83,829.86,0
C-43-43560-21,2026-08-08,5.5,46.25,5158.81,5079.37,-79.44,0
C-43-43582-21,2026-08-08,19.0,46.25,15756.63,14504.55,-1252.08,0
C-43-43492-21,2026-08-08,4.0,46.25,4028.4,4035.18,6.78,0
C-43-43755-21,2026-08-08,9.0,46.25,7021.39,7758.37,736.97,0
C-43-43415-21,2026-08-08,3.0,46.25,3432.49,3382.71,-49.78,0
C-53-7871647-22,2026-08-08,3.0,46.25,3432.49,3382.71,-49.78,0
C-43-44020-21,2026-08-08,8.0,46.25,6489.77,7030.26,540.48,0
C-43-42720-21,2026-08-08,8.0,46.25,6489.77,7030.26,540.48,0
C-4124289876,2026-08-08,3.5,46.25,3730.92,3708.27,-22.65,0
C-43-43761-21,2026-08-08,5.0,46.25,4625.27,4688.71,63.44,0
C-43-43845-21,2026-08-08,4.0,46.25,4028.4,4035.18,6.78,0
C-43-42902-21,2026-08-08,9.5,46.25,7288.16,8075.32,787.16,0
C-43-43565-21,2026-08-08,5.5,46.25,5158.81,5079.37,-79.44,0
C-43-42395-21,2026-08-08,6.5,46.25,5691.39,5859.4,168.02,0
C-43-42985-21,2026-08-08,9.5,46.25,7288.16,8075.32,787.16,0
C-43-43347-21,2026-08-08,7.0,46.25,5957.2,6251.25,294.06,0
C-53-7871867-22,2026-08-08,6.0,46.25,5424.62,5470.08,45.46,0
C-43-42926-21,2026-08-08,11.0,46.25,9880.04,9175.12,-704.92,0
C-4110010694,2026-08-08,2.0,46.25,2975.72,2693.38,-282.34,0
C-43-43819-21,2026-08-08,12.0,46.25,10615.1,9879.4,-735.69,0
C-43-43704-21,2026-08-08,5.0,46.25,4326.84,4688.71,361.87,0
C-53-7871845-22,2026-08-08,3.5,46.25,3730.92,3708.27,-22.65,0
C-43-43441-21,2026-08-07,8.5,46.25,6755.58,7421.78,666.19,0
C-43-43496-21,2026-08-07,3.5,46.25,3730.92,3708.27,-22.65,0
C-43-41917-21,2026-08-07,1.5,46.25,2630.26,2344.26,-286.0,0
C-43-43077-21,2026-08-07,5.0,46.25,4625.27,4688.71,63.44,0
C-43-43391-21,2026-08-07,4.0,46.25,4028.4,4035.18,6.78,0
C-43-43599-21,2026-08-07,7.5,46.25,6223.01,6640.46,417.46,0
C-53-7871831-22,2026-08-07,2.5,46.25,3322.14,3042.84,-279.29,0
C-43-42454-21,2026-08-07,13.5,46.25,11716.72,10888.07,-828.65,0
C-4125080632,2026-08-07,2.0,46.25,2975.72,2693.38,-282.34,0
C-43-43240-21,2026-08-07,4.5,46.25,4326.84,4363.7,36.86,0
C-53-7871815-22,2026-08-07,2.5,46.25,3322.14,3042.84,-279.29,0
C-43-44010-21,2026-08-07,5.0,46.25,4625.27,4688.71,63.44,0
C-43-41187-21,2026-08-07,9.0,46.25,7021.39,7758.37,736.97,0
C-4128660458,2026-08-07,7.0,46.25,5957.2,6251.25,294.06,0
C-43-43736-21,2026-08-07,6.5,46.25,5691.39,5859.4,168.02,0
C-53-7871595-22,2026-08-07,6.0,46.25,5424.62,5470.08,45.46,0
C-43-43410-21,2026-08-07,4.5,46.25,4326.84,4363.7,36.86,0
C-53-7871776-22,2026-08-07,14.5,46.25,12084.24,11543.7,-540.55,0
C-43-43844-21,2026-08-07,3.5,46.25,3730.92,3708.27,-22.65,0
C-43-43343-21,2026-08-07,5.0,46.25,4625.27,4688.71,63.44,0
C-43-43327-21,2026-08-07,5.0,46.25,4625.27,4688.71,63.44,0
C-43-43585-21,2026-08-07,3.5,46.25,3432.49,3708.27,275.79,0
C-53-7871760-22,2026-08-07,2.5,46.25,3197.39,3042.84,-154.54,0
C-43-42568-21,2026-08-07,2.0,46.25,2630.26,2693.38,63.11,0
C-43-43499-21,2026-08-07,5.5,46.25,5158.81,5079.37,-79.44,0
C-4126745527,2026-08-07,7.5,46.25,6223.01,6640.46,417.46,0
C-53-7871636-22,2026-08-07,1.5,46.25,2630.26,2344.26,-286.0,0
C-53-7871738-22,2026-08-07,3.5,46.25,3730.92,3708.27,-22.65,0
C-43-43753-21,2026-08-07,7.0,46.25,5957.2,6251.25,294.06,0
C-43-43417-21,2026-08-07,9.0,46.25,7021.39,7758.37,736.97,0
C-43-43719-21,2026-08-07,3.5,46.25,3730.92,3708.27,-22.65,0
C-53-7871868-22,2026-08-07,16.5,46.25,13919.96,12859.13,-1060.82,0
C-43-43864-21,2026-08-07,16.5,46.25,13919.96,12859.13,-1060.82,0
C-43-43883-21,2026-08-07,6.0,46.25,5424.62,5470.08,45.46,0
C-43-43745-21,2026-08-07,4.5,46.25,4326.84,4363.7,36.86,0
C-43-43758-21,2026-08-07,5.0,46.25,4625.27,4688.71,63.44,0
C-43-43804-21,2026-08-07,12.5,46.25,10982.62,10231.94,-750.68,0
C-43-43715-21,2026-08-07,7.0,46.25,5957.2,6251.25,294.06,0
C-53-7871677-22,2026-08-07,3.0,46.25,3322.14,3382.71,60.58,0
C-43-42372-21,2026-08-07,9.0,46.25,7021.39,7758.37,736.97,0
C-43-40381-21,2026-08-07,5.0,46.25,4625.27,4688.71,63.44,0
C-53-7871590-22,2026-08-07,2.5,46.25,3322.14,3042.84,-279.29,0
C-43-43727-21,2026-08-07,7.5,46.25,6223.01,6640.46,417.46,0
C-43-43993-21,2026-08-07,2.5,46.25,3197.39,3042.84,-154.54,0
C-43-42825-21,2026-08-07,12.0,46.25,10615.1,9879.4,-735.69,0
C-53-7871621-22,2026-08-07,2.0,46.25,2864.41,2693.38,-171.03,0
C-53-7871793-22,2026-08-07,2.0,46.25,2864.41,2693.38,-171.03,0
C-43-43581-21,2026-08-07,8.5,46.25,6755.58,7421.78,666.19,0
C-43-40523-21,2026-08-07,14.0,46.25,12084.24,11217.12,-867.13,0
C-53-7871557-22,2026-08-07,4.5,46.25,4326.84,4363.7,36.86,0
C-43-43974-21,2026-08-07,1.5,46.25,2630.26,2344.26,-286.0,0
C-43-43578-21,2026-08-07,2.0,46.25,2975.72,2693.38,-282.34,0
C-43-42511-21,2026-08-07,5.0,46.25,4625.27,4688.71,63.44,0
C-43-43367-21,2026-08-07,9.0,46.25,7021.39,7758.37,736.97,0
C-43-43272-21,2026-08-07,5.5,46.25,5158.81,5079.37,-79.44,0
C-53-7871549-22,2026-08-07,5.0,46.25,4625.27,4688.71,63.44,0
C-43-43691-21,2026-08-07,5.5,46.25,4625.27,5079.37,454.09,0
C-43-41482-21,2026-08-07,15.0,46.25,12818.34,11873.25,-945.09,0
C-43-43033-21,2026-08-07,6.0,46.25,5158.81,5470.08,311.27,0
C-43-43487-21,2026-08-07,9.0,46.25,7021.39,7758.37,736.97,0
C-43-43520-21,2026-08-07,19.0,46.25,15756.63,14504.55,-1252.08,0
C-43-43817-21,2026-08-07,3.5,46.25,3730.92,3708.27,-22.65,0
C-43-43012-21,2026-08-07,3.0,46.25,3432.49,3382.71,-49.78,0
C-43-42218-21,2026-08-07,1.5,46.25,2630.26,2344.26,-286.0,0
C-43-43747-21,2026-08-07,6.0,46.25,5424.62,5470.08,45.46,0
C-43-41598-21,2026-08-07,5.0,46.25,4625.27,4688.71,63.44,0
C-43-43702-21,2026-08-07,8.0,46.25,6223.01,7030.26,807.25,0
C-53-7871758-22,2026-08-07,2.5,46.25,3322.14,3042.84,-279.29,0
C-43-43011-21,2026-08-07,5.0,46.25,4625.27,4688.71,63.44,0
C-53-7871862-22,2026-08-07,11.5,46.25,10247.57,9527.74,-719.82,0
C-43-43752-21,2026-08-07,6.5,46.25,5691.39,5859.4,168.02,0
C-53-7871847-22,2026-08-07,6.0,46.25,5424.62,5470.08,45.46,0
C-43-43577-21,2026-08-07,7.0,46.25,5957.2,6251.25,294.06,0
C-53-7871653-22,2026-08-07,2.0,46.25,2975.72,2693.38,-282.34,0
C-43-39414-21,2026-08-07,7.0,46.25,5957.2,6251.25,294.06,0
C-43-40133-21,2026-08-07,8.0,46.25,6489.77,7030.26,540.48,0
C-53-7871578-22,2026-08-07,3.0,46.25,3432.49,3382.71,-49.78,0
C-43-43687-21,2026-08-07,3.5,46.25,3730.92,3708.27,-22.65,0
C-43-42401-21,2026-08-07,5.5,46.25,5158.81,5079.37,-79.44,0
C-53-7871872-22,2026-08-07,2.5,46.25,3322.14,3042.84,-279.29,0
C-43-43074-21,2026-08-07,2.5,46.25,3322.14,3042.84,-279.29,0
C-43-43637-21,2026-08-07,4.0,46.25,4028.4,4035.18,6.78,0
C-43-43125-21,2026-08-07,7.0,46.25,5691.39,6251.25,559.87,0
C-43-43236-21,2026-08-07,17.0,46.25,14287.48,13186.94,-1100.55,0
C-43-43478-21,2026-08-07,4.0,46.25,4028.4,4035.18,6.78,0
C-43-41948-21,2026-08-07,26.5,46.25,25923.59,20242.06,-5681.53,0
C-43-43357-21,2026-08-07,8.0,46.25,6489.77,7030.26,540.48,0
C-43-43850-21,2026-08-07,7.0,46.25,5957.2,6251.25,294.06,0
C-43-43538-21,2026-08-06,4.5,46.25,4325.88,4363.7,37.82,0
C-53-7871642-22,2026-08-06,9.0,46.25,7020.43,7758.37,737.93,0
C-53-7871817-22,2026-08-06,10.5,46.25,9510.6,8824.0,-686.59,0
C-43-41747-21,2026-08-06,6.0,46.25,5423.66,5470.08,46.42,0
C-43-43629-21,2026-08-06,11.5,46.25,9878.12,9527.74,-350.38,0
C-43-42658-21,2026-08-06,12.5,46.25,10979.74,10231.94,-747.81,0
C-43-41899-21,2026-08-06,7.5,46.25,6222.05,6640.46,418.42,0
C-43-43070-21,2026-08-06,7.0,46.25,5956.24,6251.25,295.02,0
C-43-43467-21,2026-08-06,16.0,46.25,13550.51,12533.12,-1017.39,0
C-43-42063-21,2026-08-06,9.0,46.25,7020.43,7758.37,737.93,0
C-53-7871640-22,2026-08-06,3.0,46.25,3431.53,3382.71,-48.82,0
C-43-41382-21,2026-08-06,6.5,46.25,5689.47,5859.4,169.94,0
C-43-42531-21,2026-08-06,3.0,46.25,3321.18,3382.71,61.54,0
C-43-43258-21,2026-08-06,3.5,46.25,3729.97,3708.27,-21.69,0
C-53-7871483-22,2026-08-06,18.0,46.25,15018.7,13844.5,-1174.2,0
C-43-42674-21,2026-08-06,8.0,46.25,6487.86,7030.26,542.4,0
C-43-42081-21,2026-08-06,6.5,46.25,5689.47,5859.4,169.94,0
C-43-43361-21,2026-08-06,2.0,46.25,2975.72,2693.38,-282.34,0
C-43-43694-21,2026-08-06,5.0,46.25,4624.31,4688.71,64.4,0
C-4123075957,2026-08-06,3.5,46.25,3431.53,3708.27,276.74,0
C-53-7871635-22,2026-08-06,3.5,46.25,3729.97,3708.27,-21.69,0
C-43-43047-21,2026-08-06,7.5,46.25,6222.05,6640.46,418.42,0
C-43-43158-21,2026-08-06,1.5,46.25,2530.47,2344.26,-186.21,0
C-43-43681-21,2026-08-06,1.5,46.25,2630.26,2344.26,-286.0,0
C-53-7871827-22,2026-08-06,5.5,46.25,5157.85,5079.37,-78.48,0
C-43-43305-21,2026-08-06,8.0,46.25,6487.86,7030.26,542.4,0
C-43-43548-21,2026-08-06,1.5,46.25,2630.26,2344.26,-286.0,0
C-43-42292-21,2026-08-06,28.0,46.25,27129.81,21387.84,-5741.97,0
C-53-7871856-22,2026-08-06,3.5,46.25,3729.97,3708.27,-21.69,0
C-43-43545-21,2026-08-06,6.0,46.25,5423.66,5470.08,46.42,0
C-43-43547-21,2026-08-06,7.0,46.25,5956.24,6251.25,295.02,0
C-43-41624-21,2026-08-06,7.5,46.25,6222.05,6640.46,418.42,0
C-4121154113,2026-08-06,5.5,46.25,5157.85,5079.37,-78.48,0
C-4115919606,2026-08-06,15.0,46.25,12815.46,11873.25,-942.21,0
C-43-43539-21,2026-08-06,7.0,46.25,5956.24,6251.25,295.02,0
C-43-43709-21,2026-08-06,8.0,46.25,6487.86,7030.26,542.4,0
C-43-43579-21,2026-08-06,5.5,46.25,5157.85,5079.37,-78.48,0
C-53-7871861-22,2026-08-06,6.5,46.25,5689.47,5859.4,169.94,0
C-43-43518-21,2026-08-06,3.5,46.25,3729.97,3708.27,-21.69,0
C-43-43679-21,2026-08-06,8.5,46.25,6753.66,7421.78,668.11,0
C-43-42789-21,2026-08-06,19.0,46.25,15753.75,14504.55,-1249.2,0
C-43-43301-21,2026-08-06,6.0,46.25,5423.66,5470.08,46.42,0
C-53-7871840-22,2026-08-06,8.5,46.25,6753.66,7421.78,668.11,0
C-53-7871870-22,2026-08-06,3.0,46.25,3431.53,3382.71,-48.82,0
C-43-41813-21,2026-08-06,4.5,46.25,4325.88,4363.7,37.82,0
C-43-44191-21,2026-08-06,2.5,46.25,3321.18,3042.84,-278.33,0
C-43-40307-21,2026-08-06,4.5,46.25,4325.88,4363.7,37.82,0
C-43-43359-21,2026-08-06,9.0,46.25,7020.43,7758.37,737.93,0
C-43-42342-21,2026-08-06,2.0,46.25,2975.72,2693.38,-282.34,0
C-43-43481-21,2026-08-06,2.0,46.25,2863.45,2693.38,-170.07,0
C-43-40789-21,2026-08-06,4.0,46.25,4028.4,4035.18,6.78,0
C-43-43665-21,2026-08-06,10.5,46.25,9510.6,8824.0,-686.59,0
C-53-7871705-22,2026-08-06,3.0,46.25,3431.53,3382.71,-48.82,0
C-4127009972,2026-08-06,7.0,46.25,5956.24,6251.25,295.02,0
C-43-43542-21,2026-08-06,4.5,46.25,4325.88,4363.7,37.82,0
C-43-43607-21,2026-08-06,2.0,46.25,2975.72,2693.38,-282.34,0
C-43-43815-21,2026-08-06,5.0,46.25,4624.31,4688.71,64.4,0
C-53-7871743-22,2026-08-06,8.5,46.25,6753.66,7421.78,668.11,0
C-43-42972-21,2026-08-06,6.0,46.25,5423.66,5470.08,46.42,0
C-53-7871577-22,2026-08-06,2.0,46.25,2630.26,2693.38,63.11,0
C-4115718992,2026-08-06,33.0,46.25,31166.85,25207.1,-5959.75,0
C-43-43781-21,2026-08-06,6.5,46.25,5689.47,5859.4,169.94,0
C-53-7871853-22,2026-08-06,6.0,46.25,5423.66,5470.08,46.42,0
C-43-43325-21,2026-08-06,6.5,46.25,5689.47,5859.4,169.94,0
C-43-43352-21,2026-08-06,3.0,46.25,3431.53,3382.71,-48.82,0
C-43-43769-21,2026-08-06,2.0,46.25,2975.72,2693.38,-282.34,0
C-4127443199,2026-08-06,4.5,46.25,4325.88,4363.7,37.82,0
C-43-43737-21,2026-08-06,1.5,46.25,2630.26,2344.26,-286.0,0
C-43-42623-21,2026-08-06,8.0,46.25,6487.86,7030.26,542.4,0
C-43-40237-21,2026-08-06,20.0,46.25,16120.32,15158.44,-961.88,0
C-43-43423-21,2026-08-06,3.5,46.25,3431.53,3708.27,276.74,0
C-53-7871757-22,2026-08-06,8.5,46.25,6753.66,7421.78,668.11,0
C-43-42201-21,2026-08-06,2.5,46.25,3321.18,3042.84,-278.33,0
C-43-41257-21,2026-08-06,4.0,46.25,4028.4,4035.18,6.78,0
C-43-43205-21,2026-08-06,5.0,46.25,4624.31,4688.71,64.4,0
C-43-43411-21,2026-08-06,8.5,46.25,6753.66,7421.78,668.11,0
C-53-7871716-22,2026-08-06,4.5,46.25,4325.88,4363.7,37.82,0
C-53-7871690-22,2026-08-06,7.5,46.25,6222.05,6640.46,418.42,0
C-43-43668-21,2026-08-06,1.5,46.25,2284.81,2344.26,59.45,0
C-43-42796-21,2026-08-06,24.5,46.25,20436.6,18714.36,-1722.24,0
C-53-7871482-22,2026-08-06,5.5,46.25,5157.85,5079.37,-78.48,0
C-43-43482-21,2026-08-06,2.0,46.25,2975.72,2693.38,-282.34,0
C-53-7871775-22,2026-08-06,3.0,46.25,3431.53,3382.71,-48.82,0
C-43-43392-21,2026-08-06,4.0,46.25,4028.4,4035.18,6.78,0
C-53-7871799-22,2026-08-06,2.0,46.25,2863.45,2693.38,-170.07,0
C-43-43810-21,2026-08-06,4.0,46.25,4028.4,4035.18,6.78,0
C-43-42335-21,2026-08-06,9.0,46.25,7020.43,7758.37,737.93,0
C-43-43156-21,2026-08-06,5.0,46.25,4624.31,4688.71,64.4,0
C-43-43433-21,2026-08-06,4.0,46.25,3729.97,4035.18,305.22,0
C-43-43711-21,2026-08-06,2.5,46.25,2975.72,3042.84,67.12,0
C-43-43304-21,2026-08-06,7.0,46.25,5956.24,6251.25,295.02,0
C-43-44299-21,2026-08-06,8.5,46.25,6762.3,7421.78,659.48,0
C-53-7871510-22,2026-08-05,7.5,46.25,5974.47,6640.46,665.99,0
C-43-41676-21,2026-08-05,6.0,46.25,5204.87,5470.08,265.2,0
C-43-41740-21,2026-08-05,9.0,46.25,6743.11,7758.37,1015.26,0
C-53-7871656-22,2026-08-05,2.0,46.25,2741.58,2693.38,-48.2,0
C-43-40507-21,2026-08-05,27.5,46.25,25818.04,21005.92,-4812.12,0
C-43-40879-21,2026-08-05,8.0,46.25,6230.68,7030.26,799.57,0
C-53-7871441-22,2026-08-05,3.5,46.25,3575.47,3708.27,132.8,0
C-43-40932-21,2026-08-05,8.5,46.25,6487.86,7421.78,933.92,0
C-53-7871492-22,2026-08-05,14.0,46.25,11593.89,11217.12,-376.77,0
C-43-39738-21,2026-08-05,6.0,46.25,5204.87,5470.08,265.2,0
C-43-40453-21,2026-08-05,2.0,46.25,2848.09,2693.38,-154.71,0
C-53-7871601-22,2026-08-05,7.0,46.25,5718.26,6251.25,533.0,0
C-43-40794-21,2026-08-05,5.5,46.25,4948.66,5079.37,130.71,0
C-43-40279-21,2026-08-05,9.0,46.25,6743.11,7758.37,1015.26,0
C-43-44238-21,2026-08-05,2.5,46.25,3062.08,3042.84,-19.24,0
C-53-7871619-22,2026-08-05,4.5,46.25,4149.31,4363.7,214.39,0
C-43-41353-21,2026-08-05,3.5,46.25,3575.47,3708.27,132.8,0
C-43-40537-21,2026-08-05,3.5,46.25,3575.47,3708.27,132.8,0
C-53-7871481-22,2026-08-05,5.0,46.25,4437.19,4688.71,251.52,0
C-53-7871659-22,2026-08-05,2.5,46.25,3181.07,3042.84,-138.23,0
C-43-41923-21,2026-08-05,7.5,46.25,5974.47,6640.46,665.99,0
C-43-42544-21,2026-08-05,5.5,46.25,4948.66,5079.37,130.71,0
C-53-7871865-22,2026-08-05,4.5,46.25,4149.31,4363.7,214.39,0
C-43-43374-21,2026-08-05,6.0,46.25,5204.87,5470.08,265.2,0
C-43-43009-21,2026-08-05,9.5,46.25,7000.28,8075.32,1075.04,0
C-43-43276-21,2026-08-05,6.5,46.25,5461.08,5859.4,398.32,0
C-4113111715,2026-08-05,13.0,46.25,10888.58,10561.73,-326.85,0
C-53-7871834-22,2026-08-05,2.5,46.25,3181.07,3042.84,-138.23,0
C-43-43861-21,2026-08-05,2.5,46.25,3062.08,3042.84,-19.24,0
C-53-7871701-22,2026-08-05,4.5,46.25,4149.31,4363.7,214.39,0
C-43-42606-21,2026-08-05,7.5,46.25,5718.26,6640.46,922.21,0
C-43-42821-21,2026-08-05,3.5,46.25,3575.47,3708.27,132.8,0
C-43-42707-21,2026-08-05,22.0,46.25,17294.87,16804.73,-490.14,0
C-43-43140-21,2026-08-05,7.0,46.25,5718.26,6251.25,533.0,0
C-43-42870-21,2026-08-05,3.5,46.25,3575.47,3708.27,132.8,0
C-43-43633-21,2026-08-05,5.0,46.25,4437.19,4688.71,251.52,0
C-43-42977-21,2026-08-05,12.5,46.25,10183.28,10231.94,48.66,0
C-43-41924-21,2026-08-05,12.5,46.25,10183.28,10231.94,48.66,0
C-43-42537-21,2026-08-05,15.5,46.25,12652.33,12203.12,-449.2,0
C-4118533528,2026-08-05,3.5,46.25,3575.47,3708.27,132.8,0
C-53-7871693-22,2026-08-05,4.5,46.25,4149.31,4363.7,214.39,0
C-43-42200-21,2026-08-05,5.5,46.25,4948.66,5079.37,130.71,0
C-43-42513-21,2026-08-05,7.0,46.25,5718.26,6251.25,533.0,0
C-43-43339-21,2026-08-05,2.5,46.25,3062.08,3042.84,-19.24,0
C-43-43805-21,2026-08-05,3.5,46.25,3288.55,3708.27,419.73,0
C-4114731266,2026-08-05,5.0,46.25,4437.19,4688.71,251.52,0
C-53-7871746-22,2026-08-05,3.0,46.25,3288.55,3382.71,94.16,0
C-53-7871732-22,2026-08-05,2.0,46.25,2741.58,2693.38,-48.2,0
C-4113279907,2026-08-05,7.0,46.25,5718.26,6251.25,533.0,0
C-43-42461-21,2026-08-05,9.0,46.25,6743.11,7758.37,1015.26,0
C-43-42649-21,2026-08-05,3.0,46.25,3288.55,3382.71,94.16,0
C-43-42051-21,2026-08-05,7.5,46.25,5974.47,6640.46,665.99,0
C-43-43398-21,2026-08-05,7.5,46.25,5974.47,6640.46,665.99,0
C-43-42728-21,2026-08-05,2.0,46.25,2741.58,2693.38,-48.2,0
C-43-43421-21,2026-08-05,28.0,46.25,26206.68,21387.84,-4818.83,0
C-43-42273-21,2026-08-05,5.0,46.25,4437.19,4688.71,251.52,0
C-4116098836,2026-08-05,12.0,46.25,10183.28,9879.4,-303.87,0
C-43-43543-21,2026-08-05,2.5,46.25,3181.07,3042.84,-138.23,0
C-43-43372-21,2026-08-05,9.5,46.25,7000.28,8075.32,1075.04,0
C-43-43576-21,2026-08-05,5.0,46.25,4437.19,4688.71,251.52,0
C-43-43314-21,2026-08-05,4.0,46.25,3862.39,4035.18,172.79,0
C-53-7871741-22,2026-08-05,11.5,46.25,9830.14,9527.74,-302.4,0
C-43-43569-21,2026-08-05,2.5,46.25,3181.07,3042.84,-138.23,0
C-43-42744-21,2026-08-05,4.5,46.25,4149.31,4363.7,214.39,0
C-53-7871784-22,2026-08-05,6.0,46.25,5204.87,5470.08,265.2,0
C-43-42743-21,2026-08-05,7.0,46.25,5718.26,6251.25,533.0,0
C-43-42842-21,2026-08-05,2.0,46.25,2848.09,2693.38,-154.71,0
C-43-42576-21,2026-08-05,19.5,46.25,15475.47,14834.46,-641.01,0
C-43-42033-21,2026-08-05,6.0,46.25,5204.87,5470.08,265.2,0
C-43-43368-21,2026-08-05,14.0,46.25,11593.89,11217.12,-376.77,0
C-43-43144-21,2026-08-05,6.5,46.25,5461.08,5859.4,398.32,0
C-43-43701-21,2026-08-05,5.0,46.25,4437.19,4688.71,251.52,0
C-43-41928-21,2026-08-05,19.0,46.25,15122.34,14504.55,-617.79,0
C-43-43394-21,2026-08-05,5.0,46.25,4437.19,4688.71,251.52,0
C-43-43038-21,2026-08-05,6.5,46.25,5204.87,5859.4,654.53,0
C-43-43154-21,2026-08-05,4.5,46.25,4149.31,4363.7,214.39,0
C-43-43355-21,2026-08-05,6.5,46.25,5461.08,5859.4,398.32,0
C-43-43022-21,2026-08-05,2.0,46.25,2848.09,2693.38,-154.71,0
C-43-43425-21,2026-08-05,1.0,46.25,2184.05,1994.67,-189.38,0
C-43-43733-21,2026-08-05,10.5,46.25,9124.84,8824.0,-300.84,0
C-43-43355-21,2026-08-05,6.5,46.25,5446.69,5859.4,412.71,0
C-43-41502-21,2026-08-04,12.5,46.25,10506.66,10231.94,-274.72,0
C-43-41838-21,2026-08-04,9.5,46.25,6724.88,8075.32,1350.44,0
C-43-43486-21,2026-08-04,4.5,46.25,4138.75,4363.7,224.94,0
C-43-41805-21,2026-08-04,10.0,46.25,7236.34,8383.83,1147.49,0
C-43-42202-21,2026-08-04,5.0,46.25,4424.72,4688.71,263.99,0
C-43-43362-21,2026-08-04,6.5,46.25,5446.69,5859.4,412.71,0
C-43-43103-21,2026-08-04,5.0,46.25,4424.72,4688.71,263.99,0
C-43-43086-21,2026-08-04,17.0,46.25,13673.34,13186.94,-486.4,0
C-43-41494-21,2026-08-04,13.0,46.25,10506.66,10561.73,55.07,0
C-43-42278-21,2026-08-04,5.5,46.25,4935.22,5079.37,144.14,0
C-4125962663,2026-08-04,2.0,46.25,2840.42,2693.38,-147.04,0
C-43-43295-21,2026-08-04,5.5,46.25,4935.22,5079.37,144.14,0
C-43-37299-21,2026-08-04,9.5,46.25,6981.09,8075.32,1094.23,0
C-43-43652-21,2026-08-04,2.0,46.25,2840.42,2693.38,-147.04,0
C-43-43279-21,2026-08-04,18.0,46.25,14377.69,13844.5,-533.19,0
C-43-43622-21,2026-08-04,3.5,46.25,3565.87,3708.27,142.4,0
C-43-43173-21,2026-08-04,5.0,46.25,4424.72,4688.71,263.99,0
C-43-43337-21,2026-08-04,9.0,46.25,6724.88,7758.37,1033.49,0
C-43-42826-21,2026-08-04,2.5,46.25,3172.44,3042.84,-129.6,0
C-43-43530-21,2026-08-04,24.5,46.25,19567.2,18714.36,-852.84,0
C-43-42980-21,2026-08-04,14.5,46.25,11914.39,11543.7,-370.7,0
C-43-42987-21,2026-08-04,8.0,46.25,6213.41,7030.26,816.85,0
C-43-43695-21,2026-08-04,2.0,46.25,2840.42,2693.38,-147.04,0
C-4118010433,2026-08-04,5.0,46.25,4424.72,4688.71,263.99,0
C-43-42816-21,2026-08-04,13.5,46.25,11211.01,10888.07,-322.94,0
C-43-43334-21,2026-08-04,5.0,46.25,4424.72,4688.71,263.99,0
C-43-43207-21,2026-08-04,6.5,46.25,5446.69,5859.4,412.71,0
C-43-42426-21,2026-08-04,10.0,46.25,7236.34,8383.83,1147.49,0
C-43-41375-21,2026-08-04,16.5,46.25,13322.13,12859.13,-462.99,0
C-43-43658-21,2026-08-04,3.5,46.25,3565.87,3708.27,142.4,0
C-43-43506-21,2026-08-04,17.5,46.25,14025.51,13519.01,-506.51,0
C-53-7871547-22,2026-08-04,4.0,46.25,3565.87,4035.18,469.31,0
C-43-41299-21,2026-08-04,8.5,46.25,6469.62,7421.78,952.15,0
C-43-41549-21,2026-08-04,3.0,46.25,3279.91,3382.71,102.8,0
C-43-43320-21,2026-08-04,6.0,46.25,5190.48,5470.08,279.6,0
C-43-41755-21,2026-08-04,12.0,46.25,10155.45,9879.4,-276.05,0
C-43-41539-21,2026-08-04,6.0,46.25,5190.48,5470.08,279.6,0
C-43-43759-21,2026-08-04,4.5,46.25,4138.75,4363.7,224.94,0
C-53-7871655-22,2026-08-04,3.0,46.25,3279.91,3382.71,102.8,0
C-43-43108-21,2026-08-04,5.5,46.25,4935.22,5079.37,144.14,0
C-4122176305,2026-08-04,9.0,46.25,6724.88,7758.37,1033.49,0
C-43-43742-21,2026-08-04,5.0,46.25,4424.72,4688.71,263.99,0
C-43-43217-21,2026-08-04,3.5,46.25,3565.87,3708.27,142.4,0
C-4117769970,2026-08-04,2.0,46.25,2840.42,2693.38,-147.04,0
C-43-42351-21,2026-08-04,4.5,46.25,4138.75,4363.7,224.94,0
C-43-42883-21,2026-08-04,6.0,46.25,4935.22,5470.08,534.85,0
C-43-41809-21,2026-08-04,5.5,46.25,4935.22,5079.37,144.14,0
C-43-43133-21,2026-08-04,3.5,46.25,3565.87,3708.27,142.4,0
C-43-42472-21,2026-08-04,8.5,46.25,6469.62,7421.78,952.15,0
C-4113643914,2026-08-04,4.5,46.25,4138.75,4363.7,224.94,0
C-43-39789-21,2026-08-04,9.5,46.25,6981.09,8075.32,1094.23,0
C-43-40691-21,2026-08-04,9.0,46.25,6724.88,7758.37,1033.49,0
C-43-42872-21,2026-08-04,13.5,46.25,11211.01,10888.07,-322.94,0
C-43-43063-21,2026-08-04,6.5,46.25,5446.69,5859.4,412.71,0
C-53-7871612-22,2026-08-04,2.5,46.25,3172.44,3042.84,-129.6,0
C-43-40858-21,2026-08-04,17.5,46.25,14025.51,13519.01,-506.51,0
C-43-39635-21,2026-08-04,2.0,46.25,2840.42,2693.38,-147.04,0
C-43-43403-21,2026-08-04,5.0,46.25,4424.72,4688.71,263.99,0
C-43-42922-21,2026-08-04,9.5,46.25,6724.88,8075.32,1350.44,0
C-43-43114-21,2026-08-04,4.0,46.25,3851.83,4035.18,183.35,0
C-4120793656,2026-08-04,3.5,46.25,3565.87,3708.27,142.4,0
C-43-39790-21,2026-08-04,7.5,46.25,5958.16,6640.46,682.31,0
C-4123929471,2026-08-04,2.0,46.25,2509.35,2693.38,184.02,0
C-43-41756-21,2026-08-04,6.0,46.25,5190.48,5470.08,279.6,0
C-4120510420,2026-08-04,11.5,46.25,9803.27,9527.74,-275.53,0
C-43-43450-21,2026-08-04,9.5,46.25,6981.09,8075.32,1094.23,0
C-43-42413-21,2026-08-04,10.5,46.25,9099.89,8824.0,-275.89,0
C-43-43375-21,2026-08-04,6.5,46.25,5446.69,5859.4,412.71,0
C-53-7871449-22,2026-08-04,10.0,46.25,7236.34,8383.83,1147.49,0
C-43-43449-21,2026-08-04,9.5,46.25,6981.09,8075.32,1094.23,0
C-43-43353-21,2026-08-04,8.5,46.25,6213.41,7421.78,1208.37,0
C-43-43468-21,2026-08-04,6.0,46.25,5190.48,5470.08,279.6,0
C-43-43541-21,2026-08-04,3.5,46.25,3279.91,3708.27,428.36,0
C-43-43064-21,2026-08-04,7.5,46.25,5958.16,6640.46,682.31,0
C-43-42659-21,2026-08-04,4.0,46.25,3851.83,4035.18,183.35,0
C-43-43270-21,2026-08-04,5.5,46.25,4935.22,5079.37,144.14,0
C-43-43265-21,2026-08-04,3.5,46.25,3565.87,3708.27,142.4,0
C-43-43097-21,2026-08-04,12.0,46.25,10155.45,9879.4,-276.05,0
C-43-42804-21,2026-08-04,7.0,46.25,5701.94,6251.25,549.31,0
C-43-40581-21,2026-08-04,22.5,46.25,18021.29,17186.66,-834.63,0
C-53-7871724-22,2026-08-04,2.5,46.25,3172.44,3042.84,-129.6,0
C-4122483788,2026-08-04,5.0,46.25,4424.72,4688.71,263.99,0
C-43-43262-21,2026-08-04,5.5,46.25,4935.22,5079.37,144.14,0
C-43-43169-21,2026-08-04,3.5,46.25,3565.87,3708.27,142.4,0
C-43-40858-21,2026-08-04,17.5,46.25,14025.51,13519.01,-506.51,0
C-53-7871449-22,2026-08-04,10.0,46.25,7236.34,8383.83,1147.49,0
C-43-40691-21,2026-08-04,9.0,46.25,6724.88,7758.37,1033.49,0
C-53-7871612-22,2026-08-04,2.5,46.25,3172.44,3042.84,-129.6,0
C-43-41299-21,2026-08-04,8.5,46.25,6469.62,7421.78,952.15,0
C-43-39790-21,2026-08-04,7.5,46.25,5958.16,6640.46,682.31,0
C-43-39635-21,2026-08-04,2.0,46.25,2840.42,2693.38,-147.04,0
C-43-41375-21,2026-08-04,16.5,46.25,13322.13,12859.13,-462.99,0
C-43-37299-21,2026-08-04,9.5,46.25,6981.09,8075.32,1094.23,0
C-43-40581-21,2026-08-04,22.5,46.25,18021.29,17186.66,-834.63,0
C-43-39789-21,2026-08-04,9.5,46.25,6981.09,8075.32,1094.23,0
C-53-7871547-22,2026-08-04,4.0,46.25,3565.87,4035.18,469.31,0
C-53-7871655-22,2026-08-04,3.0,46.25,3279.91,3382.71,102.8,0
C-43-43279-21,2026-08-04,18.0,46.25,14373.85,13844.5,-529.35,0
C-43-41756-21,2026-08-04,6.0,46.25,5189.52,5470.08,280.56,0
C-43-43295-21,2026-08-04,5.5,46.25,4934.26,5079.37,145.1,0
C-43-40691-21,2026-08-04,9.0,46.25,6724.88,7758.37,1033.49,0
C-53-7871612-22,2026-08-04,2.5,46.25,3172.44,3042.84,-129.6,0
C-4118010433,2026-08-04,5.0,46.25,4423.76,4688.71,264.95,0
C-43-43086-21,2026-08-04,17.0,46.25,13670.46,13186.94,-483.52,0
C-43-37299-21,2026-08-04,9.5,46.25,6981.09,8075.32,1094.23,0
C-43-43114-21,2026-08-04,4.0,46.25,3850.87,4035.18,184.31,0
C-53-7871547-22,2026-08-04,4.0,46.25,3565.87,4035.18,469.31,0
C-43-42472-21,2026-08-04,8.5,46.25,6468.66,7421.78,953.11,0
C-43-43207-21,2026-08-04,6.5,46.25,5445.73,5859.4,413.67,0
C-43-43097-21,2026-08-04,12.0,46.25,10152.57,9879.4,-273.17,0
C-43-42980-21,2026-08-04,14.5,46.25,11911.51,11543.7,-367.82,0
C-43-41502-21,2026-08-04,12.5,46.25,10506.66,10231.94,-274.72,0
C-43-43103-21,2026-08-04,5.0,46.25,4423.76,4688.71,264.95,0
C-43-43064-21,2026-08-04,7.5,46.25,5956.24,6640.46,684.22,0
C-43-41539-21,2026-08-04,6.0,46.25,5190.48,5470.08,279.6,0
C-4122176305,2026-08-04,9.0,46.25,6723.92,7758.37,1034.45,0
C-4120793656,2026-08-04,3.5,46.25,3564.91,3708.27,143.36,0
C-43-43353-21,2026-08-04,8.5,46.25,6212.45,7421.78,1209.33,0
C-4120510420,2026-08-04,11.5,46.25,9801.35,9527.74,-273.61,0
C-43-41805-21,2026-08-04,10.0,46.25,7235.38,8383.83,1148.45,0
C-43-42278-21,2026-08-04,5.5,46.25,4934.26,5079.37,145.1,0
C-43-41809-21,2026-08-04,5.5,46.25,4934.26,5079.37,145.1,0
C-43-42816-21,2026-08-04,13.5,46.25,11208.13,10888.07,-320.06,0
C-4117769970,2026-08-04,2.0,46.25,2840.42,2693.38,-147.04,0
C-43-39790-21,2026-08-04,7.5,46.25,5958.16,6640.46,682.31,0
C-43-40581-21,2026-08-04,22.5,46.25,18021.29,17186.66,-834.63,0
C-43-42351-21,2026-08-04,4.5,46.25,4137.8,4363.7,225.9,0
C-43-42202-21,2026-08-04,5.0,46.25,4423.76,4688.71,264.95,0
C-43-41549-21,2026-08-04,3.0,46.25,3279.91,3382.71,102.8,0
C-43-43217-21,2026-08-04,3.5,46.25,3564.91,3708.27,143.36,0
C-43-43320-21,2026-08-04,6.0,46.25,5189.52,5470.08,280.56,0
C-43-43063-21,2026-08-04,6.5,46.25,5445.73,5859.4,413.67,0
C-43-41755-21,2026-08-04,12.0,46.25,10152.57,9879.4,-273.17,0
C-43-41494-21,2026-08-04,13.0,46.25,10506.66,10561.73,55.07,0
C-43-42426-21,2026-08-04,10.0,46.25,7235.38,8383.83,1148.45,0
C-43-40858-21,2026-08-04,17.5,46.25,14025.51,13519.01,-506.51,0
C-43-43173-21,2026-08-04,5.0,46.25,4423.76,4688.71,264.95,0
C-43-43133-21,2026-08-04,3.5,46.25,3564.91,3708.27,143.36,0
C-43-43108-21,2026-08-04,5.5,46.25,4934.26,5079.37,145.1,0
C-43-42659-21,2026-08-04,4.0,46.25,3850.87,4035.18,184.31,0
C-43-39789-21,2026-08-04,9.5,46.25,6981.09,8075.32,1094.23,0
C-4122483788,2026-08-04,5.0,46.25,4423.76,4688.71,264.95,0
C-43-42922-21,2026-08-04,9.5,46.25,6723.92,8075.32,1351.4,0
C-43-42826-21,2026-08-04,2.5,46.25,3171.48,3042.84,-128.64,0
C-43-43169-21,2026-08-04,3.5,46.25,3564.91,3708.27,143.36,0
C-43-41299-21,2026-08-04,8.5,46.25,6469.62,7421.78,952.15,0
C-43-43262-21,2026-08-04,5.5,46.25,4934.26,5079.37,145.1,0
C-43-42804-21,2026-08-04,7.0,46.25,5700.98,6251.25,550.27,0
C-43-42883-21,2026-08-04,6.0,46.25,4934.26,5470.08,535.81,0
C-43-42987-21,2026-08-04,8.0,46.25,6212.45,7030.26,817.81,0
C-43-41375-21,2026-08-04,16.5,46.25,13322.13,12859.13,-462.99,0
C-43-41838-21,2026-08-04,9.5,46.25,6723.92,8075.32,1351.4,0
C-53-7871724-22,2026-08-04,2.5,46.25,3171.48,3042.84,-128.64,0
C-43-43270-21,2026-08-04,5.5,46.25,4934.26,5079.37,145.1,0
C-43-42872-21,2026-08-04,13.5,46.25,11208.13,10888.07,-320.06,0
C-43-39635-21,2026-08-04,2.0,46.25,2733.9,2693.38,-40.52,0
C-53-7871449-22,2026-08-04,10.0,46.25,7236.34,8383.83,1147.49,0
C-43-43265-21,2026-08-04,3.5,46.25,3564.91,3708.27,143.36,0
C-43-43337-21,2026-08-04,9.0,46.25,6723.92,7758.37,1034.45,0
C-4113643914,2026-08-04,4.5,46.25,4137.8,4363.7,225.9,0
C-43-42413-21,2026-08-04,10.5,46.25,9097.97,8824.0,-273.97,0
C-43-43334-21,2026-08-04,5.0,46.25,4423.76,4688.71,264.95,0
C-4120510420,2026-08-04,11.5,46.25,9803.27,9527.74,-275.53,0
C-43-40858-21,2026-08-04,17.5,46.25,14025.51,13519.01,-506.51,0
C-43-43320-21,2026-08-04,6.0,46.25,5190.48,5470.08,279.6,0
C-43-43262-21,2026-08-04,5.5,46.25,4935.22,5079.37,144.14,0
C-43-42426-21,2026-08-04,10.0,46.25,7236.34,8383.83,1147.49,0
C-43-43265-21,2026-08-04,3.5,46.25,3565.87,3708.27,142.4,0
C-43-43207-21,2026-08-04,6.5,46.25,5446.69,5859.4,412.71,0
C-43-39899-21,2026-08-04,9.5,46.25,8469.43,8075.32,-394.11,0
C-43-43108-21,2026-08-04,5.5,46.25,4935.22,5079.37,144.14,0
C-53-7871655-22,2026-08-04,3.0,46.25,3279.91,3382.71,102.8,0
C-43-42816-21,2026-08-04,13.5,46.25,11211.01,10888.07,-322.94,0
C-43-41502-21,2026-08-04,12.5,46.25,10506.66,10231.94,-274.72,0
C-43-42980-21,2026-08-04,14.5,46.25,11914.39,11543.7,-370.7,0
C-43-43097-21,2026-08-04,12.0,46.25,10155.45,9879.4,-276.05,0
C-53-7871449-22,2026-08-04,10.0,46.25,7236.34,8383.83,1147.49,0
C-43-43353-21,2026-08-04,8.5,46.25,6213.41,7421.78,1208.37,0
C-43-43114-21,2026-08-04,4.0,46.25,3851.83,4035.18,183.35,0
C-43-37299-21,2026-08-04,9.5,46.25,6981.09,8075.32,1094.23,0
C-43-41838-21,2026-08-04,9.5,46.25,6724.88,8075.32,1350.44,0
C-53-7871612-22,2026-08-04,2.5,46.25,3172.44,3042.84,-129.6,0
C-43-41755-21,2026-08-04,12.0,46.25,10155.45,9879.4,-276.05,0
C-53-7871724-22,2026-08-04,2.5,46.25,3172.44,3042.84,-129.6,0
C-43-42351-21,2026-08-04,4.5,46.25,4138.75,4363.7,224.94,0
C-43-41756-21,2026-08-04,6.0,46.25,5190.48,5470.08,279.6,0
C-43-42659-21,2026-08-04,4.0,46.25,3851.83,4035.18,183.35,0
C-4113643914,2026-08-04,4.5,46.25,4138.75,4363.7,224.94,0
C-43-41299-21,2026-08-04,8.5,46.25,6469.62,7421.78,952.15,0
C-43-42872-21,2026-08-04,13.5,46.25,11211.01,10888.07,-322.94,0
C-43-43334-21,2026-08-04,5.0,46.25,4424.72,4688.71,263.99,0
C-4122483788,2026-08-04,5.0,46.25,4424.72,4688.71,263.99,0
C-43-43337-21,2026-08-04,9.0,46.25,6724.88,7758.37,1033.49,0
C-43-42922-21,2026-08-04,9.5,46.25,6724.88,8075.32,1350.44,0
C-43-42804-21,2026-08-04,7.0,46.25,5701.94,6251.25,549.31,0
C-43-40691-21,2026-08-04,9.0,46.25,6724.88,7758.37,1033.49,0
C-43-41375-21,2026-08-04,16.5,46.25,13322.13,12859.13,-462.99,0
C-43-43270-21,2026-08-04,5.5,46.25,4935.22,5079.37,144.14,0
C-4120793656,2026-08-04,3.5,46.25,3565.87,3708.27,142.4,0
C-43-42202-21,2026-08-04,5.0,46.25,4424.72,4688.71,263.99,0
C-43-39790-21,2026-08-04,7.5,46.25,5958.16,6640.46,682.31,0
C-43-42883-21,2026-08-04,6.0,46.25,4935.22,5470.08,534.85,0
C-43-43173-21,2026-08-04,5.0,46.25,4424.72,4688.71,263.99,0
C-43-41539-21,2026-08-04,6.0,46.25,5190.48,5470.08,279.6,0
C-43-39789-21,2026-08-04,9.5,46.25,6981.09,8075.32,1094.23,0
C-4118010433,2026-08-04,5.0,46.25,4424.72,4688.71,263.99,0
C-43-40581-21,2026-08-04,22.5,46.25,18021.29,17186.66,-834.63,0
C-43-41494-21,2026-08-04,13.0,46.25,10506.66,10561.73,55.07,0
C-43-41809-21,2026-08-04,5.5,46.25,4935.22,5079.37,144.14,0
C-43-43086-21,2026-08-04,17.0,46.25,13673.34,13186.94,-486.4,0
C-43-42472-21,2026-08-04,8.5,46.25,6469.62,7421.78,952.15,0
C-43-43217-21,2026-08-04,3.5,46.25,3565.87,3708.27,142.4,0
C-43-41549-21,2026-08-04,3.0,46.25,3279.91,3382.71,102.8,0
C-43-43063-21,2026-08-04,6.5,46.25,5446.69,5859.4,412.71,0
C-43-39635-21,2026-08-04,2.0,46.25,2733.9,2693.38,-40.52,0
C-43-43064-21,2026-08-04,7.5,46.25,5958.16,6640.46,682.31,0
C-43-42278-21,2026-08-04,5.5,46.25,4935.22,5079.37,144.14,0
C-43-43103-21,2026-08-04,5.0,46.25,4424.72,4688.71,263.99,0
C-43-42987-21,2026-08-04,8.0,46.25,6213.41,7030.26,816.85,0
C-43-42826-21,2026-08-04,2.5,46.25,3172.44,3042.84,-129.6,0
C-43-43133-21,2026-08-04,3.5,46.25,3565.87,3708.27,142.4,0
C-4117769970,2026-08-04,2.0,46.25,2840.42,2693.38,-147.04,0
C-43-43169-21,2026-08-04,3.5,46.25,3565.87,3708.27,142.4,0
C-4122176305,2026-08-04,9.0,46.25,6724.88,7758.37,1033.49,0
C-43-41805-21,2026-08-04,10.0,46.25,7236.34,8383.83,1147.49,0
C-43-43295-21,2026-08-04,5.5,46.25,4935.22,5079.37,144.14,0
C-43-43279-21,2026-08-04,18.0,46.25,14377.69,13844.5,-533.19,0
C-53-7871547-22,2026-08-04,4.0,46.25,3565.87,4035.18,469.31,0
C-43-42413-21,2026-08-04,10.5,46.25,9099.89,8824.0,-275.89,0
C-43-42781-21,2026-08-04,1.5,46.25,2510.31,2344.26,-166.05,0
C-4108532639,2026-08-03,19.0,46.25,14642.54,14504.55,-137.99,0
C-43-39367-21,2026-08-03,2.0,46.25,2510.31,2693.38,183.06,0
C-4115897736,2026-08-03,13.0,46.25,10863.63,10561.73,-301.9,0
C-43-41821-21,2026-08-03,3.0,46.25,3280.87,3382.71,101.84,0
C-43-43378-21,2026-08-03,7.0,46.25,5448.61,6251.25,802.64,0
C-43-40747-21,2026-08-03,3.5,46.25,3566.83,3708.27,141.44,0
C-43-43432-21,2026-08-03,1.0,46.25,2179.25,1994.67,-184.58,0
C-43-43371-21,2026-08-03,6.0,46.25,5193.36,5470.08,276.72,0
C-43-43146-21,2026-08-03,7.0,46.25,5704.82,6251.25,546.43,0
C-53-7871596-22,2026-08-03,9.0,46.25,6727.76,7758.37,1030.61,0
C-43-43501-21,2026-08-03,2.0,46.25,2842.34,2693.38,-148.96,0
C-4118157676,2026-08-03,6.5,46.25,5448.61,5859.4,410.8,0
C-53-7871571-22,2026-08-03,4.0,46.25,3853.75,4035.18,181.43,0
C-43-43284-21,2026-08-03,3.0,46.25,3173.4,3382.71,209.31,0
C-43-43100-21,2026-08-03,6.0,46.25,5193.36,5470.08,276.72,0
C-43-43360-21,2026-08-03,1.5,46.25,2510.31,2344.26,-166.05,0
C-43-42869-21,2026-08-03,7.0,46.25,5704.82,6251.25,546.43,0
C-43-43323-21,2026-08-03,6.5,46.25,5448.61,5859.4,410.8,0
C-43-43739-21,2026-08-03,1.5,46.25,2510.31,2344.26,-166.05,0
C-43-43254-21,2026-08-03,8.5,46.25,6472.5,7421.78,949.28,0
C-43-43386-21,2026-08-03,3.5,46.25,3566.83,3708.27,141.44,0
C-43-43037-21,2026-08-03,2.5,46.25,3173.4,3042.84,-130.55,0
C-4118785755,2026-08-03,4.0,46.25,3853.75,4035.18,181.43,0
C-43-41555-21,2026-08-03,5.5,46.25,4937.14,5079.37,142.22,0
C-43-41495-21,2026-08-03,6.0,46.25,5193.36,5470.08,276.72,0
C-43-43364-21,2026-08-03,4.5,46.25,3853.75,4363.7,509.94,0
C-43-41246-21,2026-08-03,6.5,46.25,5448.61,5859.4,410.8,0
C-43-42794-21,2026-08-03,1.0,46.25,2179.25,1994.67,-184.58,0
C-43-40466-21,2026-08-03,2.0,46.25,2735.82,2693.38,-42.44,0
C-43-43395-21,2026-08-03,26.5,46.25,24985.11,20242.06,-4743.04,0
C-4119415139,2026-08-03,8.0,46.25,6216.29,7030.26,813.97,0
C-53-7871666-22,2026-08-03,14.0,46.25,11567.98,11217.12,-350.86,0
C-43-41581-21,2026-08-03,7.0,46.25,5704.82,6251.25,546.43,0
C-53-7871753-22,2026-08-03,3.5,46.25,3566.83,3708.27,141.44,0
C-43-43557-21,2026-08-03,5.5,46.25,4937.14,5079.37,142.22,0
C-43-43384-21,2026-08-03,6.0,46.25,4937.14,5470.08,532.93,0
C-4115966411,2026-08-03,3.5,46.25,3566.83,3708.27,141.44,0
C-43-43220-21,2026-08-03,9.0,46.25,6727.76,7758.37,1030.61,0
C-43-42553-21,2026-08-03,4.5,46.25,4139.71,4363.7,223.98,0
C-43-43151-21,2026-08-03,5.0,46.25,4426.63,4688.71,262.07,0
C-43-43308-21,2026-08-03,2.5,46.25,3173.4,3042.84,-130.55,0
C-43-43383-21,2026-08-03,4.5,46.25,4139.71,4363.7,223.98,0
C-53-7871774-22,2026-08-03,1.5,46.25,2510.31,2344.26,-166.05,0
C-43-42090-21,2026-08-03,4.5,46.25,4139.71,4363.7,223.98,0
C-43-43111-21,2026-08-03,4.0,46.25,3853.75,4035.18,181.43,0
C-43-42119-21,2026-08-03,14.5,46.25,11919.19,11543.7,-375.49,0
C-43-43275-21,2026-08-03,4.0,46.25,3853.75,4035.18,181.43,0
C-43-42341-21,2026-08-03,5.5,46.25,4937.14,5079.37,142.22,0
C-43-40767-21,2026-08-03,8.0,46.25,6216.29,7030.26,813.97,0
C-43-41477-21,2026-08-03,1.5,46.25,2510.31,2344.26,-166.05,0
C-43-41265-21,2026-08-03,2.5,46.25,3055.37,3042.84,-12.52,0
C-53-7871600-22,2026-08-03,1.5,46.25,2415.31,2344.26,-71.05,0
C-43-43354-21,2026-08-03,4.5,46.25,4139.71,4363.7,223.98,0
C-43-42950-21,2026-08-03,5.5,46.25,4937.14,5079.37,142.22,0
C-43-43018-21,2026-08-03,6.0,46.25,5193.36,5470.08,276.72,0
C-53-7871380-22,2026-08-03,6.5,46.25,5448.61,5859.4,410.8,0
C-43-43180-21,2026-08-03,10.0,46.25,7239.22,8383.83,1144.61,0
C-43-43670-21,2026-08-03,7.5,46.25,5704.82,6640.46,935.64,0
C-43-43631-21,2026-08-03,4.0,46.25,3853.75,4035.18,181.43,0
C-43-42836-21,2026-08-03,5.5,46.25,4937.14,5079.37,142.22,0
C-43-43200-21,2026-08-03,5.0,46.25,4426.63,4688.71,262.07,0
C-43-40680-21,2026-08-03,6.5,46.25,5448.61,5859.4,410.8,0
C-53-7871764-22,2026-08-03,8.0,46.25,6216.29,7030.26,813.97,0
C-53-7871628-22,2026-08-03,22.0,46.25,17642.25,16804.73,-837.51,0
C-43-42627-21,2026-08-03,3.5,46.25,3566.83,3708.27,141.44,0
C-43-43208-21,2026-08-03,2.0,46.25,2510.31,2693.38,183.06,0
C-43-39284-21,2026-08-03,4.0,46.25,3853.75,4035.18,181.43,0
C-43-43489-21,2026-08-03,16.5,46.25,13326.92,12859.13,-467.79,0
C-4118640161,2026-08-03,4.0,46.25,3853.75,4035.18,181.43,0
C-43-43303-21,2026-08-03,4.0,46.25,3853.75,4035.18,181.43,0
C-43-43150-21,2026-08-03,7.5,46.25,5704.82,6640.46,935.64,0
C-43-44109-21,2026-08-03,8.5,46.25,6472.5,7421.78,949.28,0
C-43-44102-21,2026-08-03,8.5,46.25,6472.5,7421.78,949.28,0
C-43-44102-21,2026-08-03,8.5,46.25,6468.66,7421.78,953.11,0
C-43-44103-21,2026-08-03,8.5,46.25,6213.41,7421.78,1208.37,0
C-43-42781-21,2026-08-03,1.5,46.25,2509.35,2344.26,-165.1,0
C-43-43067-21,2026-08-01,7.0,44.75,5642.45,6187.14,544.69,0
C-53-7871796-22,2026-08-01,2.0,44.75,2810.67,2665.75,-144.91,0
C-43-40701-21,2026-08-01,4.5,44.75,4095.57,4318.94,223.37,0
C-43-43445-21,2026-08-01,2.5,44.75,3021.78,3011.63,-10.15,0
C-43-43082-21,2026-08-01,6.5,44.75,5390.07,5799.31,409.23,0
C-43-43051-21,2026-08-01,3.0,44.75,3245.37,3348.02,102.65,0
C-4121472078,2026-08-01,1.5,44.75,2483.44,2320.22,-163.23,0
C-43-43534-21,2026-08-01,11.5,44.75,9701.56,9430.02,-271.53,0
C-43-42665-21,2026-08-01,10.5,44.75,7161.49,8733.5,1572.0,0
C-4118685299,2026-08-01,4.5,44.75,4095.57,4318.94,223.37,0
C-53-7871772-22,2026-08-01,3.0,44.75,3245.37,3348.02,102.65,0
C-43-42008-21,2026-08-01,4.5,44.75,3811.53,4318.94,507.41,0
C-43-42052-21,2026-08-01,4.5,44.75,4095.57,4318.94,223.37,0
C-43-43348-21,2026-08-01,2.5,44.75,3138.85,3011.63,-127.22,0
C-43-41576-21,2026-08-01,15.5,44.75,12486.32,12077.96,-408.35,0
C-53-7871718-22,2026-08-01,2.5,44.75,3138.85,3011.63,-127.22,0
C-43-42337-21,2026-08-01,5.0,44.75,4378.65,4640.62,261.96,0
C-43-42124-21,2026-08-01,4.5,44.75,4095.57,4318.94,223.37,0
C-43-43245-21,2026-08-01,5.0,44.75,4378.65,4640.62,261.96,0
C-43-43034-21,2026-08-01,6.0,44.75,4883.4,5413.97,530.57,0
C-4122322915,2026-08-01,7.5,44.75,5895.78,6572.35,676.57,0
C-43-43511-21,2026-08-01,9.5,44.75,6908.16,7992.5,1084.34,0
C-43-43523-21,2026-08-01,3.5,44.75,3528.45,3670.24,141.79,0
C-43-43027-21,2026-08-01,4.5,44.75,4095.57,4318.94,223.37,0
C-53-7871543-22,2026-08-01,10.0,44.75,6908.16,8297.84,1389.68,0
C-43-41638-21,2026-08-01,12.5,44.75,10397.27,10126.99,-270.27,0
C-53-7871544-22,2026-08-01,6.0,44.75,5136.74,5413.97,277.23,0
C-53-7871783-22,2026-08-01,3.0,44.75,3245.37,3348.02,102.65,0
C-43-41989-21,2026-08-01,6.5,44.75,5390.07,5799.31,409.23,0
C-43-40002-21,2026-08-01,7.5,44.75,5642.45,6572.35,929.91,0
C-43-39430-21,2026-08-01,7.0,44.75,5642.45,6187.14,544.69,0
C-43-43420-21,2026-08-01,3.5,44.75,3528.45,3670.24,141.79,0
C-53-7871500-22,2026-08-01,2.0,44.75,2810.67,2665.75,-144.91,0
C-43-40941-21,2026-08-01,5.0,44.75,4378.65,4640.62,261.96,0
C-43-43510-21,2026-08-01,1.5,44.75,2389.4,2320.22,-69.19,0
C-43-43167-21,2026-08-01,4.5,44.75,4095.57,4318.94,223.37,0
C-43-42141-21,2026-08-01,6.5,44.75,5390.07,5799.31,409.23,0
C-43-43475-21,2026-08-01,6.5,44.75,5390.07,5799.31,409.23,0
C-43-43266-21,2026-08-01,2.0,44.75,2810.67,2665.75,-144.91,0
C-43-43422-21,2026-08-01,3.5,44.75,3528.45,3670.24,141.79,0
C-43-42828-21,2026-08-01,4.5,44.75,4095.57,4318.94,223.37,0
C-43-40766-21,2026-08-01,7.0,44.75,5642.45,6187.14,544.69,0
C-43-42715-21,2026-08-01,9.0,44.75,6654.83,7678.79,1023.97,0
C-4119847840,2026-08-01,11.0,44.75,9421.35,9081.02,-340.33,0
C-4119636520,2026-08-01,6.0,44.75,5136.74,5413.97,277.23,0
C-4117268201,2026-08-01,4.0,44.75,3811.53,3993.8,182.27,0
C-43-41288-21,2026-08-01,12.0,44.75,10048.93,9778.07,-270.86,0
C-43-42407-21,2026-08-01,5.0,44.75,4378.65,4640.62,261.96,0
C-43-43288-21,2026-08-01,4.5,44.75,3811.53,4318.94,507.41,0
C-53-7871729-22,2026-08-01,5.0,44.75,4095.57,4640.62,545.05,0
C-43-43075-21,2026-08-01,3.0,44.75,3245.37,3348.02,102.65,0
C-43-39707-21,2026-08-01,12.0,44.75,10048.93,9778.07,-270.86,0
C-43-42642-21,2026-08-01,10.0,44.75,7161.49,8297.84,1136.35,0
C-43-43474-21,2026-08-01,5.5,44.75,4883.4,5027.27,143.87,0
C-43-40263-21,2026-08-01,8.0,44.75,6149.12,6958.15,809.03,0
C-53-7871761-22,2026-08-01,3.0,44.75,3245.37,3348.02,102.65,0
C-53-7871616-22,2026-08-01,8.0,44.75,5895.78,6958.15,1062.37,0
C-43-43431-21,2026-08-01,4.0,44.75,3811.53,3993.8,182.27,0
C-43-43188-21,2026-08-01,5.0,44.75,4378.65,4640.62,261.96,0
C-43-43491-21,2026-08-01,2.5,44.75,3138.85,3011.63,-127.22,0
C-43-41677-21,2026-08-01,12.5,44.75,10048.93,10126.99,78.06,0
C-43-43184-21,2026-08-01,4.0,44.75,3811.53,3993.8,182.27,0
C-43-41883-21,2026-08-01,6.0,44.75,5136.74,5413.97,277.23,0
C-43-41672-21,2026-08-01,6.5,44.75,5136.74,5799.31,662.57,0
C-43-43457-21,2026-08-01,5.0,44.75,4378.65,4640.62,261.96,0
C-43-42781-21,2026-07-31,1.5,44.75,2483.44,2320.22,-163.23,0
C-43-42781-21,2026-07-31,1.5,44.75,2483.44,2320.22,-163.23,0
C-43-42781-21,2026-07-31,1.5,44.75,2483.44,2320.22,-163.23,0
C-43-42781-21,2026-07-31,1.5,44.75,2483.44,2320.22,-163.23,0
C-43-42875-21,2026-07-31,9.0,44.75,6654.83,7678.79,1023.97,0
C-43-43639-21,2026-07-31,9.5,44.75,6908.16,7992.5,1084.34,0
C-43-43376-21,2026-07-31,4.0,44.75,3811.53,3993.8,182.27,0
C-43-42345-21,2026-07-31,10.5,44.75,9004.89,8733.5,-271.39,0
C-43-42966-21,2026-07-31,10.5,44.75,9004.89,8733.5,-271.39,0
C-43-42583-21,2026-07-31,4.5,44.75,4095.57,4318.94,223.37,0
C-43-42851-21,2026-07-31,13.0,44.75,10745.6,10453.4,-292.2,0
C-43-41533-21,2026-07-31,11.0,44.75,9353.22,9081.02,-272.2,0
C-43-42105-21,2026-07-31,4.5,44.75,4095.57,4318.94,223.37,0
C-43-43229-21,2026-07-31,2.5,44.75,3021.78,3011.63,-10.15,0
C-43-43233-21,2026-07-31,2.5,44.75,3138.85,3011.63,-127.22,0
C-43-42888-21,2026-07-31,7.0,44.75,5642.45,6187.14,544.69,0
C-4117617622,2026-07-31,5.5,44.75,4883.4,5027.27,143.87,0
C-43-41518-21,2026-07-31,4.0,44.75,3811.53,3993.8,182.27,0
C-4117930339,2026-07-31,8.5,44.75,6402.45,7345.66,943.21,0
C-43-42776-21,2026-07-31,5.0,44.75,4095.57,4640.62,545.05,0
C-43-42286-21,2026-07-31,9.0,44.75,6654.83,7678.79,1023.97,0
C-43-42603-21,2026-07-31,5.0,44.75,4095.57,4640.62,545.05,0
C-4117695946,2026-07-31,4.5,44.75,4095.57,4318.94,223.37,0
C-43-41055-21,2026-07-31,6.5,44.75,5390.07,5799.31,409.23,0
C-43-43389-21,2026-07-31,4.0,44.75,3811.53,3993.8,182.27,0
C-43-41051-21,2026-07-31,5.0,44.75,4378.65,4640.62,261.96,0
C-43-39429-21,2026-07-31,17.0,44.75,14227.99,13051.69,-1176.3,0
C-43-43089-21,2026-07-31,8.5,44.75,3528.45,7345.66,3817.21,0
C-43-42373-21,2026-07-31,10.5,44.75,7161.49,8733.5,1572.0,0
C-43-43218-21,2026-07-31,4.5,44.75,4095.57,4318.94,223.37,0
C-43-43227-21,2026-07-31,10.0,44.75,7161.49,8297.84,1136.35,0
C-4108153693,2026-07-31,5.0,44.75,4378.65,4640.62,261.96,0
C-43-43290-21,2026-07-31,4.0,44.75,3811.53,3993.8,182.27,0
C-43-41369-21,2026-07-31,5.0,44.75,4378.65,4640.62,261.96,0
C-43-43532-21,2026-07-31,8.0,44.75,6149.12,6958.15,809.03,0
C-43-41972-21,2026-07-31,3.5,44.75,3528.45,3670.24,141.79,0
C-43-43192-21,2026-07-31,1.5,44.75,2483.44,2320.22,-163.23,0
C-53-7871737-22,2026-07-31,2.5,44.75,3138.85,3011.63,-127.22,0
C-43-43098-21,2026-07-31,5.5,44.75,4883.4,5027.27,143.87,0
C-43-42591-21,2026-07-31,6.0,44.75,4883.4,5413.97,530.57,0
C-43-43488-21,2026-07-31,19.5,44.75,15272.03,14682.31,-589.72,0
C-4104810284,2026-07-31,8.5,44.75,6402.45,7345.66,943.21,0
C-43-43104-21,2026-07-31,9.0,44.75,6654.83,7678.79,1023.97,0
C-43-42264-21,2026-07-31,7.5,44.75,5895.78,6572.35,676.57,0
C-43-39837-21,2026-07-31,8.5,44.75,6402.45,7345.66,943.21,0
C-43-42967-21,2026-07-31,5.5,44.75,4378.65,5027.27,648.61,0
C-43-41798-21,2026-07-31,3.5,44.75,3528.45,3670.24,141.79,0
C-43-41259-21,2026-07-31,12.5,44.75,10397.27,10126.99,-270.27,0
C-43-41556-21,2026-07-31,10.5,44.75,9004.89,8733.5,-271.39,0
C-43-42494-21,2026-07-31,20.0,44.75,15620.37,15002.96,-617.4,0
C-43-43186-21,2026-07-31,7.5,44.75,5895.78,6572.35,676.57,0
C-43-43078-21,2026-07-31,11.0,44.75,9353.22,9081.02,-272.2,0
C-43-42865-21,2026-07-31,13.0,44.75,10397.27,10453.4,56.14,0
C-43-41496-21,2026-07-31,22.5,44.75,17833.21,17010.38,-822.82,0
C-43-41268-21,2026-07-31,6.0,44.75,5136.74,5413.97,277.23,0
C-43-43139-21,2026-07-31,1.5,44.75,2483.44,2320.22,-163.23,0
C-43-42043-21,2026-07-31,34.0,44.75,30453.87,25704.58,-4749.28,0
C-43-43419-21,2026-07-31,4.0,44.75,3811.53,3993.8,182.27,0
C-43-39664-21,2026-07-31,12.0,44.75,10048.93,9778.07,-270.86,0
C-43-43058-21,2026-07-31,4.5,44.75,4095.57,4318.94,223.37,0
C-43-43131-21,2026-07-31,6.0,44.75,5136.74,5413.97,277.23,0
C-43-39252-21,2026-07-31,9.0,44.75,6654.83,7678.79,1023.97,0
C-53-7871803-22,2026-07-31,3.0,44.75,3245.37,3348.02,102.65,0
C-43-42856-21,2026-07-31,3.0,44.75,3245.37,3348.02,102.65,0
C-43-43319-21,2026-07-31,5.5,44.75,4883.4,5027.27,143.87,0
C-43-43313-21,2026-07-31,6.0,44.75,5136.74,5413.97,277.23,0
C-43-42637-21,2026-07-31,2.0,44.75,2810.67,2665.75,-144.91,0
C-43-40608-21,2026-07-31,2.5,44.75,3138.85,3011.63,-127.22,0
C-43-43517-21,2026-07-31,9.5,44.75,6908.16,7992.5,1084.34,0
C-43-43505-21,2026-07-31,7.0,44.75,5642.45,6187.14,544.69,0
C-43-41438-21,2026-07-31,5.5,44.75,4883.4,5027.27,143.87,0
C-43-41279-21,2026-07-31,5.0,44.75,4378.65,4640.62,261.96,0
C-53-7871689-22,2026-07-31,5.0,44.75,4378.65,4640.62,261.96,0
C-53-7871748-22,2026-07-31,4.0,44.75,3528.45,3993.8,465.35,0
C-53-7871720-22,2026-07-31,10.0,44.75,7161.49,8297.84,1136.35,0
C-43-42092-21,2026-07-31,9.0,44.75,6402.45,7678.79,1276.34,0
C-43-40912-21,2026-07-31,3.5,44.75,3528.45,3670.24,141.79,0
C-43-43628-21,2026-07-31,4.0,44.75,3811.53,3993.8,182.27,0
C-43-42778-21,2026-07-31,2.5,44.75,3138.85,3011.63,-127.22,0
C-43-43017-21,2026-07-31,4.0,44.75,3811.53,3993.8,182.27,0
C-43-42583-21,2026-07-31,4.5,44.75,3800.02,4318.94,518.93,0
C-43-42781-21,2026-07-30,1.5,44.75,2802.03,2320.22,-481.82,0
C-43-42781-21,2026-07-30,1.5,44.75,2802.03,2320.22,-481.82,0
C-43-42781-21,2026-07-30,1.5,44.75,2802.03,2320.22,-481.82,0
C-43-43102-21,2026-07-30,6.5,44.75,5372.8,5799.31,426.51,0
C-53-7871501-22,2026-07-30,1.5,44.75,2475.77,2320.22,-155.55,0
C-43-40706-21,2026-07-30,2.0,44.75,2802.03,2665.75,-136.28,0
C-43-42326-21,2026-07-30,10.0,44.75,6887.05,8297.84,1410.79,0
C-43-41079-21,2026-07-30,5.0,44.75,4365.22,4640.62,275.4,0
C-43-39730-21,2026-07-30,5.0,44.75,4365.22,4640.62,275.4,0
C-43-42618-21,2026-07-30,7.5,44.75,5877.55,6572.35,694.8,0
C-53-7871594-22,2026-07-30,2.5,44.75,3129.26,3011.63,-117.62,0
C-43-41847-21,2026-07-30,6.0,44.75,5120.43,5413.97,293.55,0
C-43-43061-21,2026-07-30,1.5,44.75,2475.77,2320.22,-155.55,0
C-43-43112-21,2026-07-30,5.5,44.75,4868.05,5027.27,159.22,0
C-43-43324-21,2026-07-30,4.5,44.75,4082.14,4318.94,236.8,0
C-43-41939-21,2026-07-30,7.0,44.75,5625.18,6187.14,561.96,0
C-53-7871326-22,2026-07-30,6.5,44.75,5120.43,5799.31,678.88,0
C-43-41962-21,2026-07-30,5.0,44.75,4365.22,4640.62,275.4,0
C-43-42670-21,2026-07-30,9.0,44.75,6634.67,7678.79,1044.12,0
C-43-40088-21,2026-07-30,6.0,44.75,5120.43,5413.97,293.55,0
C-43-42989-21,2026-07-30,5.0,44.75,4365.22,4640.62,275.4,0
C-43-40463-21,2026-07-30,6.5,44.75,5372.8,5799.31,426.51,0
C-43-43263-21,2026-07-30,8.5,44.75,6382.3,7345.66,963.36,0
C-43-42908-21,2026-07-30,6.0,44.75,5120.43,5413.97,293.55,0
C-43-43311-21,2026-07-30,9.0,44.75,6634.67,7678.79,1044.12,0
C-4119821365,2026-07-30,7.5,44.75,5877.55,6572.35,694.8,0
C-43-43181-21,2026-07-30,4.0,44.75,3800.02,3993.8,193.78,0
C-53-7871807-22,2026-07-30,5.5,44.75,4868.05,5027.27,159.22,0
C-43-43155-21,2026-07-30,6.5,44.75,5372.8,5799.31,426.51,0
C-4117403062,2026-07-30,6.0,44.75,5120.43,5413.97,293.55,0
C-43-39579-21,2026-07-30,5.5,44.75,4868.05,5027.27,159.22,0
C-4099921993,2026-07-30,3.5,44.75,3517.89,3670.24,152.35,0
C-43-42824-21,2026-07-30,9.5,44.75,6887.05,7992.5,1105.45,0
C-43-41663-21,2026-07-30,9.0,44.75,6634.67,7678.79,1044.12,0
C-4108173057,2026-07-30,4.5,44.75,4082.14,4318.94,236.8,0
C-43-42915-21,2026-07-30,2.5,44.75,3129.26,3011.63,-117.62,0
C-43-43483-21,2026-07-30,4.5,44.75,4082.14,4318.94,236.8,0
C-43-43040-21,2026-07-30,26.5,44.75,24637.73,20034.45,-4603.28,0
C-43-41470-21,2026-07-30,11.5,44.75,9670.85,9430.02,-240.82,0
C-43-42800-21,2026-07-30,4.5,44.75,4082.14,4318.94,236.8,0
C-43-42109-21,2026-07-30,16.0,44.75,12794.35,12404.58,-389.77,0
C-43-38825-21,2026-07-30,14.0,44.75,11406.77,11102.07,-304.7,0
C-43-43118-21,2026-07-30,5.0,44.75,4365.22,4640.62,275.4,0
C-43-42258-21,2026-07-30,6.5,44.75,5372.8,5799.31,426.51,0
C-43-43060-21,2026-07-30,4.0,44.75,3800.02,3993.8,193.78,0
C-43-43071-21,2026-07-30,7.5,44.75,5625.18,6572.35,947.18,0
C-43-38357-21,2026-07-30,4.0,44.75,3517.89,3993.8,475.9,0
C-43-42027-21,2026-07-30,5.0,44.75,4082.14,4640.62,558.48,0
C-43-42376-21,2026-07-30,7.5,44.75,5625.18,6572.35,947.18,0
C-43-43322-21,2026-07-30,17.0,44.75,13489.1,13051.69,-437.41,0
C-43-40842-21,2026-07-30,3.5,44.75,3517.89,3670.24,152.35,0
C-43-42179-21,2026-07-30,6.5,44.75,5372.8,5799.31,426.51,0
C-43-42857-21,2026-07-30,5.0,44.75,4082.14,4640.62,558.48,0
C-43-43092-21,2026-07-30,4.5,44.75,4082.14,4318.94,236.8,0
C-43-41312-21,2026-07-30,7.5,44.75,5877.55,6572.35,694.8,0
C-43-43464-21,2026-07-30,3.0,44.75,3235.77,3348.02,112.25,0
C-43-41386-21,2026-07-30,3.5,44.75,3517.89,3670.24,152.35,0
C-4095154950,2026-07-30,5.5,44.75,4868.05,5027.27,159.22,0
C-43-43377-21,2026-07-30,5.5,44.75,4868.05,5027.27,159.22,0
C-43-42644-21,2026-07-30,5.0,44.75,4365.22,4640.62,275.4,0
C-43-41222-21,2026-07-30,4.0,44.75,3800.02,3993.8,193.78,0
C-43-43451-21,2026-07-30,2.5,44.75,3129.26,3011.63,-117.62,0
C-43-43444-21,2026-07-30,3.5,44.75,3517.89,3670.24,152.35,0
C-43-42057-21,2026-07-30,10.0,44.75,7139.42,8297.84,1158.42,0
C-43-39771-21,2026-07-30,5.0,44.75,4365.22,4640.62,275.4,0
C-43-43053-21,2026-07-30,6.0,44.75,5120.43,5413.97,293.55,0
C-43-43209-21,2026-07-30,5.5,44.75,4868.05,5027.27,159.22,0
C-43-43145-21,2026-07-30,6.5,44.75,5372.8,5799.31,426.51,0
C-43-42507-21,2026-07-30,6.0,44.75,5120.43,5413.97,293.55,0
C-43-43160-21,2026-07-30,8.5,44.75,6382.3,7345.66,963.36,0
C-43-41252-21,2026-07-30,11.5,44.75,9670.85,9430.02,-240.82,0
C-43-43370-21,2026-07-30,3.0,44.75,3235.77,3348.02,112.25,0
C-43-42897-21,2026-07-30,6.5,44.75,5372.8,5799.31,426.51,0
C-43-41754-21,2026-07-30,1.5,44.75,2475.77,2320.22,-155.55,0
C-43-41586-21,2026-07-30,8.0,44.75,6129.92,6958.15,828.23,0
C-43-42934-21,2026-07-30,4.5,44.75,4082.14,4318.94,236.8,0
C-43-41748-21,2026-07-30,7.5,44.75,5877.55,6572.35,694.8,0
C-43-39771-21,2026-07-30,5.0,44.75,4367.14,4640.62,273.48,0
C-43-43209-21,2026-07-30,5.5,44.75,4869.97,5027.27,157.3,0
C-43-41586-21,2026-07-30,8.0,44.75,6131.84,6958.15,826.31,0
C-43-42781-21,2026-07-30,1.5,44.75,2802.99,2320.22,-482.78,0
C-43-41312-21,2026-07-30,7.5,44.75,5879.47,6572.35,692.89,0
C-43-42800-21,2026-07-30,4.5,44.75,4084.06,4318.94,234.88,0
C-43-42781-21,2026-07-30,1.5,44.75,2802.99,2320.22,-482.78,0
C-43-41886-21,2026-07-29,25.5,44.75,23884.44,19278.44,-4606.01,0
C-43-41558-21,2026-07-29,4.5,44.75,4084.06,4318.94,234.88,0
C-53-7871643-22,2026-07-29,2.0,44.75,2698.4,2665.75,-32.64,0
C-43-43168-21,2026-07-29,7.0,44.75,5627.09,6187.14,560.04,0
C-53-7871805-22,2026-07-29,5.5,44.75,4869.97,5027.27,157.3,0
C-43-43166-21,2026-07-29,7.0,44.75,5627.09,6187.14,560.04,0
C-43-40704-21,2026-07-29,6.0,44.75,5123.3,5413.97,290.67,0
C-43-43136-21,2026-07-29,7.0,44.75,5627.09,6187.14,560.04,0
C-43-41981-21,2026-07-29,11.0,44.75,9327.31,9081.02,-246.29,0
C-43-42657-21,2026-07-29,18.0,44.75,14188.65,13702.51,-486.14,0
C-53-7871623-22,2026-07-29,3.5,44.75,3518.85,3670.24,151.39,0
C-43-41563-21,2026-07-29,10.0,44.75,7142.3,8297.84,1155.54,0
C-43-41352-21,2026-07-29,4.0,44.75,3801.94,3993.8,191.86,0
C-43-43147-21,2026-07-29,6.5,44.75,5374.72,5799.31,424.59,0
C-4108316369,2026-07-29,7.5,44.75,5879.47,6572.35,692.89,0
C-43-43197-21,2026-07-29,6.5,44.75,5374.72,5799.31,424.59,0
C-43-41463-21,2026-07-29,4.5,44.75,3801.94,4318.94,517.01,0
C-43-43332-21,2026-07-29,26.5,44.75,24648.29,20034.45,-4613.83,0
C-43-43306-21,2026-07-29,6.0,44.75,5123.3,5413.97,290.67,0
C-43-43057-21,2026-07-29,6.0,44.75,5123.3,5413.97,290.67,0
C-43-40944-21,2026-07-29,24.0,44.75,18548.11,18144.41,-403.7,0
C-43-41618-21,2026-07-29,20.5,44.75,15925.52,15762.77,-162.75,0
C-43-43235-21,2026-07-29,5.5,44.75,4869.97,5027.27,157.3,0
C-43-42898-21,2026-07-29,20.0,44.75,15578.15,15002.96,-575.18,0
C-53-7871719-22,2026-07-29,5.5,44.75,4869.97,5027.27,157.3,0
C-43-40872-21,2026-07-29,4.5,44.75,4084.06,4318.94,234.88,0
C-43-40394-21,2026-07-29,5.5,44.75,4367.14,5027.27,660.13,0
C-43-40310-21,2026-07-29,17.0,44.75,13494.85,13051.69,-443.17,0
C-43-43214-21,2026-07-29,9.5,44.75,6889.93,7992.5,1102.57,0
C-53-7871609-22,2026-07-29,7.5,44.75,5879.47,6572.35,692.89,0
C-43-42634-21,2026-07-29,7.0,44.75,5627.09,6187.14,560.04,0
C-43-41819-21,2026-07-29,23.5,44.75,18548.11,17766.4,-781.71,0
C-43-41946-21,2026-07-29,6.5,44.75,5374.72,5799.31,424.59,0
C-43-43094-21,2026-07-29,10.0,44.75,7142.3,8297.84,1155.54,0
C-43-41425-21,2026-07-29,6.0,44.75,5123.3,5413.97,290.67,0
C-43-42882-21,2026-07-29,4.5,44.75,4084.06,4318.94,234.88,0
C-43-42597-21,2026-07-29,9.5,44.75,6889.93,7992.5,1102.57,0
C-43-41909-21,2026-07-29,2.0,44.75,2476.73,2665.75,189.03,0
C-43-43107-21,2026-07-29,8.5,44.75,6385.18,7345.66,960.48,0
C-43-42044-21,2026-07-29,14.5,44.75,11757.98,11425.3,-332.68,0
C-43-42290-21,2026-07-29,5.5,44.75,4869.97,5027.27,157.3,0
C-43-40647-21,2026-07-29,13.5,44.75,11064.19,10776.39,-287.79,0
C-43-42843-21,2026-07-29,4.0,44.75,3801.94,3993.8,191.86,0
C-53-7871676-22,2026-07-29,6.5,44.75,5374.72,5799.31,424.59,0
C-43-43019-21,2026-07-29,5.0,44.75,4367.14,4640.62,273.48,0
C-43-42545-21,2026-07-29,1.0,44.75,2149.5,1974.22,-175.29,0
C-43-41766-21,2026-07-29,6.0,44.75,4869.97,5413.97,544.0,0
C-43-38585-21,2026-07-29,10.0,44.75,7142.3,8297.84,1155.54,0
C-43-42756-21,2026-07-29,5.5,44.75,4869.97,5027.27,157.3,0
C-43-43328-21,2026-07-29,11.0,44.75,9327.31,9081.02,-246.29,0
C-43-39855-21,2026-07-29,4.5,44.75,4084.06,4318.94,234.88,0
C-43-42566-21,2026-07-29,5.0,44.75,4367.14,4640.62,273.48,0
C-43-42697-21,2026-07-29,7.0,44.75,5627.09,6187.14,560.04,0
C-43-41812-21,2026-07-29,4.0,44.75,3801.94,3993.8,191.86,0
C-43-43024-21,2026-07-29,5.0,44.75,4367.14,4640.62,273.48,0
C-43-42769-21,2026-07-29,3.5,44.75,3518.85,3670.24,151.39,0
C-43-42255-21,2026-07-29,3.5,44.75,3518.85,3670.24,151.39,0
C-53-7871581-22,2026-07-29,6.0,44.75,5123.3,5413.97,290.67,0
C-43-42271-21,2026-07-29,1.0,44.75,2149.5,1974.22,-175.29,0
C-43-42990-21,2026-07-29,3.5,44.75,3518.85,3670.24,151.39,0
C-43-40620-21,2026-07-29,7.0,44.75,5374.72,6187.14,812.42,0
C-43-43317-21,2026-07-29,2.0,44.75,2698.4,2665.75,-32.64,0
C-43-40677-21,2026-07-29,8.5,44.75,6385.18,7345.66,960.48,0
C-4110173155,2026-07-29,11.5,44.75,9327.31,9430.02,102.71,0
C-43-39151-21,2026-07-29,7.0,44.75,5374.72,6187.14,812.42,0
C-53-7871528-22,2026-07-29,5.0,44.75,4367.14,4640.62,273.48,0
C-43-42965-21,2026-07-29,6.0,44.75,5123.3,5413.97,290.67,0
C-43-41762-21,2026-07-29,6.5,44.75,5374.72,5799.31,424.59,0
C-43-40147-21,2026-07-29,7.0,44.75,5627.09,6187.14,560.04,0
C-43-40400-21,2026-07-29,8.0,44.75,6131.84,6958.15,826.31,0
C-53-7871485-22,2026-07-28,4.5,44.75,4075.42,4318.94,243.52,0
C-53-7871505-22,2026-07-28,8.5,44.75,6370.78,7345.66,974.87,0
C-53-7871638-22,2026-07-28,3.5,44.75,3511.18,3670.24,159.06,0
C-53-7871730-22,2026-07-28,2.0,44.75,2797.23,2665.75,-131.48,0
C-53-7871777-22,2026-07-28,2.5,44.75,3007.39,3011.63,4.25,0
C-43-43045-21,2026-07-28,6.5,44.75,5363.2,5799.31,436.1,0
C-43-41070-21,2026-07-28,11.0,44.75,9307.16,9081.02,-226.14,0
C-53-7871688-22,2026-07-28,2.0,44.75,2797.23,2665.75,-131.48,0
C-43-41648-21,2026-07-28,5.0,44.75,4357.54,4640.62,283.07,0
C-53-7871679-22,2026-07-28,2.5,44.75,3123.5,3011.63,-111.86,0
C-43-42757-21,2026-07-28,3.5,44.75,3511.18,3670.24,159.06,0
C-43-43171-21,2026-07-28,2.5,44.75,2692.64,3011.63,319.0,0
C-43-40958-21,2026-07-28,2.5,44.75,3123.5,3011.63,-111.86,0
C-43-40624-21,2026-07-28,8.0,44.75,6118.41,6958.15,839.74,0
C-43-41734-21,2026-07-28,8.0,44.75,6118.41,6958.15,839.74,0
C-53-7871626-22,2026-07-28,2.0,44.75,2797.23,2665.75,-131.48,0
C-43-43096-21,2026-07-28,3.0,44.75,3230.01,3348.02,118.0,0
C-43-39181-21,2026-07-28,9.0,44.75,6622.2,7678.79,1056.6,0
C-43-42729-21,2026-07-28,11.0,44.75,9307.16,9081.02,-226.14,0
C-43-41820-21,2026-07-28,7.5,44.75,5866.99,6572.35,705.36,0
C-43-40518-21,2026-07-28,5.0,44.75,4357.54,4640.62,283.07,0
C-43-42608-21,2026-07-28,1.5,44.75,2470.97,2320.22,-150.75,0
C-43-40208-21,2026-07-28,3.5,44.75,3511.18,3670.24,159.06,0
C-43-41625-21,2026-07-28,10.0,44.75,6874.57,8297.84,1423.27,0
C-43-43202-21,2026-07-28,4.0,44.75,3793.3,3993.8,200.5,0
C-53-7871573-22,2026-07-28,9.5,44.75,6874.57,7992.5,1117.92,0
C-43-41937-21,2026-07-28,6.5,44.75,5363.2,5799.31,436.1,0
C-43-42387-21,2026-07-28,5.0,44.75,4357.54,4640.62,283.07,0
C-43-42195-21,2026-07-28,5.5,44.75,4859.41,5027.27,167.86,0
C-43-42719-21,2026-07-28,6.0,44.75,5111.79,5413.97,302.18,0
C-43-43090-21,2026-07-28,4.5,44.75,4075.42,4318.94,243.52,0
C-43-42205-21,2026-07-28,6.0,44.75,5111.79,5413.97,302.18,0
C-53-7871710-22,2026-07-28,8.0,44.75,6118.41,6958.15,839.74,0
C-53-7871497-22,2026-07-28,2.5,44.75,3123.5,3011.63,-111.86,0
C-43-42149-21,2026-07-28,3.5,44.75,3511.18,3670.24,159.06,0
C-43-43000-21,2026-07-28,10.5,44.75,8960.74,8733.5,-227.25,0
C-43-42920-21,2026-07-28,10.0,44.75,7125.99,8297.84,1171.85,0
C-43-42138-21,2026-07-28,2.5,44.75,3123.5,3011.63,-111.86,0
C-43-39331-21,2026-07-28,9.5,44.75,6874.57,7992.5,1117.92,0
C-43-41927-21,2026-07-28,5.5,44.75,4859.41,5027.27,167.86,0
C-4112724172,2026-07-28,6.5,44.75,6530.08,5799.31,-730.77,0
C-43-42733-21,2026-07-28,3.5,44.75,3511.18,3670.24,159.06,0
C-43-41538-21,2026-07-28,2.0,44.75,2692.64,2665.75,-26.88,0
C-43-42930-21,2026-07-28,7.0,44.75,5615.58,6187.14,571.56,0
C-43-40302-21,2026-07-28,5.0,44.75,4357.54,4640.62,283.07,0
C-43-39724-21,2026-07-28,2.5,44.75,3123.5,3011.63,-111.86,0
C-43-42424-21,2026-07-28,8.0,44.75,6118.41,6958.15,839.74,0
C-53-7871538-22,2026-07-28,11.5,44.75,9653.58,9430.02,-223.55,0
C-43-41915-21,2026-07-28,4.0,44.75,3793.3,3993.8,200.5,0
C-43-42504-21,2026-07-28,5.5,44.75,4859.41,5027.27,167.86,0
C-53-7871552-22,2026-07-28,1.5,44.75,2377.89,2320.22,-57.67,0
C-43-41460-21,2026-07-28,2.5,44.75,3123.5,3011.63,-111.86,0
C-53-7871697-22,2026-07-28,3.5,44.75,3230.01,3670.24,440.23,0
C-43-41449-21,2026-07-28,6.0,44.75,5111.79,5413.97,302.18,0
C-53-7871771-22,2026-07-28,7.0,44.75,5615.58,6187.14,571.56,0
C-43-42754-21,2026-07-28,8.0,44.75,5866.99,6958.15,1091.16,0
C-53-7871634-22,2026-07-28,10.0,44.75,7125.99,8297.84,1171.85,0
C-43-42505-21,2026-07-28,11.0,44.75,9307.16,9081.02,-226.14,0
C-43-42710-21,2026-07-28,3.0,44.75,3230.01,3348.02,118.0,0
C-53-7871566-22,2026-07-28,2.5,44.75,3123.5,3011.63,-111.86,0
C-43-42035-21,2026-07-28,16.0,44.75,12772.28,12404.58,-367.7,0
C-43-41476-21,2026-07-28,12.5,44.75,10346.41,10126.99,-219.41,0
C-53-7871684-22,2026-07-28,2.5,44.75,3123.5,3011.63,-111.86,0
C-43-43123-21,2026-07-28,7.0,44.75,5615.58,6187.14,571.56,0
C-43-42867-21,2026-07-28,9.5,44.75,6874.57,7992.5,1117.92,0
C-4115364498,2026-07-28,7.5,44.75,7133.67,6572.35,-561.31,0
C-53-7871502-22,2026-07-28,3.0,44.75,3230.01,3348.02,118.0,0
C-43-43230-21,2026-07-28,4.0,44.75,3793.3,3993.8,200.5,0
C-53-7871714-22,2026-07-28,10.5,44.75,8960.74,8733.5,-227.25,0
C-43-43493-21,2026-07-28,2.0,44.75,2692.64,2665.75,-26.88,0
C-43-43187-21,2026-07-28,5.5,44.75,4859.41,5027.27,167.86,0
C-43-41135-21,2026-07-28,5.0,44.75,4357.54,4640.62,283.07,0
C-53-7871570-22,2026-07-28,6.0,44.75,5111.79,5413.97,302.18,0
C-4113577326,2026-07-28,5.0,44.75,5027.34,4640.62,-386.73,0
C-43-42546-21,2026-07-28,5.5,44.75,4859.41,5027.27,167.86,0
C-43-43177-21,2026-07-28,5.0,44.75,4075.42,4640.62,565.2,0
C-43-42254-21,2026-07-28,5.0,44.75,4357.54,4640.62,283.07,0
C-53-7871694-22,2026-07-28,4.5,44.75,4075.42,4318.94,243.52,0
C-43-40087-21,2026-07-28,8.5,44.75,6370.78,7345.66,974.87,0
C-53-7871606-22,2026-07-28,2.5,44.75,3123.5,3011.63,-111.86,0
C-43-39539-21,2026-07-28,12.0,44.75,9999.99,9778.07,-221.92,0
C-43-40798-21,2026-07-28,11.0,44.75,9307.16,9081.02,-226.14,0
C-43-38926-21,2026-07-28,19.5,44.75,15197.19,14682.31,-514.87,0
C-43-42269-21,2026-07-28,7.0,44.75,5615.58,6187.14,571.56,0
C-43-41264-21,2026-07-28,2.5,44.75,3007.39,3011.63,4.25,0
C-43-43122-21,2026-07-28,1.5,44.75,2470.97,2320.22,-150.75,0
C-43-42352-21,2026-07-28,3.5,44.75,3511.18,3670.24,159.06,0
C-53-7871736-22,2026-07-28,4.0,44.75,3793.3,3993.8,200.5,0
C-43-42963-21,2026-07-28,10.0,44.75,7125.99,8297.84,1171.85,0
C-43-39009-21,2026-07-28,16.0,44.75,12763.64,12404.58,-359.06,0
C-43-42223-21,2026-07-27,5.0,44.75,4354.66,4640.62,285.95,0
C-43-42968-21,2026-07-27,6.5,44.75,5360.33,5799.31,438.98,0
C-43-42765-21,2026-07-27,9.0,44.75,6618.36,7678.79,1060.43,0
C-43-42486-21,2026-07-27,6.0,44.75,4856.54,5413.97,557.44,0
C-43-43095-21,2026-07-27,2.0,44.75,2469.05,2665.75,196.7,0
C-43-40306-21,2026-07-27,8.0,44.75,6114.57,6958.15,843.58,0
C-53-7871536-22,2026-07-27,2.5,44.75,3121.58,3011.63,-109.95,0
C-43-42024-21,2026-07-27,12.0,44.75,9647.82,9778.07,130.26,0
C-53-7871472-22,2026-07-27,3.5,44.75,3509.26,3670.24,160.98,0
C-43-42695-21,2026-07-27,6.5,44.75,5107.95,5799.31,691.36,0
C-43-42230-21,2026-07-27,9.0,44.75,6618.36,7678.79,1060.43,0
C-43-42234-21,2026-07-27,4.0,44.75,3790.42,3993.8,203.38,0
C-43-42193-21,2026-07-27,10.5,44.75,8954.99,8733.5,-221.49,0
C-43-42199-21,2026-07-27,6.0,44.75,5107.95,5413.97,306.02,0
C-43-40068-21,2026-07-27,4.5,44.75,4072.54,4318.94,246.4,0
C-43-43161-21,2026-07-27,3.5,44.75,3509.26,3670.24,160.98,0
C-43-41848-21,2026-07-27,8.5,44.75,6366.95,7345.66,978.71,0
C-43-41520-21,2026-07-27,10.5,44.75,7122.15,8733.5,1611.35,0
C-43-42961-21,2026-07-27,9.5,44.75,6870.74,7992.5,1121.76,0
C-43-43026-21,2026-07-27,7.0,44.75,5611.74,6187.14,575.4,0
C-43-39735-21,2026-07-27,5.5,44.75,4856.54,5027.27,170.73,0
C-53-7871630-22,2026-07-27,5.0,44.75,4354.66,4640.62,285.95,0
C-43-42868-21,2026-07-27,15.5,44.75,12418.18,12077.96,-340.22,0
C-43-41491-21,2026-07-27,3.0,44.75,3227.13,3348.02,120.88,0
C-43-41087-21,2026-07-27,6.0,44.75,5107.95,5413.97,306.02,0
C-53-7871715-22,2026-07-27,3.5,44.75,3509.26,3670.24,160.98,0
C-43-41823-21,2026-07-27,8.5,44.75,6366.95,7345.66,978.71,0
C-43-42514-21,2026-07-27,7.0,44.75,5611.74,6187.14,575.4,0
C-43-40970-21,2026-07-27,12.5,44.75,10339.69,10126.99,-212.7,0
C-43-42019-21,2026-07-27,4.5,44.75,4072.54,4318.94,246.4,0
C-43-43342-21,2026-07-27,1.5,44.75,2469.05,2320.22,-148.84,0
C-43-41567-21,2026-07-27,7.5,44.75,5863.16,6572.35,709.2,0
C-43-42161-21,2026-07-27,16.5,44.75,13110.06,12727.24,-382.81,0
C-43-41615-21,2026-07-27,3.0,44.75,3227.13,3348.02,120.88,0
C-43-42702-21,2026-07-27,4.5,44.75,3790.42,4318.94,528.52,0
C-43-42086-21,2026-07-27,7.0,44.75,5611.74,6187.14,575.4,0
C-43-42864-21,2026-07-27,13.5,44.75,11032.52,10776.39,-256.13,0
C-43-40738-21,2026-07-27,5.0,44.75,4354.66,4640.62,285.95,0
C-43-41157-21,2026-07-27,2.5,44.75,3121.58,3011.63,-109.95,0
C-43-41270-21,2026-07-27,5.5,44.75,4856.54,5027.27,170.73,0
C-43-42716-21,2026-07-27,7.0,44.75,5360.33,6187.14,826.81,0
C-43-41074-21,2026-07-27,7.5,44.75,5863.16,6572.35,709.2,0
C-43-41515-21,2026-07-27,2.0,44.75,2795.31,2665.75,-129.56,0
C-43-42645-21,2026-07-27,25.0,44.75,19637.25,18900.43,-736.83,0
C-43-43312-21,2026-07-27,2.0,44.75,2795.31,2665.75,-129.56,0
C-43-42031-21,2026-07-27,3.0,44.75,3227.13,3348.02,120.88,0
C-43-40392-21,2026-07-27,5.5,44.75,4856.54,5027.27,170.73,0
C-43-42437-21,2026-07-27,5.5,44.75,4856.54,5027.27,170.73,0
C-43-39863-21,2026-07-27,8.0,44.75,6114.57,6958.15,843.58,0
C-43-41020-21,2026-07-27,7.0,44.75,5611.74,6187.14,575.4,0
C-4116119269,2026-07-27,15.5,44.75,12418.18,12077.96,-340.22,0
C-43-41241-21,2026-07-27,11.5,44.75,9647.82,9430.02,-217.79,0
C-43-41790-21,2026-07-27,2.0,44.75,2795.31,2665.75,-129.56,0
C-43-42995-21,2026-07-27,4.0,44.75,3790.42,3993.8,203.38,0
C-43-42918-21,2026-07-27,3.5,44.75,3509.26,3670.24,160.98,0
C-43-41343-21,2026-07-27,9.5,44.75,6870.74,7992.5,1121.76,0
C-53-7871575-22,2026-07-27,13.0,44.75,10686.11,10453.4,-232.7,0
C-43-43030-21,2026-07-27,1.5,44.75,2469.05,2320.22,-148.84,0
C-43-41658-21,2026-07-27,5.5,44.75,4856.54,5027.27,170.73,0
C-43-43093-21,2026-07-27,20.5,44.75,15880.42,15762.77,-117.65,0
C-43-41487-21,2026-07-27,8.5,44.75,6366.95,7345.66,978.71,0
C-43-40836-21,2026-07-27,5.0,44.75,4354.66,4640.62,285.95,0
C-43-42287-21,2026-07-27,11.0,44.75,9301.4,9081.02,-220.38,0
C-43-40997-21,2026-07-27,7.0,44.75,5611.74,6187.14,575.4,0
C-43-41619-21,2026-07-27,4.5,44.75,4072.54,4318.94,246.4,0
C-43-43238-21,2026-07-27,7.0,44.75,5611.74,6187.14,575.4,0
C-43-41007-21,2026-07-27,4.5,44.75,4072.54,4318.94,246.4,0
C-43-43399-21,2026-07-27,6.5,44.75,5360.33,5799.31,438.98,0
C-4102505481,2026-07-27,6.0,44.75,5107.95,5413.97,306.02,0
C-43-42318-21,2026-07-27,8.0,44.75,6114.57,6958.15,843.58,0
C-43-43003-21,2026-07-27,4.5,44.75,4072.54,4318.94,246.4,0
C-43-42854-21,2026-07-27,1.5,44.75,2469.05,2320.22,-148.84,0
C-43-39980-21,2026-07-27,5.5,44.75,4856.54,5027.27,170.73,0
C-43-42655-21,2026-07-27,9.5,44.75,6870.74,7992.5,1121.76,0
C-43-41608-21,2026-07-27,6.0,44.75,4856.54,5413.97,557.44,0
C-43-41889-21,2026-07-27,6.5,44.75,5360.33,5799.31,438.98,0
C-43-42947-21,2026-07-27,5.5,44.75,4856.54,5027.27,170.73,0
C-43-43385-21,2026-07-27,4.5,44.75,4072.54,4318.94,246.4,0
C-43-42900-21,2026-07-27,2.0,44.75,2469.05,2665.75,196.7,0
C-43-40384-21,2026-07-27,5.0,44.75,4354.66,4640.62,285.95,0
C-53-7871644-22,2026-07-27,9.0,44.75,6618.36,7678.79,1060.43,0
C-4110463438,2026-07-27,6.5,44.75,5360.33,5799.31,438.98,0
C-43-41996-21,2026-07-27,6.0,44.75,5107.95,5413.97,306.02,0
C-43-41991-21,2026-07-27,5.5,44.75,4856.54,5027.27,170.73,0
C-43-39305-21,2026-07-27,6.0,44.75,5107.95,5413.97,306.02,0
C-43-39462-21,2026-07-27,17.0,44.75,13456.47,13051.69,-404.78,0
C-43-43032-21,2026-07-27,4.0,44.75,3790.42,3993.8,203.38,0
C-43-41865-21,2026-07-27,1.5,44.75,2469.05,2320.22,-148.84,0
C-43-42899-21,2026-07-27,4.5,44.75,4072.54,4318.94,246.4,0
C-43-43124-21,2026-07-27,6.0,44.75,5107.95,5413.97,306.02,0
C-43-42277-21,2026-07-27,11.5,44.75,9647.82,9430.02,-217.79,0
C-43-41008-21,2026-07-27,6.5,44.75,5360.33,5799.31,438.98,0
C-43-41372-21,2026-07-27,2.0,44.75,2469.05,2665.75,196.7,0
C-43-40567-21,2026-07-27,24.5,44.75,19257.25,18522.42,-734.83,0
C-43-41630-21,2026-07-27,9.5,44.75,6870.74,7992.5,1121.76,0
C-43-40720-21,2026-07-27,5.0,44.75,4354.66,4640.62,285.95,0
C-43-39009-21,2026-07-27,16.0,44.75,12763.64,12404.58,-359.06,0
C-43-43172-21,2026-07-27,9.5,44.75,6870.74,7992.5,1121.76,0
C-43-42156-21,2026-07-27,5.5,44.75,4856.54,5027.27,170.73,0
C-43-42717-21,2026-07-27,15.0,44.75,12071.77,11751.47,-320.3,0
C-53-7871610-22,2026-07-27,15.0,44.75,12071.77,11751.47,-320.3,0
C-43-42499-21,2026-07-27,16.5,44.75,13110.06,12727.24,-382.81,0
C-43-40940-21,2026-07-27,3.5,44.75,3509.26,3670.24,160.98,0
C-43-42880-21,2026-07-27,4.5,44.75,4072.54,4318.94,246.4,0
C-43-42904-21,2026-07-27,7.5,44.75,5863.16,6572.35,709.2,0
C-43-42031-21,2026-07-27,3.0,44.75,3227.13,3348.02,120.88,0
C-43-41848-21,2026-07-27,8.5,44.75,6366.95,7345.66,978.71,0
C-53-7871610-22,2026-07-27,15.0,44.75,12071.77,11751.47,-320.3,0
C-43-42868-21,2026-07-27,15.5,44.75,12418.18,12077.96,-340.22,0
C-43-42904-21,2026-07-27,7.5,44.75,5863.16,6572.35,709.2,0
C-43-41020-21,2026-07-27,7.0,44.75,5611.74,6187.14,575.4,0
C-53-7871644-22,2026-07-27,9.0,44.75,6618.36,7678.79,1060.43,0
C-43-41270-21,2026-07-27,5.5,44.75,4856.54,5027.27,170.73,0
C-43-40567-21,2026-07-27,24.5,44.75,19257.25,18522.42,-734.83,0
C-53-7871575-22,2026-07-27,13.0,44.75,10686.11,10453.4,-232.7,0
C-43-42223-21,2026-07-27,5.0,44.75,4354.66,4640.62,285.95,0
C-43-43095-21,2026-07-27,2.0,44.75,2469.05,2665.75,196.7,0
C-43-41790-21,2026-07-27,2.0,44.75,2795.31,2665.75,-129.56,0
C-43-42716-21,2026-07-27,7.0,44.75,5360.33,6187.14,826.81,0
C-43-39009-21,2026-07-27,16.0,44.75,12763.64,12404.58,-359.06,0
C-43-40940-21,2026-07-27,3.5,44.75,3509.26,3670.24,160.98,0
C-43-43342-21,2026-07-27,1.5,44.75,2469.05,2320.22,-148.84,0
C-43-42230-21,2026-07-27,9.0,44.75,6618.36,7678.79,1060.43,0
C-43-42765-21,2026-07-27,9.0,44.75,6618.36,7678.79,1060.43,0
C-43-41515-21,2026-07-27,2.0,44.75,2795.31,2665.75,-129.56,0
C-43-39980-21,2026-07-27,5.5,44.75,4856.54,5027.27,170.73,0
C-43-42717-21,2026-07-27,15.0,44.75,12071.77,11751.47,-320.3,0
C-43-42486-21,2026-07-27,6.0,44.75,4856.54,5413.97,557.44,0
C-43-39735-21,2026-07-27,5.5,44.75,4856.54,5027.27,170.73,0
C-43-40392-21,2026-07-27,5.5,44.75,4856.54,5027.27,170.73,0
C-43-43030-21,2026-07-27,1.5,44.75,2469.05,2320.22,-148.84,0
C-43-42024-21,2026-07-27,12.0,44.75,9647.82,9778.07,130.26,0
C-43-43026-21,2026-07-27,7.0,44.75,5611.74,6187.14,575.4,0
C-43-41520-21,2026-07-27,10.5,44.75,7122.15,8733.5,1611.35,0
C-43-40384-21,2026-07-27,5.0,44.75,4354.66,4640.62,285.95,0
C-43-42287-21,2026-07-27,11.0,44.75,9301.4,9081.02,-220.38,0
C-43-42947-21,2026-07-27,5.5,44.75,4856.54,5027.27,170.73,0
C-53-7871715-22,2026-07-27,3.5,44.75,3509.26,3670.24,160.98,0
C-43-40997-21,2026-07-27,7.0,44.75,5611.74,6187.14,575.4,0
C-43-41241-21,2026-07-27,11.5,44.75,9647.82,9430.02,-217.79,0
C-4116119269,2026-07-27,15.5,44.75,12418.18,12077.96,-340.22,0
C-43-41630-21,2026-07-27,9.5,44.75,6870.74,7992.5,1121.76,0
C-43-42900-21,2026-07-27,2.0,44.75,2469.05,2665.75,196.7,0
C-43-41491-21,2026-07-27,3.0,44.75,3227.13,3348.02,120.88,0
C-43-41658-21,2026-07-27,5.5,44.75,4856.54,5027.27,170.73,0
C-43-42277-21,2026-07-27,11.5,44.75,9647.82,9430.02,-217.79,0
C-43-43161-21,2026-07-27,3.5,44.75,3509.26,3670.24,160.98,0
C-43-41487-21,2026-07-27,8.5,44.75,6366.95,7345.66,978.71,0
C-43-43124-21,2026-07-27,6.0,44.75,5107.95,5413.97,306.02,0
C-43-42645-21,2026-07-27,25.0,44.75,19637.25,18900.43,-736.83,0
C-43-42234-21,2026-07-27,4.0,44.75,3790.42,3993.8,203.38,0
C-4102505481,2026-07-27,6.0,44.75,5107.95,5413.97,306.02,0
C-43-43385-21,2026-07-27,4.5,44.75,4072.54,4318.94,246.4,0
C-43-42918-21,2026-07-27,3.5,44.75,3509.26,3670.24,160.98,0
C-43-41567-21,2026-07-27,7.5,44.75,5863.16,6572.35,709.2,0
C-43-40836-21,2026-07-27,5.0,44.75,4354.66,4640.62,285.95,0
C-43-42961-21,2026-07-27,9.5,44.75,6870.74,7992.5,1121.76,0
C-43-42193-21,2026-07-27,10.5,44.75,8954.99,8733.5,-221.49,0
C-43-41074-21,2026-07-27,7.5,44.75,5863.16,6572.35,709.2,0
C-43-42514-21,2026-07-27,7.0,44.75,5611.74,6187.14,575.4,0
C-43-42854-21,2026-07-27,1.5,44.75,2469.05,2320.22,-148.84,0
C-53-7871472-22,2026-07-27,3.5,44.75,3509.26,3670.24,160.98,0
C-43-41991-21,2026-07-27,5.5,44.75,4856.54,5027.27,170.73,0
C-43-40720-21,2026-07-27,5.0,44.75,4354.66,4640.62,285.95,0
C-43-41823-21,2026-07-27,8.5,44.75,6366.95,7345.66,978.71,0
C-43-42499-21,2026-07-27,16.5,44.75,13110.06,12727.24,-382.81,0
C-43-41608-21,2026-07-27,6.0,44.75,4856.54,5413.97,557.44,0
C-43-40306-21,2026-07-27,8.0,44.75,6114.57,6958.15,843.58,0
C-43-40068-21,2026-07-27,4.5,44.75,4072.54,4318.94,246.4,0
C-43-43238-21,2026-07-27,7.0,44.75,5611.74,6187.14,575.4,0
C-43-41372-21,2026-07-27,2.0,44.75,2469.05,2665.75,196.7,0
C-43-43093-21,2026-07-27,20.5,44.75,15880.42,15762.77,-117.65,0
C-43-40970-21,2026-07-27,12.5,44.75,10339.69,10126.99,-212.7,0
C-43-42880-21,2026-07-27,4.5,44.75,4072.54,4318.94,246.4,0
C-43-42702-21,2026-07-27,4.5,44.75,3790.42,4318.94,528.52,0
C-43-42695-21,2026-07-27,6.5,44.75,5107.95,5799.31,691.36,0
C-43-42995-21,2026-07-27,4.0,44.75,3790.42,3993.8,203.38,0
C-43-41157-21,2026-07-27,2.5,44.75,3121.58,3011.63,-109.95,0
C-43-41865-21,2026-07-27,1.5,44.75,2469.05,2320.22,-148.84,0
C-43-40738-21,2026-07-27,5.0,44.75,4354.66,4640.62,285.95,0
C-43-42161-21,2026-07-27,16.5,44.75,13110.06,12727.24,-382.81,0
C-43-43312-21,2026-07-27,2.0,44.75,2795.31,2665.75,-129.56,0
C-43-42086-21,2026-07-27,7.0,44.75,5611.74,6187.14,575.4,0
C-53-7871662-22,2026-07-27,2.0,44.75,2690.72,2665.75,-24.96,0
C-43-43172-21,2026-07-27,9.5,44.75,6870.74,7992.5,1121.76,0
C-43-42899-21,2026-07-27,4.5,44.75,4072.54,4318.94,246.4,0
C-43-42437-21,2026-07-27,5.5,44.75,4856.54,5027.27,170.73,0
C-43-41087-21,2026-07-27,6.0,44.75,5107.95,5413.97,306.02,0
C-43-39462-21,2026-07-27,17.0,44.75,13456.47,13051.69,-404.78,0
C-43-41889-21,2026-07-27,6.5,44.75,5360.33,5799.31,438.98,0
C-43-41343-21,2026-07-27,9.5,44.75,6870.74,7992.5,1121.76,0
C-43-42156-21,2026-07-27,5.5,44.75,4856.54,5027.27,170.73,0
C-43-43399-21,2026-07-27,6.5,44.75,5360.33,5799.31,438.98,0
C-43-41996-21,2026-07-27,6.0,44.75,5107.95,5413.97,306.02,0
C-43-41619-21,2026-07-27,4.5,44.75,4072.54,4318.94,246.4,0
C-43-39305-21,2026-07-27,6.0,44.75,5107.95,5413.97,306.02,0
C-43-41008-21,2026-07-27,6.5,44.75,5360.33,5799.31,438.98,0
C-43-39863-21,2026-07-27,8.0,44.75,6114.57,6958.15,843.58,0
C-53-7871630-22,2026-07-27,5.0,44.75,4354.66,4640.62,285.95,0
C-43-43032-21,2026-07-27,4.0,44.75,3790.42,3993.8,203.38,0
C-43-42655-21,2026-07-27,9.5,44.75,6870.74,7992.5,1121.76,0
C-53-7871536-22,2026-07-27,2.5,44.75,3121.58,3011.63,-109.95,0
C-43-41007-21,2026-07-27,4.5,44.75,4072.54,4318.94,246.4,0
C-43-41615-21,2026-07-27,3.0,44.75,3227.13,3348.02,120.88,0
C-4110463438,2026-07-27,6.5,44.75,5360.33,5799.31,438.98,0
C-43-42318-21,2026-07-27,8.0,44.75,6114.57,6958.15,843.58,0
C-43-43003-21,2026-07-27,4.5,44.75,4072.54,4318.94,246.4,0
C-43-42968-21,2026-07-27,6.5,44.75,5360.33,5799.31,438.98,0
C-43-42199-21,2026-07-27,6.0,44.75,5107.95,5413.97,306.02,0
C-43-42019-21,2026-07-27,4.5,44.75,4072.54,4318.94,246.4,0
C-43-42864-21,2026-07-27,13.5,44.75,11032.52,10776.39,-256.13,0
C-43-41205-21,2026-07-25,9.0,40.5,6380.38,7453.34,1072.96,0
C-43-40223-21,2026-07-25,3.5,40.5,3382.59,3562.48,179.89,0
C-43-41044-21,2026-07-25,5.5,40.5,4681.89,4879.66,197.78,0
C-43-39882-21,2026-07-25,15.0,40.5,11638.03,11406.43,-231.59,0
C-43-40527-21,2026-07-25,3.5,40.5,3111.02,3562.48,451.46,0
C-43-42831-21,2026-07-25,7.5,40.5,5410.22,6379.38,969.16,0
C-43-43260-21,2026-07-25,7.0,40.5,5410.22,6005.48,595.25,0
C-43-43099-21,2026-07-25,2.5,40.5,3009.31,2923.21,-86.1,0
C-43-43331-21,2026-07-25,9.5,40.5,6623.16,7757.83,1134.67,0
C-43-41453-21,2026-07-25,12.5,40.5,9968.32,9829.66,-138.67,0
C-43-42742-21,2026-07-25,7.0,40.5,5410.22,6005.48,595.25,0
C-43-41459-21,2026-07-25,6.0,40.5,4924.67,5255.01,330.35,0
C-43-42321-21,2026-07-25,21.0,40.5,15996.53,15410.21,-586.32,0
C-43-43183-21,2026-07-25,5.5,40.5,4681.89,4879.66,197.78,0
C-43-41777-21,2026-07-25,2.5,40.5,3009.31,2923.21,-86.1,0
C-43-40591-21,2026-07-25,8.0,40.5,5894.82,6753.85,859.03,0
C-43-41825-21,2026-07-25,9.0,40.5,6380.38,7453.34,1072.96,0
C-43-42452-21,2026-07-25,4.0,40.5,3655.12,3876.53,221.42,0
C-43-42029-21,2026-07-25,3.5,40.5,3382.59,3562.48,179.89,0
C-43-41524-21,2026-07-25,3.5,40.5,3382.59,3562.48,179.89,0
C-43-41370-21,2026-07-25,17.5,40.5,13306.77,12987.49,-319.28,0
C-43-42921-21,2026-07-25,8.0,40.5,5653.0,6753.85,1100.85,0
C-43-42890-21,2026-07-25,9.0,40.5,6380.38,7453.34,1072.96,0
C-43-41966-21,2026-07-25,2.0,40.5,2694.56,2587.48,-107.07,0
C-43-42727-21,2026-07-25,4.5,40.5,3926.68,4192.13,265.45,0
C-43-40249-21,2026-07-25,2.0,40.5,2694.56,2587.48,-107.07,0
C-43-41918-21,2026-07-25,10.0,40.5,6865.94,8054.21,1188.27,0
C-43-42602-21,2026-07-25,26.0,40.5,23327.88,19079.31,-4248.56,0
C-43-41859-21,2026-07-25,18.5,40.5,13974.65,13616.07,-358.59,0
C-43-40328-21,2026-07-25,17.5,40.5,13306.77,12987.49,-319.28,0
C-43-42565-21,2026-07-25,2.0,40.5,2694.56,2587.48,-107.07,0
C-43-41350-21,2026-07-25,10.5,40.5,8633.52,8477.07,-156.45,0
C-43-41205-21,2026-07-25,9.0,40.5,6380.38,7453.34,1072.96,0
C-43-42476-21,2026-07-25,6.0,40.5,4924.67,5255.01,330.35,0
C-43-40871-21,2026-07-25,7.0,40.5,5410.22,6005.48,595.25,0
C-43-41569-21,2026-07-25,10.5,40.5,8633.52,8477.07,-156.45,0
C-43-41429-21,2026-07-25,6.0,40.5,4924.67,5255.01,330.35,0
C-43-40223-21,2026-07-25,3.5,40.5,3382.59,3562.48,179.89,0
C-43-41684-21,2026-07-25,5.0,40.5,4198.25,4504.37,306.12,0
C-43-42291-21,2026-07-25,14.5,40.5,11304.09,11089.84,-214.25,0
C-43-41933-21,2026-07-25,4.0,40.5,3655.12,3876.53,221.42,0
C-43-42111-21,2026-07-25,4.5,40.5,3926.68,4192.13,265.45,0
C-53-7871589-22,2026-07-25,11.5,40.5,9301.4,9153.15,-148.25,0
C-43-41528-21,2026-07-25,5.5,40.5,4681.89,4879.66,197.78,0
C-43-43052-21,2026-07-25,10.5,40.5,8633.52,8477.07,-156.45,0
C-43-41919-21,2026-07-25,5.0,40.5,4198.25,4504.37,306.12,0
C-43-41575-21,2026-07-25,6.0,40.5,4924.67,5255.01,330.35,0
C-43-42584-21,2026-07-25,9.0,40.5,6380.38,7453.34,1072.96,0
C-43-41544-21,2026-07-25,13.0,40.5,10302.27,10146.48,-155.78,0
C-4112061107,2026-07-25,17.5,40.5,13306.77,12987.49,-319.28,0
C-43-42791-21,2026-07-25,6.5,40.5,4924.67,5629.03,704.37,0
C-53-7871443-22,2026-07-25,3.0,40.5,3111.02,3249.72,138.69,0
C-43-43088-21,2026-07-25,2.0,40.5,2694.56,2587.48,-107.07,0
C-4117000499,2026-07-25,11.0,40.5,8967.46,8814.39,-153.07,0
C-43-41044-21,2026-07-25,5.5,40.5,4681.89,4879.66,197.78,0
C-43-40365-21,2026-07-25,7.5,40.5,5653.0,6379.38,726.38,0
C-43-42538-21,2026-07-25,6.0,40.5,4924.67,5255.01,330.35,0
C-43-43137-21,2026-07-25,4.0,40.5,3655.12,3876.53,221.42,0
C-43-42724-21,2026-07-25,7.0,40.5,5410.22,6005.48,595.25,0
C-43-41712-21,2026-07-25,29.5,40.5,25895.77,21647.68,-4248.08,0
C-43-42497-21,2026-07-25,6.0,40.5,4924.67,5255.01,330.35,0
C-43-41784-21,2026-07-25,5.5,40.5,4198.25,4879.66,681.41,0
C-43-40527-21,2026-07-25,3.5,40.5,3111.02,3562.48,451.46,0
C-43-41554-21,2026-07-25,7.5,40.5,5653.0,6379.38,726.38,0
C-43-41238-21,2026-07-25,2.0,40.5,2380.77,2587.48,206.72,0
C-43-41954-21,2026-07-25,10.0,40.5,6865.94,8054.21,1188.27,0
C-53-7871553-22,2026-07-25,5.5,40.5,4681.89,4879.66,197.78,0
C-43-42196-21,2026-07-25,18.0,40.5,13640.71,13300.19,-340.53,0
C-43-41800-21,2026-07-25,3.0,40.5,3111.02,3249.72,138.69,0
C-4105147051,2026-07-25,5.5,40.5,4681.89,4879.66,197.78,0
C-43-41447-21,2026-07-25,8.5,40.5,6137.6,7129.98,992.38,0
C-43-41592-21,2026-07-25,6.5,40.5,5167.45,5629.03,461.59,0
C-43-41730-21,2026-07-25,4.0,40.5,3655.12,3876.53,221.42,0
C-43-42841-21,2026-07-25,2.0,40.5,2694.56,2587.48,-107.07,0
C-43-41490-21,2026-07-25,3.5,40.5,3382.59,3562.48,179.89,0
C-43-40678-21,2026-07-25,1.5,40.5,2380.77,2252.09,-128.68,0
C-43-43036-21,2026-07-25,7.0,40.5,5167.45,6005.48,838.03,0
C-43-39882-21,2026-07-25,15.0,40.5,11638.03,11406.43,-231.59,0
C-43-43121-21,2026-07-25,13.5,40.5,10636.21,10459.99,-176.22,0
C-43-40614-21,2026-07-25,6.5,40.5,5167.45,5629.03,461.59,0
C-4114459160,2026-07-25,9.0,40.5,6380.38,7453.34,1072.96,0
C-43-42914-21,2026-07-25,3.0,40.5,3111.02,3249.72,138.69,0
C-43-41267-21,2026-07-25,26.0,40.5,23327.88,19079.31,-4248.56,0
C-43-43088-21,2026-07-25,2.0,40.5,2694.56,2587.48,-107.07,0
C-43-40223-21,2026-07-25,3.5,40.5,3382.59,3562.48,179.89,0
C-43-41825-21,2026-07-25,9.0,40.5,6380.38,7453.34,1072.96,0
C-43-41684-21,2026-07-25,5.0,40.5,4198.25,4504.37,306.12,0
C-43-43036-21,2026-07-25,7.0,40.5,5167.45,6005.48,838.03,0
C-43-41205-21,2026-07-25,9.0,40.5,6380.38,7453.34,1072.96,0
C-43-43331-21,2026-07-25,9.5,40.5,6623.16,7757.83,1134.67,0
C-43-41238-21,2026-07-25,2.0,40.5,2380.77,2587.48,206.72,0
C-43-42565-21,2026-07-25,2.0,40.5,2694.56,2587.48,-107.07,0
C-43-40249-21,2026-07-25,2.0,40.5,2694.56,2587.48,-107.07,0
C-43-42321-21,2026-07-25,21.0,40.5,15996.53,15410.21,-586.32,0
C-43-42029-21,2026-07-25,3.5,40.5,3382.59,3562.48,179.89,0
C-43-41777-21,2026-07-25,2.5,40.5,3009.31,2923.21,-86.1,0
C-43-41918-21,2026-07-25,10.0,40.5,6865.94,8054.21,1188.27,0
C-43-42831-21,2026-07-25,7.5,40.5,5410.22,6379.38,969.16,0
C-43-42584-21,2026-07-25,9.0,40.5,6380.38,7453.34,1072.96,0
C-43-41730-21,2026-07-25,4.0,40.5,3655.12,3876.53,221.42,0
C-4111700327,2026-07-25,2.0,40.5,2858.65,2587.48,-271.16,0
C-43-43183-21,2026-07-25,5.5,40.5,4681.89,4879.66,197.78,0
C-43-42724-21,2026-07-25,7.0,40.5,5410.22,6005.48,595.25,0
C-43-41800-21,2026-07-25,3.0,40.5,3111.02,3249.72,138.69,0
C-4112061107,2026-07-25,17.5,40.5,13306.77,12987.49,-319.28,0
C-43-42291-21,2026-07-25,14.5,40.5,11304.09,11089.84,-214.25,0
C-43-43099-21,2026-07-25,2.5,40.5,3009.31,2923.21,-86.1,0
C-43-41350-21,2026-07-25,10.5,40.5,8633.52,8477.07,-156.45,0
C-53-7871553-22,2026-07-25,5.5,40.5,4681.89,4879.66,197.78,0
C-43-42196-21,2026-07-25,18.0,40.5,13640.71,13300.19,-340.53,0
C-43-41592-21,2026-07-25,6.5,40.5,5167.45,5629.03,461.59,0
C-43-41267-21,2026-07-25,26.0,40.5,23327.88,19079.31,-4248.56,0
C-4105147051,2026-07-25,5.5,40.5,4681.89,4879.66,197.78,0
C-43-40591-21,2026-07-25,8.0,40.5,5894.82,6753.85,859.03,0
C-43-42742-21,2026-07-25,7.0,40.5,5410.22,6005.48,595.25,0
C-43-41490-21,2026-07-25,3.5,40.5,3382.59,3562.48,179.89,0
C-43-40614-21,2026-07-25,6.5,40.5,5167.45,5629.03,461.59,0
C-4117000499,2026-07-25,11.0,40.5,8967.46,8814.39,-153.07,0
C-43-43260-21,2026-07-25,7.0,40.5,5410.22,6005.48,595.25,0
C-43-42538-21,2026-07-25,6.0,40.5,4924.67,5255.01,330.35,0
C-43-41554-21,2026-07-25,7.5,40.5,5653.0,6379.38,726.38,0
C-53-7871443-22,2026-07-25,3.0,40.5,3111.02,3249.72,138.69,0
C-43-42914-21,2026-07-25,3.0,40.5,3111.02,3249.72,138.69,0
C-43-41447-21,2026-07-25,8.5,40.5,6137.6,7129.98,992.38,0
C-53-7871589-22,2026-07-25,11.5,40.5,9301.4,9153.15,-148.25,0
C-43-41524-21,2026-07-25,3.5,40.5,3382.59,3562.48,179.89,0
C-43-42921-21,2026-07-25,8.0,40.5,5653.0,6753.85,1100.85,0
C-43-41429-21,2026-07-25,6.0,40.5,4924.67,5255.01,330.35,0
C-43-40328-21,2026-07-25,17.5,40.5,13306.77,12987.49,-319.28,0
C-43-42476-21,2026-07-25,6.0,40.5,4924.67,5255.01,330.35,0
C-43-41954-21,2026-07-25,10.0,40.5,6865.94,8054.21,1188.27,0
C-43-41859-21,2026-07-25,18.5,40.5,13974.65,13616.07,-358.59,0
C-43-42791-21,2026-07-25,6.5,40.5,4924.67,5629.03,704.37,0
C-43-41575-21,2026-07-25,6.0,40.5,4924.67,5255.01,330.35,0
C-43-41569-21,2026-07-25,10.5,40.5,8633.52,8477.07,-156.45,0
C-43-41784-21,2026-07-25,5.5,40.5,4198.25,4879.66,681.41,0
C-43-42111-21,2026-07-25,4.5,40.5,3926.68,4192.13,265.45,0
C-43-40678-21,2026-07-25,1.5,40.5,2380.77,2252.09,-128.68,0
C-43-41919-21,2026-07-25,5.0,40.5,4198.25,4504.37,306.12,0
C-43-43052-21,2026-07-25,10.5,40.5,8633.52,8477.07,-156.45,0
C-43-39882-21,2026-07-25,15.0,40.5,11638.03,11406.43,-231.59,0
C-43-41544-21,2026-07-25,13.0,40.5,10302.27,10146.48,-155.78,0
C-43-42497-21,2026-07-25,6.0,40.5,4924.67,5255.01,330.35,0
C-43-43137-21,2026-07-25,4.0,40.5,3655.12,3876.53,221.42,0
C-43-41459-21,2026-07-25,6.0,40.5,4924.67,5255.01,330.35,0
C-43-41044-21,2026-07-25,5.5,40.5,4681.89,4879.66,197.78,0
C-43-41933-21,2026-07-25,4.0,40.5,3655.12,3876.53,221.42,0
C-43-41528-21,2026-07-25,5.5,40.5,4681.89,4879.66,197.78,0
C-43-40365-21,2026-07-25,7.5,40.5,5653.0,6379.38,726.38,0
C-43-41453-21,2026-07-25,12.5,40.5,9968.32,9829.66,-138.67,0
C-43-43121-21,2026-07-25,13.5,40.5,10636.21,10459.99,-176.22,0
C-43-42452-21,2026-07-25,4.0,40.5,3655.12,3876.53,221.42,0
C-43-40871-21,2026-07-25,7.0,40.5,5410.22,6005.48,595.25,0
C-43-41712-21,2026-07-25,29.5,40.5,25895.77,21647.68,-4248.08,0
C-43-41966-21,2026-07-25,2.0,40.5,2694.56,2587.48,-107.07,0
C-43-42602-21,2026-07-25,26.0,40.5,23327.88,19079.31,-4248.56,0
C-43-42841-21,2026-07-25,2.0,40.5,2694.56,2587.48,-107.07,0
C-43-42727-21,2026-07-25,4.5,40.5,3926.68,4192.13,265.45,0
C-43-41370-21,2026-07-25,17.5,40.5,13306.77,12987.49,-319.28,0
C-43-42890-21,2026-07-25,9.0,40.5,6380.38,7453.34,1072.96,0
C-43-40527-21,2026-07-25,3.5,40.5,3111.02,3562.48,451.46,0
C-4111700327,2026-07-25,2.0,40.5,2858.65,2587.48,-271.16,0
C-43-41684-21,2026-07-25,5.0,40.5,4198.25,4504.37,306.12,0
C-43-42029-21,2026-07-25,3.5,40.5,3382.59,3562.48,179.89,0
C-43-40614-21,2026-07-25,6.5,40.5,5167.45,5629.03,461.59,0
C-43-40223-21,2026-07-25,3.5,40.5,3382.59,3562.48,179.89,0
C-43-41575-21,2026-07-25,6.0,40.5,4924.67,5255.01,330.35,0
C-43-42841-21,2026-07-25,2.0,40.5,2694.56,2587.48,-107.07,0
C-43-41044-21,2026-07-25,5.5,40.5,4681.89,4879.66,197.78,0
C-43-41569-21,2026-07-25,10.5,40.5,8633.52,8477.07,-156.45,0
C-43-41350-21,2026-07-25,10.5,40.5,8633.52,8477.07,-156.45,0
C-43-42584-21,2026-07-25,9.0,40.5,6380.38,7453.34,1072.96,0
C-53-7871589-22,2026-07-25,11.5,40.5,9301.4,9153.15,-148.25,0
C-43-43088-21,2026-07-25,2.0,40.5,2694.56,2587.48,-107.07,0
C-43-43137-21,2026-07-25,4.0,40.5,3655.12,3876.53,221.42,0
C-43-41825-21,2026-07-25,9.0,40.5,6380.38,7453.34,1072.96,0
C-4117000499,2026-07-25,11.0,40.5,8967.46,8814.39,-153.07,0
C-43-41267-21,2026-07-25,26.0,40.5,23327.88,19079.31,-4248.56,0
C-43-41528-21,2026-07-25,5.5,40.5,4681.89,4879.66,197.78,0
C-43-42291-21,2026-07-25,14.5,40.5,11304.09,11089.84,-214.25,0
C-53-7871443-22,2026-07-25,3.0,40.5,3111.02,3249.72,138.69,0
C-43-42497-21,2026-07-25,6.0,40.5,4924.67,5255.01,330.35,0
C-43-41592-21,2026-07-25,6.5,40.5,5167.45,5629.03,461.59,0
C-43-42742-21,2026-07-25,7.0,40.5,5410.22,6005.48,595.25,0
C-43-42452-21,2026-07-25,4.0,40.5,3655.12,3876.53,221.42,0
C-43-42602-21,2026-07-25,26.0,40.5,23327.88,19079.31,-4248.56,0
C-43-40328-21,2026-07-25,17.5,40.5,13306.77,12987.49,-319.28,0
C-43-43121-21,2026-07-25,13.5,40.5,10636.21,10459.99,-176.22,0
C-43-42831-21,2026-07-25,7.5,40.5,5410.22,6379.38,969.16,0
C-43-43331-21,2026-07-25,9.5,40.5,6623.16,7757.83,1134.67,0
C-43-42724-21,2026-07-25,7.0,40.5,5410.22,6005.48,595.25,0
C-53-7871553-22,2026-07-25,5.5,40.5,4681.89,4879.66,197.78,0
C-43-42890-21,2026-07-25,9.0,40.5,6380.38,7453.34,1072.96,0
C-43-42111-21,2026-07-25,4.5,40.5,3926.68,4192.13,265.45,0
C-43-41429-21,2026-07-25,6.0,40.5,4924.67,5255.01,330.35,0
C-43-41933-21,2026-07-25,4.0,40.5,3655.12,3876.53,221.42,0
C-43-43099-21,2026-07-25,2.5,40.5,3009.31,2923.21,-86.1,0
C-43-41524-21,2026-07-25,3.5,40.5,3382.59,3562.48,179.89,0
C-4112061107,2026-07-25,17.5,40.5,13306.77,12987.49,-319.28,0
C-43-42321-21,2026-07-25,21.0,40.5,15996.53,15410.21,-586.32,0
C-43-41554-21,2026-07-25,7.5,40.5,5653.0,6379.38,726.38,0
C-43-41777-21,2026-07-25,2.5,40.5,3009.31,2923.21,-86.1,0
C-43-41784-21,2026-07-25,5.5,40.5,4198.25,4879.66,681.41,0
C-43-42196-21,2026-07-25,18.0,40.5,13640.71,13300.19,-340.53,0
C-4114459160,2026-07-25,9.0,40.5,6380.38,7453.34,1072.96,0
C-43-41238-21,2026-07-25,2.0,40.5,2380.77,2587.48,206.72,0
C-43-43183-21,2026-07-25,5.5,40.5,4681.89,4879.66,197.78,0
C-43-43052-21,2026-07-25,10.5,40.5,8633.52,8477.07,-156.45,0
C-43-40591-21,2026-07-25,8.0,40.5,5894.82,6753.85,859.03,0
C-43-39882-21,2026-07-25,15.0,40.5,11638.03,11406.43,-231.59,0
C-43-41370-21,2026-07-25,17.5,40.5,13306.77,12987.49,-319.28,0
C-43-43036-21,2026-07-25,7.0,40.5,5167.45,6005.48,838.03,0
C-43-41490-21,2026-07-25,3.5,40.5,3382.59,3562.48,179.89,0
C-43-41544-21,2026-07-25,13.0,40.5,10302.27,10146.48,-155.78,0
C-43-41918-21,2026-07-25,10.0,40.5,6865.94,8054.21,1188.27,0
C-43-41453-21,2026-07-25,12.5,40.5,9968.32,9829.66,-138.67,0
C-43-41712-21,2026-07-25,29.5,40.5,25895.77,21647.68,-4248.08,0
C-43-41730-21,2026-07-25,4.0,40.5,3655.12,3876.53,221.42,0
C-43-40249-21,2026-07-25,2.0,40.5,2694.56,2587.48,-107.07,0
C-43-42791-21,2026-07-25,6.5,40.5,4924.67,5629.03,704.37,0
C-43-42565-21,2026-07-25,2.0,40.5,2694.56,2587.48,-107.07,0
C-43-40871-21,2026-07-25,7.0,40.5,5410.22,6005.48,595.25,0
C-43-40678-21,2026-07-25,1.5,40.5,2380.77,2252.09,-128.68,0
C-43-42538-21,2026-07-25,6.0,40.5,4924.67,5255.01,330.35,0
C-43-41205-21,2026-07-25,9.0,40.5,6380.38,7453.34,1072.96,0
C-43-41459-21,2026-07-25,6.0,40.5,4924.67,5255.01,330.35,0
C-43-41919-21,2026-07-25,5.0,40.5,4198.25,4504.37,306.12,0
C-43-42727-21,2026-07-25,4.5,40.5,3926.68,4192.13,265.45,0
C-43-41859-21,2026-07-25,18.5,40.5,13974.65,13616.07,-358.59,0
C-43-42476-21,2026-07-25,6.0,40.5,4924.67,5255.01,330.35,0
C-43-43260-21,2026-07-25,7.0,40.5,5410.22,6005.48,595.25,0
C-43-41800-21,2026-07-25,3.0,40.5,3111.02,3249.72,138.69,0
C-43-41954-21,2026-07-25,10.0,40.5,6865.94,8054.21,1188.27,0
C-43-40365-21,2026-07-25,7.5,40.5,5653.0,6379.38,726.38,0
C-43-40527-21,2026-07-25,3.5,40.5,3111.02,3562.48,451.46,0
C-43-41447-21,2026-07-25,8.5,40.5,6137.6,7129.98,992.38,0
C-43-42914-21,2026-07-25,3.0,40.5,3111.02,3249.72,138.69,0
C-43-42921-21,2026-07-25,8.0,40.5,5653.0,6753.85,1100.85,0
C-43-41966-21,2026-07-25,2.0,40.5,2694.56,2587.48,-107.07,0
C-4105147051,2026-07-25,5.5,40.5,4681.89,4879.66,197.78,0
C-4105147051,2026-07-25,5.5,40.5,4681.89,4879.66,197.78,0
C-53-7871443-22,2026-07-25,3.0,40.5,3111.02,3249.72,138.69,0
C-43-42497-21,2026-07-25,6.0,40.5,4924.67,5255.01,330.35,0
C-53-7871443-22,2026-07-25,3.0,40.5,3111.02,3249.72,138.69,0
C-43-42921-21,2026-07-25,8.0,40.5,5653.0,6753.85,1100.85,0
C-43-42584-21,2026-07-25,9.0,40.5,6380.38,7453.34,1072.96,0
C-43-42497-21,2026-07-25,6.0,40.5,4924.67,5255.01,330.35,0
C-43-39610-21,2026-07-24,4.5,40.5,3919.97,4192.13,272.17,0
C-43-37925-21,2026-07-24,6.0,40.5,4916.03,5255.01,338.98,0
C-53-7871446-22,2026-07-24,15.0,40.5,11617.88,11406.43,-211.44,0
C-53-7871493-22,2026-07-24,2.5,40.5,3004.51,2923.21,-81.3,0
C-53-7871411-22,2026-07-24,10.0,40.5,6854.42,8054.21,1199.79,0
C-43-39964-21,2026-07-24,7.0,40.5,5400.63,6005.48,604.85,0
C-43-42943-21,2026-07-24,4.5,40.5,3919.97,4192.13,272.17,0
C-43-41810-21,2026-07-24,6.0,40.5,4916.03,5255.01,338.98,0
C-43-43164-21,2026-07-24,4.5,40.5,3919.97,4192.13,272.17,0
C-53-7871632-22,2026-07-24,4.0,40.5,3648.4,3876.53,228.14,0
C-43-40542-21,2026-07-24,4.5,40.5,3648.4,4192.13,543.73,0
C-43-41662-21,2026-07-24,1.5,40.5,2376.93,2252.09,-124.84,0
C-43-42763-21,2026-07-24,5.0,40.5,4191.53,4504.37,312.83,0
C-43-42726-21,2026-07-24,6.0,40.5,4674.21,5255.01,580.8,0
C-43-40904-21,2026-07-24,5.5,40.5,4674.21,4879.66,205.45,0
C-43-42986-21,2026-07-24,5.0,40.5,4191.53,4504.37,312.83,0
C-43-42528-21,2026-07-24,11.0,40.5,8952.11,8814.39,-137.72,0
C-43-43237-21,2026-07-24,5.5,40.5,4674.21,4879.66,205.45,0
C-43-42822-21,2026-07-24,3.5,40.5,3376.83,3562.48,185.65,0
C-43-40371-21,2026-07-24,5.0,40.5,4191.53,4504.37,312.83,0
C-43-42802-21,2026-07-24,4.5,40.5,3919.97,4192.13,272.17,0
C-43-41722-21,2026-07-24,13.0,40.5,10284.99,10146.48,-138.51,0
C-43-42979-21,2026-07-24,4.0,40.5,3648.4,3876.53,228.14,0
C-53-7871631-22,2026-07-24,7.0,40.5,5400.63,6005.48,604.85,0
C-43-41006-21,2026-07-24,7.5,40.5,5643.41,6379.38,735.98,0
C-43-41695-21,2026-07-24,4.0,40.5,3648.4,3876.53,228.14,0
C-43-42834-21,2026-07-24,3.0,40.5,3106.23,3249.72,143.49,0
C-43-42958-21,2026-07-24,8.0,40.5,5885.23,6753.85,868.63,0
C-43-42983-21,2026-07-24,21.0,40.5,15969.66,15410.21,-559.45,0
C-43-42837-21,2026-07-24,4.5,40.5,3919.97,4192.13,272.17,0
C-43-42858-21,2026-07-24,1.5,40.5,2376.93,2252.09,-124.84,0
C-43-42630-21,2026-07-24,9.5,40.5,6611.64,7757.83,1146.18,0
C-43-42734-21,2026-07-24,6.0,40.5,4916.03,5255.01,338.98,0
C-43-40281-21,2026-07-24,11.5,40.5,9285.09,9153.15,-131.94,0
C-53-7871579-22,2026-07-24,8.0,40.5,5885.23,6753.85,868.63,0
C-53-7871503-22,2026-07-24,2.0,40.5,2690.72,2587.48,-103.23,0
C-43-43106-21,2026-07-24,23.5,40.5,17800.58,17244.76,-555.82,0
C-43-42206-21,2026-07-24,2.5,40.5,3004.51,2923.21,-81.3,0
C-43-42852-21,2026-07-24,3.0,40.5,3106.23,3249.72,143.49,0
C-43-41988-21,2026-07-24,4.5,40.5,3919.97,4192.13,272.17,0
C-43-41282-21,2026-07-24,9.0,40.5,6369.82,7453.34,1083.51,0
C-43-43222-21,2026-07-24,5.5,40.5,4674.21,4879.66,205.45,0
C-43-41448-21,2026-07-24,8.5,40.5,6128.01,7129.98,1001.98,0
C-43-42429-21,2026-07-24,16.0,40.5,12284.8,12040.37,-244.43,0
C-43-42903-21,2026-07-24,9.5,40.5,6611.64,7757.83,1146.18,0
C-43-42579-21,2026-07-24,11.0,40.5,8619.13,8814.39,195.26,0
C-43-41506-21,2026-07-24,12.0,40.5,9618.07,9490.98,-127.09,0
C-43-42471-21,2026-07-24,6.0,40.5,4674.21,5255.01,580.8,0
C-43-40921-21,2026-07-24,2.5,40.5,3004.51,2923.21,-81.3,0
C-43-42753-21,2026-07-24,2.0,40.5,2690.72,2587.48,-103.23,0
C-53-7871498-22,2026-07-24,13.5,40.5,10617.97,10459.99,-157.98,0
C-4110419452,2026-07-24,13.0,40.5,10284.99,10146.48,-138.51,0
C-43-42964-21,2026-07-24,7.5,40.5,5643.41,6379.38,735.98,0
C-43-41303-21,2026-07-24,4.5,40.5,3919.97,4192.13,272.17,0
C-43-40917-21,2026-07-24,5.5,40.5,4674.21,4879.66,205.45,0
C-43-42891-21,2026-07-24,3.5,40.5,3376.83,3562.48,185.65,0
C-43-42820-21,2026-07-24,9.0,40.5,6369.82,7453.34,1083.51,0
C-43-41603-21,2026-07-24,5.0,40.5,4191.53,4504.37,312.83,0
C-43-40129-21,2026-07-24,4.0,40.5,3648.4,3876.53,228.14,0
C-43-41498-21,2026-07-24,1.5,40.5,2376.93,2252.09,-124.84,0
C-43-42626-21,2026-07-24,6.0,40.5,4916.03,5255.01,338.98,0
C-43-42813-21,2026-07-24,24.0,40.5,18167.15,17611.67,-555.47,0
C-43-42557-21,2026-07-24,6.0,40.5,4674.21,5255.01,580.8,0
C-43-42850-21,2026-07-24,13.0,40.5,10284.99,10146.48,-138.51,0
C-43-40585-21,2026-07-24,5.0,40.5,4191.53,4504.37,312.83,0
C-43-42818-21,2026-07-24,8.0,40.5,5885.23,6753.85,868.63,0
C-43-40546-21,2026-07-24,5.5,40.5,4674.21,4879.66,205.45,0
C-43-42115-21,2026-07-24,11.5,40.5,9285.09,9153.15,-131.94,0
C-43-40011-21,2026-07-24,13.0,40.5,10284.99,10146.48,-138.51,0
C-43-42489-21,2026-07-24,9.5,40.5,6611.64,7757.83,1146.18,0
C-43-42635-21,2026-07-24,5.0,40.5,4191.53,4504.37,312.83,0
C-43-42978-21,2026-07-24,6.0,40.5,4916.03,5255.01,338.98,0
C-43-41537-21,2026-07-24,18.5,40.5,13950.66,13616.07,-334.6,0
C-43-41086-21,2026-07-24,6.5,40.5,4916.03,5629.03,713.0,0
C-43-43222-21,2026-07-24,5.5,40.5,4680.93,4879.66,198.74,0
C-43-42852-21,2026-07-24,3.0,40.5,3110.06,3249.72,139.65,0
C-43-42852-21,2026-07-24,3.0,40.5,3106.23,3249.72,143.49,0
C-43-42852-21,2026-07-24,3.0,40.5,3110.06,3249.72,139.65,0
C-43-42852-21,2026-07-23,3.0,40.5,3110.06,3249.72,139.65,0
C-43-40498-21,2026-07-23,13.0,40.5,10299.39,10146.48,-152.91,0
C-43-41857-21,2026-07-23,20.5,40.5,15304.66,15299.96,-4.7,0
C-43-42685-21,2026-07-23,1.5,40.5,2289.61,2252.09,-37.51,0
C-43-42260-21,2026-07-23,4.0,40.5,3653.2,3876.53,223.34,0
C-4111470112,2026-07-23,7.0,40.5,5408.31,6005.48,597.17,0
C-43-42478-21,2026-07-23,8.5,40.5,6135.68,7129.98,994.3,0
C-43-42441-21,2026-07-23,6.0,40.5,4923.71,5255.01,331.3,0
C-53-7871605-22,2026-07-23,2.0,40.5,2694.56,2587.48,-107.07,0
C-43-41844-21,2026-07-23,5.0,40.5,4197.29,4504.37,307.07,0
C-43-42830-21,2026-07-23,11.0,40.5,8964.58,8814.39,-150.19,0
C-4107379670,2026-07-23,11.0,40.5,8964.58,8814.39,-150.19,0
C-43-41715-21,2026-07-23,7.0,40.5,5408.31,6005.48,597.17,0
C-43-42256-21,2026-07-23,2.0,40.5,2592.84,2587.48,-5.35,0
C-43-42786-21,2026-07-23,7.0,40.5,5408.31,6005.48,597.17,0
C-53-7871668-22,2026-07-23,2.0,40.5,2694.56,2587.48,-107.07,0
C-43-41112-21,2026-07-23,2.5,40.5,2897.03,2923.21,26.18,0
C-4094058792,2026-07-23,4.5,40.5,3924.76,4192.13,267.37,0
C-43-41231-21,2026-07-23,5.5,40.5,4680.93,4879.66,198.74,0
C-43-42219-21,2026-07-23,3.5,40.5,3381.63,3562.48,180.85,0
C-43-41381-21,2026-07-23,9.5,40.5,6621.24,7757.83,1136.59,0
C-43-42692-21,2026-07-23,3.5,40.5,3381.63,3562.48,180.85,0
C-43-42732-21,2026-07-23,4.5,40.5,3924.76,4192.13,267.37,0
C-43-39496-21,2026-07-23,9.0,40.5,6378.46,7453.34,1074.88,0
C-53-7871611-22,2026-07-23,8.5,40.5,6135.68,7129.98,994.3,0
C-43-43130-21,2026-07-23,1.5,40.5,2289.61,2252.09,-37.51,0
C-43-43163-21,2026-07-23,3.5,40.5,3381.63,3562.48,180.85,0
C-43-43015-21,2026-07-23,1.5,40.5,2289.61,2252.09,-37.51,0
C-43-42625-21,2026-07-23,1.5,40.5,2379.81,2252.09,-127.72,0
C-43-41681-21,2026-07-23,5.0,40.5,4197.29,4504.37,307.07,0
C-43-42762-21,2026-07-23,2.0,40.5,2592.84,2587.48,-5.35,0
C-53-7871534-22,2026-07-23,5.0,40.5,4197.29,4504.37,307.07,0
C-43-40469-21,2026-07-23,2.0,40.5,2694.56,2587.48,-107.07,0
C-43-42946-21,2026-07-23,7.0,40.5,5408.31,6005.48,597.17,0
C-43-41635-21,2026-07-23,4.0,40.5,3653.2,3876.53,223.34,0
C-43-42873-21,2026-07-23,3.5,40.5,3381.63,3562.48,180.85,0
C-43-40835-21,2026-07-23,5.0,40.5,4197.29,4504.37,307.07,0
C-43-42797-21,2026-07-23,8.0,40.5,5892.9,6753.85,860.95,0
C-43-42672-21,2026-07-23,6.0,40.5,4923.71,5255.01,331.3,0
C-53-7871548-22,2026-07-23,2.0,40.5,2694.56,2587.48,-107.07,0
C-43-42896-21,2026-07-23,6.5,40.5,5165.53,5629.03,463.51,0
C-53-7871561-22,2026-07-23,3.5,40.5,3381.63,3562.48,180.85,0
C-43-42567-21,2026-07-23,2.0,40.5,2694.56,2587.48,-107.07,0
C-53-7871637-22,2026-07-23,11.0,40.5,8630.64,8814.39,183.75,0
C-43-42165-21,2026-07-23,9.5,40.5,6621.24,7757.83,1136.59,0
C-43-41842-21,2026-07-23,10.0,40.5,6864.02,8054.21,1190.19,0
C-4115909925,2026-07-23,6.5,40.5,5165.53,5629.03,463.51,0
C-43-40442-21,2026-07-23,5.0,40.5,4197.29,4504.37,307.07,0
C-43-42329-21,2026-07-23,1.5,40.5,2289.61,2252.09,-37.51,0
C-43-43065-21,2026-07-23,4.5,40.5,3924.76,4192.13,267.37,0
C-43-42878-21,2026-07-23,6.0,40.5,4923.71,5255.01,331.3,0
C-53-7871576-22,2026-07-23,2.5,40.5,3008.35,2923.21,-85.14,0
C-43-40125-21,2026-07-23,16.5,40.5,12635.05,12353.56,-281.49,0
C-4106100461,2026-07-23,7.0,40.5,5408.31,6005.48,597.17,0
C-43-42847-21,2026-07-23,7.0,40.5,5408.31,6005.48,597.17,0
C-53-7871663-22,2026-07-23,6.5,40.5,5165.53,5629.03,463.51,0
C-4113336562,2026-07-23,4.0,40.5,3653.2,3876.53,223.34,0
C-43-43005-21,2026-07-23,4.5,40.5,3924.76,4192.13,267.37,0
C-43-42698-21,2026-07-23,2.0,40.5,2592.84,2587.48,-5.35,0
C-53-7871615-22,2026-07-23,1.5,40.5,2379.81,2252.09,-127.72,0
C-4114554499,2026-07-23,4.0,40.5,3653.2,3876.53,223.34,0
C-43-41444-21,2026-07-23,4.5,40.5,3924.76,4192.13,267.37,0
C-4102943361,2026-07-23,11.0,40.5,8964.58,8814.39,-150.19,0
C-43-42134-21,2026-07-23,11.0,40.5,8964.58,8814.39,-150.19,0
C-43-42866-21,2026-07-23,8.0,40.5,5892.9,6753.85,860.95,0
C-43-42641-21,2026-07-23,8.5,40.5,6135.68,7129.98,994.3,0
C-43-41864-21,2026-07-23,3.0,40.5,3110.06,3249.72,139.65,0
C-53-7871587-22,2026-07-23,4.5,40.5,3924.76,4192.13,267.37,0
C-53-7871519-22,2026-07-23,3.0,40.5,3110.06,3249.72,139.65,0
C-53-7871734-22,2026-07-23,2.0,40.5,2694.56,2587.48,-107.07,0
C-43-42562-21,2026-07-23,11.0,40.5,8630.64,8814.39,183.75,0
C-43-42123-21,2026-07-23,3.5,40.5,3381.63,3562.48,180.85,0
C-43-42988-21,2026-07-23,3.5,40.5,3381.63,3562.48,180.85,0
C-43-42445-21,2026-07-23,1.0,40.5,2066.02,1916.25,-149.77,0
C-43-43340-21,2026-07-23,0.5,40.5,1759.91,1581.14,-178.77,0
C-43-42709-21,2026-07-23,5.0,40.5,4197.29,4504.37,307.07,0
C-43-42935-21,2026-07-23,5.5,40.5,4680.93,4879.66,198.74,0
C-43-42129-21,2026-07-23,4.0,40.5,3653.2,3876.53,223.34,0
C-43-41737-21,2026-07-23,2.0,40.5,2694.56,2587.48,-107.07,0
C-53-7871584-22,2026-07-23,7.0,40.5,5408.31,6005.48,597.17,0
C-53-7871574-22,2026-07-23,2.0,40.5,2694.56,2587.48,-107.07,0
C-43-42745-21,2026-07-23,6.0,40.5,4923.71,5255.01,331.3,0
C-43-42938-21,2026-07-23,1.5,40.5,2289.61,2252.09,-37.51,0
C-43-41108-21,2026-07-23,7.5,40.5,5651.08,6379.38,728.3,0
C-43-41913-21,2026-07-23,8.5,40.5,6135.68,7129.98,994.3,0
C-43-41300-21,2026-07-23,5.0,40.5,4197.29,4504.37,307.07,0
C-43-42650-21,2026-07-23,6.0,40.5,4923.71,5255.01,331.3,0
C-53-7871524-22,2026-07-23,10.0,40.5,6864.02,8054.21,1190.19,0
C-4110433594,2026-07-23,7.0,40.5,5165.53,6005.48,839.95,0
C-43-42845-21,2026-07-23,4.5,40.5,3924.76,4192.13,267.37,0
C-53-7871614-22,2026-07-23,5.0,40.5,4197.29,4504.37,307.07,0
C-43-39185-21,2026-07-23,8.0,40.5,5892.9,6753.85,860.95,0
C-43-42612-21,2026-07-23,5.5,40.5,4680.93,4879.66,198.74,0
C-43-42910-21,2026-07-23,5.5,40.5,4680.93,4879.66,198.74,0
C-4108891101,2026-07-23,5.5,40.5,4680.93,4879.66,198.74,0
C-43-40004-21,2026-07-23,4.5,40.5,3924.76,4192.13,267.37,0
C-43-41042-21,2026-07-23,3.0,40.5,3110.06,3249.72,139.65,0
C-43-42712-21,2026-07-23,2.5,40.5,3008.35,2923.21,-85.14,0
C-43-43010-21,2026-07-23,6.0,40.5,4923.71,5255.01,331.3,0
C-43-41936-21,2026-07-23,31.5,40.5,27354.36,23115.32,-4239.04,0
C-43-41091-21,2026-07-23,4.5,40.5,3924.76,4192.13,267.37,0
C-43-41091-21,2026-07-23,4.5,40.5,3924.76,4192.13,267.37,0
C-53-7871519-22,2026-07-23,3.0,40.5,3110.06,3249.72,139.65,0
C-53-7871614-22,2026-07-23,5.0,40.5,4197.29,4504.37,307.07,0
C-4106100461,2026-07-23,7.0,40.5,9300.44,6005.48,-3294.97,0
C-4106100461,2026-07-23,7.0,40.5,9300.44,6005.48,-3294.97,0
C-4104050934,2026-07-23,4.0,40.5,4513.96,3876.53,-637.42,0
C-43-41330-21,2026-07-22,4.0,40.5,3394.11,3876.53,482.43,0
C-43-42940-21,2026-07-22,4.0,40.5,3667.59,3876.53,208.94,0
C-43-42738-21,2026-07-22,1.5,40.5,2388.44,2252.09,-136.35,0
C-43-42694-21,2026-07-22,11.0,40.5,8998.17,8814.39,-183.78,0
C-43-42002-21,2026-07-22,6.0,40.5,4698.2,5255.01,556.81,0
C-43-41204-21,2026-07-22,17.0,40.5,13016.97,12668.48,-348.5,0
C-43-42050-21,2026-07-22,13.5,40.5,10672.67,10459.99,-212.68,0
C-43-42315-21,2026-07-22,11.0,40.5,8998.17,8814.39,-183.78,0
C-43-42432-21,2026-07-22,2.5,40.5,2907.59,2923.21,15.62,0
C-43-42748-21,2026-07-22,5.0,40.5,4212.64,4504.37,291.72,0
C-43-42197-21,2026-07-22,6.0,40.5,4941.94,5255.01,313.07,0
C-43-42533-21,2026-07-22,2.5,40.5,2907.59,2923.21,15.62,0
C-43-43157-21,2026-07-22,3.5,40.5,3394.11,3562.48,168.37,0
C-43-42297-21,2026-07-22,6.0,40.5,4941.94,5255.01,313.07,0
C-43-42613-21,2026-07-22,5.5,40.5,4698.2,4879.66,181.46,0
C-43-42535-21,2026-07-22,9.0,40.5,6158.71,7453.34,1294.63,0
C-43-41356-21,2026-07-22,7.0,40.5,5428.46,6005.48,577.02,0
C-43-42284-21,2026-07-22,12.0,40.5,9667.97,9490.98,-176.99,0
C-43-38988-21,2026-07-22,7.0,40.5,5428.46,6005.48,577.02,0
C-43-42587-21,2026-07-22,15.0,40.5,11677.37,11406.43,-270.94,0
C-43-41230-21,2026-07-22,3.5,40.5,3394.11,3562.48,168.37,0
C-43-42718-21,2026-07-22,11.0,40.5,8998.17,8814.39,-183.78,0
C-43-41804-21,2026-07-22,9.5,40.5,6646.19,7757.83,1111.64,0
C-43-42423-21,2026-07-22,4.5,40.5,3940.12,4192.13,252.02,0
C-43-41162-21,2026-07-22,2.0,40.5,2603.39,2587.48,-15.91,0
C-43-42525-21,2026-07-22,4.5,40.5,3940.12,4192.13,252.02,0
C-43-43016-21,2026-07-22,6.0,40.5,4941.94,5255.01,313.07,0
C-43-39856-21,2026-07-22,8.5,40.5,6158.71,7129.98,971.27,0
C-43-42316-21,2026-07-22,2.5,40.5,2603.39,2923.21,319.81,0
C-43-41744-21,2026-07-22,15.5,40.5,12012.27,11723.34,-288.93,0
C-43-42814-21,2026-07-22,6.5,40.5,5184.72,5629.03,444.32,0
C-43-42621-21,2026-07-22,3.5,40.5,3394.11,3562.48,168.37,0
C-43-41875-21,2026-07-22,10.0,40.5,6888.97,8054.21,1165.24,0
C-43-42784-21,2026-07-22,5.0,40.5,4212.64,4504.37,291.72,0
C-43-42860-21,2026-07-22,4.0,40.5,3667.59,3876.53,208.94,0
C-43-42397-21,2026-07-22,5.5,40.5,4698.2,4879.66,181.46,0
C-43-41548-21,2026-07-22,3.0,40.5,3122.54,3249.72,127.18,0
C-43-41835-21,2026-07-22,3.5,40.5,3122.54,3562.48,439.94,0
C-43-41773-21,2026-07-22,5.0,40.5,4212.64,4504.37,291.72,0
C-43-41359-21,2026-07-22,5.0,40.5,4212.64,4504.37,291.72,0
C-43-41197-21,2026-07-22,13.5,40.5,10672.67,10459.99,-212.68,0
C-43-39245-21,2026-07-22,4.5,40.5,3940.12,4192.13,252.02,0
C-43-42107-21,2026-07-22,9.0,40.5,6402.45,7453.34,1050.89,0
C-43-40060-21,2026-07-22,6.0,40.5,4941.94,5255.01,313.07,0
C-43-42689-21,2026-07-22,9.0,40.5,6402.45,7453.34,1050.89,0
C-43-42390-21,2026-07-22,7.5,40.5,5672.2,6379.38,707.19,0
C-43-42146-21,2026-07-22,6.5,40.5,5184.72,5629.03,444.32,0
C-43-39614-21,2026-07-22,2.0,40.5,2603.39,2587.48,-15.91,0
C-43-42178-21,2026-07-22,9.5,40.5,6646.19,7757.83,1111.64,0
C-43-42907-21,2026-07-22,5.0,40.5,4212.64,4504.37,291.72,0
C-43-42673-21,2026-07-22,3.5,40.5,3394.11,3562.48,168.37,0
C-43-39871-21,2026-07-22,5.0,40.5,4212.64,4504.37,291.72,0
C-43-42236-21,2026-07-22,6.0,40.5,4941.94,5255.01,313.07,0
C-43-42261-21,2026-07-22,9.0,40.5,6402.45,7453.34,1050.89,0
C-43-41792-21,2026-07-22,4.5,40.5,3940.12,4192.13,252.02,0
C-43-42785-21,2026-07-22,5.0,40.5,4212.64,4504.37,291.72,0
C-43-41732-21,2026-07-22,8.0,40.5,5914.97,6753.85,838.88,0
C-43-41815-21,2026-07-22,5.0,40.5,4212.64,4504.37,291.72,0
C-43-41922-21,2026-07-22,14.0,40.5,11007.57,10776.1,-231.47,0
C-43-42714-21,2026-07-22,12.0,40.5,9667.97,9490.98,-176.99,0
C-43-41248-21,2026-07-22,6.5,40.5,5184.72,5629.03,444.32,0
C-43-42823-21,2026-07-22,21.5,40.5,16052.19,15777.12,-275.07,0
C-43-40540-21,2026-07-22,9.5,40.5,6646.19,7757.83,1111.64,0
C-43-42530-21,2026-07-22,3.5,40.5,3394.11,3562.48,168.37,0
C-43-42525-21,2026-07-21,4.5,40.5,3940.12,4192.13,252.02,0
C-43-42297-21,2026-07-21,6.0,40.5,4941.94,5255.01,313.07,0
C-43-41773-21,2026-07-21,5.0,40.5,4212.64,4504.37,291.72,0
C-43-41804-21,2026-07-21,9.5,40.5,6646.19,7757.83,1111.64,0
C-43-42390-21,2026-07-21,7.5,40.5,5672.2,6379.38,707.19,0
C-43-42397-21,2026-07-21,5.5,40.5,4698.2,4879.66,181.46,0
C-4105932769,2026-07-21,12.5,40.5,10002.87,9829.66,-173.21,0
C-43-41548-21,2026-07-21,3.0,40.5,3122.54,3249.72,127.18,0
C-43-42714-21,2026-07-21,12.0,40.5,9667.97,9490.98,-176.99,0
C-43-42823-21,2026-07-21,21.5,40.5,16052.19,15777.12,-275.07,0
C-43-42860-21,2026-07-21,4.0,40.5,3667.59,3876.53,208.94,0
C-43-39871-21,2026-07-21,5.0,40.5,4212.64,4504.37,291.72,0
C-43-43157-21,2026-07-21,3.5,40.5,3394.11,3562.48,168.37,0
C-43-42814-21,2026-07-21,6.5,40.5,5184.72,5629.03,444.32,0
C-43-39245-21,2026-07-21,4.5,40.5,3940.12,4192.13,252.02,0
C-43-42784-21,2026-07-21,5.0,40.5,4212.64,4504.37,291.72,0
C-43-41248-21,2026-07-21,6.5,40.5,5184.72,5629.03,444.32,0
C-43-41875-21,2026-07-21,10.0,40.5,6888.97,8054.21,1165.24,0
C-43-42587-21,2026-07-21,15.0,40.5,11677.37,11406.43,-270.94,0
C-43-42432-21,2026-07-21,2.5,40.5,2907.59,2923.21,15.62,0
C-43-39856-21,2026-07-21,8.5,40.5,6158.71,7129.98,971.27,0
C-43-42940-21,2026-07-21,4.0,40.5,3667.59,3876.53,208.94,0
C-43-42107-21,2026-07-21,9.0,40.5,6402.45,7453.34,1050.89,0
C-43-41356-21,2026-07-21,7.0,40.5,5428.46,6005.48,577.02,0
C-43-41815-21,2026-07-21,5.0,40.5,4212.64,4504.37,291.72,0
C-43-42316-21,2026-07-21,2.5,40.5,2603.39,2923.21,319.81,0
C-43-41922-21,2026-07-21,14.0,40.5,11007.57,10776.1,-231.47,0
C-4104050934,2026-07-21,4.0,40.5,6896.65,3876.53,-3020.11,0
C-43-42621-21,2026-07-21,3.5,40.5,3394.11,3562.48,168.37,0
C-43-41732-21,2026-07-21,8.0,40.5,5914.97,6753.85,838.88,0
C-43-41744-21,2026-07-21,15.5,40.5,12012.27,11723.34,-288.93,0
C-4104618768,2026-07-21,1.0,40.5,2073.7,1916.25,-157.45,0
C-43-42718-21,2026-07-21,11.0,40.5,8998.17,8814.39,-183.78,0
C-43-41330-21,2026-07-21,4.0,40.5,3394.11,3876.53,482.43,0
C-43-42694-21,2026-07-21,11.0,40.5,8998.17,8814.39,-183.78,0
C-43-42689-21,2026-07-21,9.0,40.5,6402.45,7453.34,1050.89,0
C-43-41197-21,2026-07-21,13.5,40.5,10672.67,10459.99,-212.68,0
C-43-41162-21,2026-07-21,2.0,40.5,2603.39,2587.48,-15.91,0
C-43-42535-21,2026-07-21,9.0,40.5,6158.71,7453.34,1294.63,0
C-43-42907-21,2026-07-21,5.0,40.5,4212.64,4504.37,291.72,0
C-43-42284-21,2026-07-21,12.0,40.5,9667.97,9490.98,-176.99,0
C-43-42613-21,2026-07-21,5.5,40.5,4698.2,4879.66,181.46,0
C-43-41230-21,2026-07-21,3.5,40.5,3394.11,3562.48,168.37,0
C-43-41204-21,2026-07-21,17.0,40.5,13016.97,12668.48,-348.5,0
C-43-42748-21,2026-07-21,5.0,40.5,4212.64,4504.37,291.72,0
C-43-42673-21,2026-07-21,3.5,40.5,3394.11,3562.48,168.37,0
C-43-42050-21,2026-07-21,13.5,40.5,10672.67,10459.99,-212.68,0
C-43-43016-21,2026-07-21,6.0,40.5,4941.94,5255.01,313.07,0
C-43-42178-21,2026-07-21,9.5,40.5,6646.19,7757.83,1111.64,0
C-43-42002-21,2026-07-21,6.0,40.5,4698.2,5255.01,556.81,0
C-43-42738-21,2026-07-21,1.5,40.5,2388.44,2252.09,-136.35,0
C-43-42533-21,2026-07-21,2.5,40.5,2907.59,2923.21,15.62,0
C-43-41792-21,2026-07-21,4.5,40.5,3940.12,4192.13,252.02,0
C-43-42423-21,2026-07-21,4.5,40.5,3940.12,4192.13,252.02,0
C-43-42261-21,2026-07-21,9.0,40.5,6402.45,7453.34,1050.89,0
C-43-42146-21,2026-07-21,6.5,40.5,5184.72,5629.03,444.32,0
C-43-41359-21,2026-07-21,5.0,40.5,4212.64,4504.37,291.72,0
C-43-42236-21,2026-07-21,6.0,40.5,4941.94,5255.01,313.07,0
C-43-42785-21,2026-07-21,5.0,40.5,4212.64,4504.37,291.72,0
C-4102191791,2026-07-21,13.5,40.5,10672.67,10459.99,-212.68,0
C-43-40540-21,2026-07-21,9.5,40.5,6646.19,7757.83,1111.64,0
C-43-42197-21,2026-07-21,6.0,40.5,4941.94,5255.01,313.07,0
C-43-42530-21,2026-07-21,3.5,40.5,3394.11,3562.48,168.37,0
C-43-38988-21,2026-07-21,7.0,40.5,5428.46,6005.48,577.02,0
C-43-39614-21,2026-07-21,2.0,40.5,2603.39,2587.48,-15.91,0
C-43-40060-21,2026-07-21,6.0,40.5,4941.94,5255.01,313.07,0
C-43-42315-21,2026-07-21,11.0,40.5,8998.17,8814.39,-183.78,0
C-4103408295,2026-07-21,10.5,40.5,8663.27,8477.07,-186.19,0
C-43-41835-21,2026-07-21,3.5,40.5,3122.54,3562.48,439.94,0
C-43-42397-21,2026-07-21,5.5,40.5,4698.2,4879.66,181.46,0
C-43-41835-21,2026-07-21,3.5,40.5,3122.54,3562.48,439.94,0
C-43-41359-21,2026-07-21,5.0,40.5,4212.64,4504.37,291.72,0
C-43-39871-21,2026-07-21,5.0,40.5,4212.64,4504.37,291.72,0
C-43-40060-21,2026-07-21,6.0,40.5,4941.94,5255.01,313.07,0
C-43-38988-21,2026-07-21,7.0,40.5,5428.46,6005.48,577.02,0
C-43-41922-21,2026-07-21,14.0,40.5,11007.57,10776.1,-231.47,0
C-43-42146-21,2026-07-21,6.5,40.5,5184.72,5629.03,444.32,0
C-43-42823-21,2026-07-21,21.5,40.5,16052.19,15777.12,-275.07,0
C-43-41330-21,2026-07-21,4.0,40.5,3394.11,3876.53,482.43,0
C-43-39614-21,2026-07-21,2.0,40.5,2603.39,2587.48,-15.91,0
C-43-41197-21,2026-07-21,13.5,40.5,10672.67,10459.99,-212.68,0
C-4103408295,2026-07-21,10.5,40.5,8663.27,8477.07,-186.19,0
C-43-39856-21,2026-07-21,8.5,40.5,6158.71,7129.98,971.27,0
C-43-41204-21,2026-07-21,17.0,40.5,13016.97,12668.48,-348.5,0
C-4104050934,2026-07-21,4.0,40.5,6896.65,3876.53,-3020.11,0
C-43-42673-21,2026-07-21,3.5,40.5,3394.11,3562.48,168.37,0
C-43-41804-21,2026-07-21,9.5,40.5,6646.19,7757.83,1111.64,0
C-43-41815-21,2026-07-21,5.0,40.5,4212.64,4504.37,291.72,0
C-43-42814-21,2026-07-21,6.5,40.5,5184.72,5629.03,444.32,0
C-43-42587-21,2026-07-21,15.0,40.5,11677.37,11406.43,-270.94,0
C-43-42907-21,2026-07-21,5.0,40.5,4212.64,4504.37,291.72,0
C-43-42197-21,2026-07-21,6.0,40.5,4941.94,5255.01,313.07,0
C-4104618768,2026-07-21,1.0,40.5,2073.7,1916.25,-157.45,0
C-43-41792-21,2026-07-21,4.5,40.5,3940.12,4192.13,252.02,0
C-43-43157-21,2026-07-21,3.5,40.5,3394.11,3562.48,168.37,0
C-43-42748-21,2026-07-21,5.0,40.5,4212.64,4504.37,291.72,0
C-43-43016-21,2026-07-21,6.0,40.5,4941.94,5255.01,313.07,0
C-43-41744-21,2026-07-21,15.5,40.5,12012.27,11723.34,-288.93,0
C-4105932769,2026-07-21,12.5,40.5,10002.87,9829.66,-173.21,0
C-43-41230-21,2026-07-21,3.5,40.5,3394.11,3562.48,168.37,0
C-43-42718-21,2026-07-21,11.0,40.5,8998.17,8814.39,-183.78,0
C-43-41162-21,2026-07-21,2.0,40.5,2603.39,2587.48,-15.91,0
C-43-42689-21,2026-07-21,9.0,40.5,6402.45,7453.34,1050.89,0
C-43-42525-21,2026-07-21,4.5,40.5,3940.12,4192.13,252.02,0
C-43-42178-21,2026-07-21,9.5,40.5,6646.19,7757.83,1111.64,0
C-43-42316-21,2026-07-21,2.5,40.5,2603.39,2923.21,319.81,0
C-43-42533-21,2026-07-21,2.5,40.5,2907.59,2923.21,15.62,0
C-43-41356-21,2026-07-21,7.0,40.5,5428.46,6005.48,577.02,0
C-43-41248-21,2026-07-21,6.5,40.5,5184.72,5629.03,444.32,0
C-43-39245-21,2026-07-21,4.5,40.5,3940.12,4192.13,252.02,0
C-43-42738-21,2026-07-21,1.5,40.5,2388.44,2252.09,-136.35,0
C-43-41548-21,2026-07-21,3.0,40.5,3122.54,3249.72,127.18,0
C-43-42785-21,2026-07-21,5.0,40.5,4212.64,4504.37,291.72,0
C-43-42236-21,2026-07-21,6.0,40.5,4941.94,5255.01,313.07,0
C-43-42714-21,2026-07-21,12.0,40.5,9667.97,9490.98,-176.99,0
C-43-42530-21,2026-07-21,3.5,40.5,3394.11,3562.48,168.37,0
C-43-42940-21,2026-07-21,4.0,40.5,3667.59,3876.53,208.94,0
C-43-42621-21,2026-07-21,3.5,40.5,3394.11,3562.48,168.37,0
C-43-41773-21,2026-07-21,5.0,40.5,4212.64,4504.37,291.72,0
C-43-42535-21,2026-07-21,9.0,40.5,6158.71,7453.34,1294.63,0
C-43-42613-21,2026-07-21,5.5,40.5,4698.2,4879.66,181.46,0
C-43-42315-21,2026-07-21,11.0,40.5,8998.17,8814.39,-183.78,0
C-43-42784-21,2026-07-21,5.0,40.5,4212.64,4504.37,291.72,0
C-43-40540-21,2026-07-21,9.5,40.5,6646.19,7757.83,1111.64,0
C-43-42261-21,2026-07-21,9.0,40.5,6402.45,7453.34,1050.89,0
C-43-42297-21,2026-07-21,6.0,40.5,4941.94,5255.01,313.07,0
C-43-41732-21,2026-07-21,8.0,40.5,5914.97,6753.85,838.88,0
C-43-42432-21,2026-07-21,2.5,40.5,2907.59,2923.21,15.62,0
C-43-42423-21,2026-07-21,4.5,40.5,3940.12,4192.13,252.02,0
C-43-42002-21,2026-07-21,6.0,40.5,4698.2,5255.01,556.81,0
C-43-42050-21,2026-07-21,13.5,40.5,10672.67,10459.99,-212.68,0
C-43-42860-21,2026-07-21,4.0,40.5,3667.59,3876.53,208.94,0
C-43-42694-21,2026-07-21,11.0,40.5,8998.17,8814.39,-183.78,0
C-43-42107-21,2026-07-21,9.0,40.5,6402.45,7453.34,1050.89,0
C-43-42284-21,2026-07-21,12.0,40.5,9667.97,9490.98,-176.99,0
C-43-41875-21,2026-07-21,10.0,40.5,6888.97,8054.21,1165.24,0
C-43-42390-21,2026-07-21,7.5,40.5,5672.2,6379.38,707.19,0
C-4102191791,2026-07-21,13.5,40.5,10672.67,10459.99,-212.68,0
C-4104050934,2026-07-21,4.0,40.5,6896.65,3876.53,-3020.11,0
C-4088515682,2026-07-21,2.5,40.5,3476.63,2923.21,-553.42,0
C-43-41983-21,2026-07-18,4.0,39.25,3633.05,3842.05,209.0,0
C-43-42521-21,2026-07-18,2.5,39.25,2991.07,2897.2,-93.87,0
C-53-7871541-22,2026-07-18,8.5,39.25,6101.14,7066.55,965.41,0
C-43-42806-21,2026-07-18,4.5,39.25,3633.05,4154.84,521.79,0
C-43-40200-21,2026-07-18,6.5,39.25,5135.78,5578.95,443.18,0
C-43-41590-21,2026-07-18,15.0,39.25,11567.02,11304.95,-262.06,0
C-43-41171-21,2026-07-18,3.5,39.25,3362.44,3530.78,168.35,0
C-43-41552-21,2026-07-18,7.5,39.25,5618.46,6322.63,704.17,0
C-43-42678-21,2026-07-18,16.5,39.25,12562.12,12243.65,-318.47,0
C-43-42150-21,2026-07-18,9.5,39.25,6582.86,7688.81,1105.95,0
C-43-41391-21,2026-07-18,15.0,39.25,11567.02,11304.95,-262.06,0
C-43-41013-21,2026-07-18,7.5,39.25,5618.46,6322.63,704.17,0
C-43-39349-21,2026-07-18,5.5,39.25,4172.34,4836.25,663.91,0
C-43-39262-21,2026-07-18,4.5,39.25,3902.69,4154.84,252.14,0
C-43-42599-21,2026-07-18,5.0,39.25,4172.34,4464.29,291.95,0
C-43-42614-21,2026-07-18,5.0,39.25,4172.34,4464.29,291.95,0
C-43-42755-21,2026-07-18,1.5,39.25,2277.13,2232.05,-45.08,0
C-43-42332-21,2026-07-18,5.0,39.25,4172.34,4464.29,291.95,0
C-43-39889-21,2026-07-18,13.5,39.25,10571.91,10366.93,-204.98,0
C-43-42420-21,2026-07-18,1.5,39.25,2366.37,2232.05,-134.32,0
C-43-41654-21,2026-07-18,4.5,39.25,3902.69,4154.84,252.14,0
C-4103604353,2026-07-18,3.5,39.25,3362.44,3530.78,168.35,0
C-43-42001-21,2026-07-18,5.0,39.25,4172.34,4464.29,291.95,0
C-43-42605-21,2026-07-18,5.5,39.25,2366.37,4836.25,2469.88,0
C-43-41192-21,2026-07-18,5.5,39.25,4654.06,4836.25,182.19,0
C-43-42391-21,2026-07-18,6.5,39.25,5135.78,5578.95,443.18,0
C-43-41846-21,2026-07-18,3.0,39.25,3092.79,3220.8,128.01,0
C-43-41783-21,2026-07-18,4.5,39.25,3902.69,4154.84,252.14,0
C-43-42459-21,2026-07-18,9.5,39.25,6582.86,7688.81,1105.95,0
C-43-42280-21,2026-07-18,12.5,39.25,9907.87,9742.2,-165.67,0
C-43-40456-21,2026-07-18,25.5,39.25,22822.17,18545.92,-4276.24,0
C-43-41984-21,2026-07-18,6.5,39.25,5135.78,5578.95,443.18,0
C-43-42725-21,2026-07-18,3.5,39.25,3092.79,3530.78,437.99,0
C-53-7871442-22,2026-07-18,13.0,39.25,10239.89,10056.21,-183.68,0
C-43-42371-21,2026-07-18,6.5,39.25,5135.78,5578.95,443.18,0
C-43-40104-21,2026-07-18,5.0,39.25,3902.69,4464.29,561.6,0
C-43-42833-21,2026-07-18,6.5,39.25,5135.78,5578.95,443.18,0
C-43-42607-21,2026-07-18,5.5,39.25,4654.06,4836.25,182.19,0
C-43-40398-21,2026-07-18,4.0,39.25,3633.05,3842.05,209.0,0
C-43-41834-21,2026-07-18,7.5,39.25,5618.46,6322.63,704.17,0
C-43-40602-21,2026-07-18,18.0,39.25,13557.23,13181.86,-375.37,0
C-43-41736-21,2026-07-18,1.0,39.25,2053.54,1899.2,-154.34,0
C-43-41978-21,2026-07-18,12.5,39.25,9907.87,9742.2,-165.67,0
C-53-7871585-22,2026-07-18,2.0,39.25,2678.24,2564.46,-113.78,0
C-43-42011-21,2026-07-18,21.5,39.25,16264.26,15636.76,-627.5,0
C-43-42593-21,2026-07-18,2.0,39.25,2678.24,2564.46,-113.78,0
C-43-38892-21,2026-07-18,7.5,39.25,5618.46,6322.63,704.17,0
C-43-41711-21,2026-07-18,14.5,39.25,11235.0,10991.18,-243.82,0
C-53-7871572-22,2026-07-18,2.0,39.25,2678.24,2564.46,-113.78,0
C-43-40273-21,2026-07-18,13.0,39.25,10239.89,10056.21,-183.68,0
C-43-42809-21,2026-07-18,4.0,39.25,3633.05,3842.05,209.0,0
C-43-42163-21,2026-07-18,10.5,39.25,8580.74,8401.66,-179.09,0
C-43-39763-21,2026-07-18,6.0,39.25,4894.92,5208.26,313.34,0
C-43-40085-21,2026-07-18,4.5,39.25,3902.69,4154.84,252.14,0
C-43-38765-21,2026-07-18,6.0,39.25,4894.92,5208.26,313.34,0
C-43-40790-21,2026-07-18,3.5,39.25,3362.44,3530.78,168.35,0
C-43-42664-21,2026-07-18,7.0,39.25,5377.6,5952.05,574.45,0
C-43-39516-21,2026-07-18,2.5,39.25,2991.07,2897.2,-93.87,0
C-43-40703-21,2026-07-18,2.5,39.25,2991.07,2897.2,-93.87,0
C-43-41067-21,2026-07-18,7.0,39.25,5377.6,5952.05,574.45,0
C-43-42160-21,2026-07-18,5.5,39.25,4172.34,4836.25,663.91,0
C-43-41692-21,2026-07-18,6.0,39.25,4894.92,5208.26,313.34,0
C-43-41306-21,2026-07-18,15.0,39.25,11567.02,11304.95,-262.06,0
C-43-41837-21,2026-07-18,4.0,39.25,3633.05,3842.05,209.0,0
C-43-41237-21,2026-07-18,2.0,39.25,2678.24,2564.46,-113.78,0
C-43-42439-21,2026-07-17,6.0,39.25,4891.08,5208.26,317.18,0
C-43-41772-21,2026-07-17,5.5,39.25,4650.22,4836.25,186.03,0
C-43-40670-21,2026-07-17,10.0,39.25,6818.92,7982.55,1163.64,0
C-43-42628-21,2026-07-17,10.0,39.25,6818.92,7982.55,1163.64,0
C-43-40404-21,2026-07-16,8.0,39.25,5855.48,6693.77,838.29,0
C-43-40583-21,2026-07-16,2.5,39.25,2989.15,2897.2,-91.95,0
C-43-40486-21,2026-07-16,4.0,39.25,3630.17,3842.05,211.88,0
C-43-39431-21,2026-07-16,7.5,39.25,5886.19,6322.63,436.44,0
C-43-39685-21,2026-07-15,4.0,39.25,2242.59,3842.05,1599.46,0
